Minute,Requests,Required_CPU,Allocated_CPU,Replicas,Status,Worker_Distribution
1,740,7.4,8.0,8,Scaled LOCAL: 2_c1 + Scaled LOCAL: 1_c1 + Scaled LOCAL: 1_c1 + Scaled LOCAL: 1_c1 + Scaled LOCAL: 1_c1 + Scaled VICINITY: 4_c2 + Scaled VICINITY: 4_c2,2_c1(local) | 2_c1(local) | 1_c1(local) | 1_c1(local) | 1_c1(local) | 1_c1(local) | 4_c2(vicinity) | 4_c2(vicinity)
2,624,6.24,7.0,7,Scaled DOWN: vicinity,4_c2(vicinity) | 2_c1(local) | 2_c1(local) | 1_c1(local) | 1_c1(local) | 1_c1(local) | 1_c1(local)
3,859,8.59,9.0,9,Scaled VICINITY: 4_c2 + Scaled VICINITY: 3_c2,4_c2(vicinity) | 2_c1(local) | 2_c1(local) | 1_c1(local) | 1_c1(local) | 1_c1(local) | 1_c1(local) | 4_c2(vicinity) | 3_c2(vicinity)
4,1010,10.1,11.0,11,Scaled VICINITY: 3_c2 + Scaled VICINITY: 3_c2,4_c2(vicinity) | 2_c1(local) | 2_c1(local) | 1_c1(local) | 1_c1(local) | 1_c1(local) | 1_c1(local) | 4_c2(vicinity) | 3_c2(vicinity) | 3_c2(vicinity) | 3_c2(vicinity)
5,1034,10.34,11.0,11,Stable,4_c2(vicinity) | 2_c1(local) | 2_c1(local) | 1_c1(local) | 1_c1(local) | 1_c1(local) | 1_c1(local) | 4_c2(vicinity) | 3_c2(vicinity) | 3_c2(vicinity) | 3_c2(vicinity)
6,1056,10.56,11.0,11,Stable,4_c2(vicinity) | 2_c1(local) | 2_c1(local) | 1_c1(local) | 1_c1(local) | 1_c1(local) | 1_c1(local) | 4_c2(vicinity) | 3_c2(vicinity) | 3_c2(vicinity) | 3_c2(vicinity)
7,786,7.86,10.0,10,Scaled DOWN: vicinity,4_c2(vicinity) | 3_c2(vicinity) | 3_c2(vicinity) | 3_c2(vicinity) | 2_c1(local) | 2_c1(local) | 1_c1(local) | 1_c1(local) | 1_c1(local) | 1_c1(local)
8,708,7.08,10.0,10,Stable,4_c2(vicinity) | 3_c2(vicinity) | 3_c2(vicinity) | 3_c2(vicinity) | 2_c1(local) | 2_c1(local) | 1_c1(local) | 1_c1(local) | 1_c1(local) | 1_c1(local)
9,637,6.37,10.0,10,Stable,4_c2(vicinity) | 3_c2(vicinity) | 3_c2(vicinity) | 3_c2(vicinity) | 2_c1(local) | 2_c1(local) | 1_c1(local) | 1_c1(local) | 1_c1(local) | 1_c1(local)
10,917,9.17,10.0,10,Stable,4_c2(vicinity) | 3_c2(vicinity) | 3_c2(vicinity) | 3_c2(vicinity) | 2_c1(local) | 2_c1(local) | 1_c1(local) | 1_c1(local) | 1_c1(local) | 1_c1(local)
11,1003,10.03,11.0,11,Scaled VICINITY: 4_c2,4_c2(vicinity) | 3_c2(vicinity) | 3_c2(vicinity) | 3_c2(vicinity) | 2_c1(local) | 2_c1(local) | 1_c1(local) | 1_c1(local) | 1_c1(local) | 1_c1(local) | 4_c2(vicinity)
12,1005,10.05,11.0,11,Stable,4_c2(vicinity) | 3_c2(vicinity) | 3_c2(vicinity) | 3_c2(vicinity) | 2_c1(local) | 2_c1(local) | 1_c1(local) | 1_c1(local) | 1_c1(local) | 1_c1(local) | 4_c2(vicinity)
13,1129,11.29,12.0,12,Scaled VICINITY: 3_c2,4_c2(vicinity) | 3_c2(vicinity) | 3_c2(vicinity) | 3_c2(vicinity) | 2_c1(local) | 2_c1(local) | 1_c1(local) | 1_c1(local) | 1_c1(local) | 1_c1(local) | 4_c2(vicinity) | 3_c2(vicinity)
14,1343,13.43,14.0,14,Scaled GLOBAL: 6_c3 + Scaled GLOBAL: 6_c3,4_c2(vicinity) | 3_c2(vicinity) | 3_c2(vicinity) | 3_c2(vicinity) | 2_c1(local) | 2_c1(local) | 1_c1(local) | 1_c1(local) | 1_c1(local) | 1_c1(local) | 4_c2(vicinity) | 3_c2(vicinity) | 6_c3(global) | 6_c3(global)
15,967,9.67,12.0,12,Scaled DOWN: global + Scaled DOWN: global,4_c2(vicinity) | 3_c2(vicinity) | 3_c2(vicinity) | 3_c2(vicinity) | 4_c2(vicinity) | 3_c2(vicinity) | 2_c1(local) | 2_c1(local) | 1_c1(local) | 1_c1(local) | 1_c1(local) | 1_c1(local)
16,941,9.41,12.0,12,Stable,4_c2(vicinity) | 3_c2(vicinity) | 3_c2(vicinity) | 3_c2(vicinity) | 4_c2(vicinity) | 3_c2(vicinity) | 2_c1(local) | 2_c1(local) | 1_c1(local) | 1_c1(local) | 1_c1(local) | 1_c1(local)
17,1028,10.28,12.0,12,Stable,4_c2(vicinity) | 3_c2(vicinity) | 3_c2(vicinity) | 3_c2(vicinity) | 4_c2(vicinity) | 3_c2(vicinity) | 2_c1(local) | 2_c1(local) | 1_c1(local) | 1_c1(local) | 1_c1(local) | 1_c1(local)
18,913,9.13,12.0,12,Stable,4_c2(vicinity) | 3_c2(vicinity) | 3_c2(vicinity) | 3_c2(vicinity) | 4_c2(vicinity) | 3_c2(vicinity) | 2_c1(local) | 2_c1(local) | 1_c1(local) | 1_c1(local) | 1_c1(local) | 1_c1(local)
19,891,8.91,12.0,12,Stable,4_c2(vicinity) | 3_c2(vicinity) | 3_c2(vicinity) | 3_c2(vicinity) | 4_c2(vicinity) | 3_c2(vicinity) | 2_c1(local) | 2_c1(local) | 1_c1(local) | 1_c1(local) | 1_c1(local) | 1_c1(local)
20,896,8.96,12.0,12,Stable,4_c2(vicinity) | 3_c2(vicinity) | 3_c2(vicinity) | 3_c2(vicinity) | 4_c2(vicinity) | 3_c2(vicinity) | 2_c1(local) | 2_c1(local) | 1_c1(local) | 1_c1(local) | 1_c1(local) | 1_c1(local)
21,942,9.42,12.0,12,Stable,4_c2(vicinity) | 3_c2(vicinity) | 3_c2(vicinity) | 3_c2(vicinity) | 4_c2(vicinity) | 3_c2(vicinity) | 2_c1(local) | 2_c1(local) | 1_c1(local) | 1_c1(local) | 1_c1(local) | 1_c1(local)
22,949,9.49,12.0,12,Stable,4_c2(vicinity) | 3_c2(vicinity) | 3_c2(vicinity) | 3_c2(vicinity) | 4_c2(vicinity) | 3_c2(vicinity) | 2_c1(local) | 2_c1(local) | 1_c1(local) | 1_c1(local) | 1_c1(local) | 1_c1(local)
23,812,8.12,12.0,12,Stable,4_c2(vicinity) | 3_c2(vicinity) | 3_c2(vicinity) | 3_c2(vicinity) | 4_c2(vicinity) | 3_c2(vicinity) | 2_c1(local) | 2_c1(local) | 1_c1(local) | 1_c1(local) | 1_c1(local) | 1_c1(local)
24,1028,10.28,12.0,12,Stable,4_c2(vicinity) | 3_c2(vicinity) | 3_c2(vicinity) | 3_c2(vicinity) | 4_c2(vicinity) | 3_c2(vicinity) | 2_c1(local) | 2_c1(local) | 1_c1(local) | 1_c1(local) | 1_c1(local) | 1_c1(local)
25,925,9.25,12.0,12,Stable,4_c2(vicinity) | 3_c2(vicinity) | 3_c2(vicinity) | 3_c2(vicinity) | 4_c2(vicinity) | 3_c2(vicinity) | 2_c1(local) | 2_c1(local) | 1_c1(local) | 1_c1(local) | 1_c1(local) | 1_c1(local)
26,1067,10.67,12.0,12,Stable,4_c2(vicinity) | 3_c2(vicinity) | 3_c2(vicinity) | 3_c2(vicinity) | 4_c2(vicinity) | 3_c2(vicinity) | 2_c1(local) | 2_c1(local) | 1_c1(local) | 1_c1(local) | 1_c1(local) | 1_c1(local)
27,1007,10.07,12.0,12,Stable,4_c2(vicinity) | 3_c2(vicinity) | 3_c2(vicinity) | 3_c2(vicinity) | 4_c2(vicinity) | 3_c2(vicinity) | 2_c1(local) | 2_c1(local) | 1_c1(local) | 1_c1(local) | 1_c1(local) | 1_c1(local)
28,981,9.81,12.0,12,Stable,4_c2(vicinity) | 3_c2(vicinity) | 3_c2(vicinity) | 3_c2(vicinity) | 4_c2(vicinity) | 3_c2(vicinity) | 2_c1(local) | 2_c1(local) | 1_c1(local) | 1_c1(local) | 1_c1(local) | 1_c1(local)
29,988,9.88,12.0,12,Stable,4_c2(vicinity) | 3_c2(vicinity) | 3_c2(vicinity) | 3_c2(vicinity) | 4_c2(vicinity) | 3_c2(vicinity) | 2_c1(local) | 2_c1(local) | 1_c1(local) | 1_c1(local) | 1_c1(local) | 1_c1(local)
30,829,8.29,12.0,12,Stable,4_c2(vicinity) | 3_c2(vicinity) | 3_c2(vicinity) | 3_c2(vicinity) | 4_c2(vicinity) | 3_c2(vicinity) | 2_c1(local) | 2_c1(local) | 1_c1(local) | 1_c1(local) | 1_c1(local) | 1_c1(local)
31,837,8.37,12.0,12,Stable,4_c2(vicinity) | 3_c2(vicinity) | 3_c2(vicinity) | 3_c2(vicinity) | 4_c2(vicinity) | 3_c2(vicinity) | 2_c1(local) | 2_c1(local) | 1_c1(local) | 1_c1(local) | 1_c1(local) | 1_c1(local)
32,749,7.49,12.0,12,Stable,4_c2(vicinity) | 3_c2(vicinity) | 3_c2(vicinity) | 3_c2(vicinity) | 4_c2(vicinity) | 3_c2(vicinity) | 2_c1(local) | 2_c1(local) | 1_c1(local) | 1_c1(local) | 1_c1(local) | 1_c1(local)
33,805,8.05,12.0,12,Stable,4_c2(vicinity) | 3_c2(vicinity) | 3_c2(vicinity) | 3_c2(vicinity) | 4_c2(vicinity) | 3_c2(vicinity) | 2_c1(local) | 2_c1(local) | 1_c1(local) | 1_c1(local) | 1_c1(local) | 1_c1(local)
34,874,8.74,12.0,12,Stable,4_c2(vicinity) | 3_c2(vicinity) | 3_c2(vicinity) | 3_c2(vicinity) | 4_c2(vicinity) | 3_c2(vicinity) | 2_c1(local) | 2_c1(local) | 1_c1(local) | 1_c1(local) | 1_c1(local) | 1_c1(local)
35,604,6.04,12.0,12,Stable,4_c2(vicinity) | 3_c2(vicinity) | 3_c2(vicinity) | 3_c2(vicinity) | 4_c2(vicinity) | 3_c2(vicinity) | 2_c1(local) | 2_c1(local) | 1_c1(local) | 1_c1(local) | 1_c1(local) | 1_c1(local)
36,806,8.06,12.0,12,Stable,4_c2(vicinity) | 3_c2(vicinity) | 3_c2(vicinity) | 3_c2(vicinity) | 4_c2(vicinity) | 3_c2(vicinity) | 2_c1(local) | 2_c1(local) | 1_c1(local) | 1_c1(local) | 1_c1(local) | 1_c1(local)
37,731,7.31,12.0,12,Stable,4_c2(vicinity) | 3_c2(vicinity) | 3_c2(vicinity) | 3_c2(vicinity) | 4_c2(vicinity) | 3_c2(vicinity) | 2_c1(local) | 2_c1(local) | 1_c1(local) | 1_c1(local) | 1_c1(local) | 1_c1(local)
38,1000,10.0,12.0,12,Stable,4_c2(vicinity) | 3_c2(vicinity) | 3_c2(vicinity) | 3_c2(vicinity) | 4_c2(vicinity) | 3_c2(vicinity) | 2_c1(local) | 2_c1(local) | 1_c1(local) | 1_c1(local) | 1_c1(local) | 1_c1(local)
39,828,8.28,12.0,12,Stable,4_c2(vicinity) | 3_c2(vicinity) | 3_c2(vicinity) | 3_c2(vicinity) | 4_c2(vicinity) | 3_c2(vicinity) | 2_c1(local) | 2_c1(local) | 1_c1(local) | 1_c1(local) | 1_c1(local) | 1_c1(local)
40,813,8.13,12.0,12,Stable,4_c2(vicinity) | 3_c2(vicinity) | 3_c2(vicinity) | 3_c2(vicinity) | 4_c2(vicinity) | 3_c2(vicinity) | 2_c1(local) | 2_c1(local) | 1_c1(local) | 1_c1(local) | 1_c1(local) | 1_c1(local)
41,813,8.13,12.0,12,Stable,4_c2(vicinity) | 3_c2(vicinity) | 3_c2(vicinity) | 3_c2(vicinity) | 4_c2(vicinity) | 3_c2(vicinity) | 2_c1(local) | 2_c1(local) | 1_c1(local) | 1_c1(local) | 1_c1(local) | 1_c1(local)
42,905,9.05,12.0,12,Stable,4_c2(vicinity) | 3_c2(vicinity) | 3_c2(vicinity) | 3_c2(vicinity) | 4_c2(vicinity) | 3_c2(vicinity) | 2_c1(local) | 2_c1(local) | 1_c1(local) | 1_c1(local) | 1_c1(local) | 1_c1(local)
43,822,8.22,12.0,12,Stable,4_c2(vicinity) | 3_c2(vicinity) | 3_c2(vicinity) | 3_c2(vicinity) | 4_c2(vicinity) | 3_c2(vicinity) | 2_c1(local) | 2_c1(local) | 1_c1(local) | 1_c1(local) | 1_c1(local) | 1_c1(local)
44,764,7.64,12.0,12,Stable,4_c2(vicinity) | 3_c2(vicinity) | 3_c2(vicinity) | 3_c2(vicinity) | 4_c2(vicinity) | 3_c2(vicinity) | 2_c1(local) | 2_c1(local) | 1_c1(local) | 1_c1(local) | 1_c1(local) | 1_c1(local)
45,800,8.0,12.0,12,Stable,4_c2(vicinity) | 3_c2(vicinity) | 3_c2(vicinity) | 3_c2(vicinity) | 4_c2(vicinity) | 3_c2(vicinity) | 2_c1(local) | 2_c1(local) | 1_c1(local) | 1_c1(local) | 1_c1(local) | 1_c1(local)
46,865,8.65,12.0,12,Stable,4_c2(vicinity) | 3_c2(vicinity) | 3_c2(vicinity) | 3_c2(vicinity) | 4_c2(vicinity) | 3_c2(vicinity) | 2_c1(local) | 2_c1(local) | 1_c1(local) | 1_c1(local) | 1_c1(local) | 1_c1(local)
47,723,7.23,12.0,12,Stable,4_c2(vicinity) | 3_c2(vicinity) | 3_c2(vicinity) | 3_c2(vicinity) | 4_c2(vicinity) | 3_c2(vicinity) | 2_c1(local) | 2_c1(local) | 1_c1(local) | 1_c1(local) | 1_c1(local) | 1_c1(local)
48,851,8.51,12.0,12,Stable,4_c2(vicinity) | 3_c2(vicinity) | 3_c2(vicinity) | 3_c2(vicinity) | 4_c2(vicinity) | 3_c2(vicinity) | 2_c1(local) | 2_c1(local) | 1_c1(local) | 1_c1(local) | 1_c1(local) | 1_c1(local)
49,822,8.22,12.0,12,Stable,4_c2(vicinity) | 3_c2(vicinity) | 3_c2(vicinity) | 3_c2(vicinity) | 4_c2(vicinity) | 3_c2(vicinity) | 2_c1(local) | 2_c1(local) | 1_c1(local) | 1_c1(local) | 1_c1(local) | 1_c1(local)
50,582,5.82,12.0,12,Stable,4_c2(vicinity) | 3_c2(vicinity) | 3_c2(vicinity) | 3_c2(vicinity) | 4_c2(vicinity) | 3_c2(vicinity) | 2_c1(local) | 2_c1(local) | 1_c1(local) | 1_c1(local) | 1_c1(local) | 1_c1(local)
51,672,6.72,12.0,12,Stable,4_c2(vicinity) | 3_c2(vicinity) | 3_c2(vicinity) | 3_c2(vicinity) | 4_c2(vicinity) | 3_c2(vicinity) | 2_c1(local) | 2_c1(local) | 1_c1(local) | 1_c1(local) | 1_c1(local) | 1_c1(local)
52,823,8.23,12.0,12,Stable,4_c2(vicinity) | 3_c2(vicinity) | 3_c2(vicinity) | 3_c2(vicinity) | 4_c2(vicinity) | 3_c2(vicinity) | 2_c1(local) | 2_c1(local) | 1_c1(local) | 1_c1(local) | 1_c1(local) | 1_c1(local)
53,703,7.03,12.0,12,Stable,4_c2(vicinity) | 3_c2(vicinity) | 3_c2(vicinity) | 3_c2(vicinity) | 4_c2(vicinity) | 3_c2(vicinity) | 2_c1(local) | 2_c1(local) | 1_c1(local) | 1_c1(local) | 1_c1(local) | 1_c1(local)
54,880,8.8,12.0,12,Stable,4_c2(vicinity) | 3_c2(vicinity) | 3_c2(vicinity) | 3_c2(vicinity) | 4_c2(vicinity) | 3_c2(vicinity) | 2_c1(local) | 2_c1(local) | 1_c1(local) | 1_c1(local) | 1_c1(local) | 1_c1(local)
55,713,7.13,12.0,12,Stable,4_c2(vicinity) | 3_c2(vicinity) | 3_c2(vicinity) | 3_c2(vicinity) | 4_c2(vicinity) | 3_c2(vicinity) | 2_c1(local) | 2_c1(local) | 1_c1(local) | 1_c1(local) | 1_c1(local) | 1_c1(local)
56,690,6.9,12.0,12,Stable,4_c2(vicinity) | 3_c2(vicinity) | 3_c2(vicinity) | 3_c2(vicinity) | 4_c2(vicinity) | 3_c2(vicinity) | 2_c1(local) | 2_c1(local) | 1_c1(local) | 1_c1(local) | 1_c1(local) | 1_c1(local)
57,633,6.33,12.0,12,Stable,4_c2(vicinity) | 3_c2(vicinity) | 3_c2(vicinity) | 3_c2(vicinity) | 4_c2(vicinity) | 3_c2(vicinity) | 2_c1(local) | 2_c1(local) | 1_c1(local) | 1_c1(local) | 1_c1(local) | 1_c1(local)
58,837,8.37,12.0,12,Stable,4_c2(vicinity) | 3_c2(vicinity) | 3_c2(vicinity) | 3_c2(vicinity) | 4_c2(vicinity) | 3_c2(vicinity) | 2_c1(local) | 2_c1(local) | 1_c1(local) | 1_c1(local) | 1_c1(local) | 1_c1(local)
59,774,7.74,12.0,12,Stable,4_c2(vicinity) | 3_c2(vicinity) | 3_c2(vicinity) | 3_c2(vicinity) | 4_c2(vicinity) | 3_c2(vicinity) | 2_c1(local) | 2_c1(local) | 1_c1(local) | 1_c1(local) | 1_c1(local) | 1_c1(local)
60,887,8.87,12.0,12,Stable,4_c2(vicinity) | 3_c2(vicinity) | 3_c2(vicinity) | 3_c2(vicinity) | 4_c2(vicinity) | 3_c2(vicinity) | 2_c1(local) | 2_c1(local) | 1_c1(local) | 1_c1(local) | 1_c1(local) | 1_c1(local)
61,844,8.44,12.0,12,Stable,4_c2(vicinity) | 3_c2(vicinity) | 3_c2(vicinity) | 3_c2(vicinity) | 4_c2(vicinity) | 3_c2(vicinity) | 2_c1(local) | 2_c1(local) | 1_c1(local) | 1_c1(local) | 1_c1(local) | 1_c1(local)
62,790,7.9,12.0,12,Stable,4_c2(vicinity) | 3_c2(vicinity) | 3_c2(vicinity) | 3_c2(vicinity) | 4_c2(vicinity) | 3_c2(vicinity) | 2_c1(local) | 2_c1(local) | 1_c1(local) | 1_c1(local) | 1_c1(local) | 1_c1(local)
63,867,8.67,12.0,12,Stable,4_c2(vicinity) | 3_c2(vicinity) | 3_c2(vicinity) | 3_c2(vicinity) | 4_c2(vicinity) | 3_c2(vicinity) | 2_c1(local) | 2_c1(local) | 1_c1(local) | 1_c1(local) | 1_c1(local) | 1_c1(local)
64,794,7.94,12.0,12,Stable,4_c2(vicinity) | 3_c2(vicinity) | 3_c2(vicinity) | 3_c2(vicinity) | 4_c2(vicinity) | 3_c2(vicinity) | 2_c1(local) | 2_c1(local) | 1_c1(local) | 1_c1(local) | 1_c1(local) | 1_c1(local)
65,899,8.99,12.0,12,Stable,4_c2(vicinity) | 3_c2(vicinity) | 3_c2(vicinity) | 3_c2(vicinity) | 4_c2(vicinity) | 3_c2(vicinity) | 2_c1(local) | 2_c1(local) | 1_c1(local) | 1_c1(local) | 1_c1(local) | 1_c1(local)
66,985,9.85,12.0,12,Stable,4_c2(vicinity) | 3_c2(vicinity) | 3_c2(vicinity) | 3_c2(vicinity) | 4_c2(vicinity) | 3_c2(vicinity) | 2_c1(local) | 2_c1(local) | 1_c1(local) | 1_c1(local) | 1_c1(local) | 1_c1(local)
67,860,8.6,12.0,12,Stable,4_c2(vicinity) | 3_c2(vicinity) | 3_c2(vicinity) | 3_c2(vicinity) | 4_c2(vicinity) | 3_c2(vicinity) | 2_c1(local) | 2_c1(local) | 1_c1(local) | 1_c1(local) | 1_c1(local) | 1_c1(local)
68,822,8.22,12.0,12,Stable,4_c2(vicinity) | 3_c2(vicinity) | 3_c2(vicinity) | 3_c2(vicinity) | 4_c2(vicinity) | 3_c2(vicinity) | 2_c1(local) | 2_c1(local) | 1_c1(local) | 1_c1(local) | 1_c1(local) | 1_c1(local)
69,598,5.98,12.0,12,Stable,4_c2(vicinity) | 3_c2(vicinity) | 3_c2(vicinity) | 3_c2(vicinity) | 4_c2(vicinity) | 3_c2(vicinity) | 2_c1(local) | 2_c1(local) | 1_c1(local) | 1_c1(local) | 1_c1(local) | 1_c1(local)
70,805,8.05,12.0,12,Stable,4_c2(vicinity) | 3_c2(vicinity) | 3_c2(vicinity) | 3_c2(vicinity) | 4_c2(vicinity) | 3_c2(vicinity) | 2_c1(local) | 2_c1(local) | 1_c1(local) | 1_c1(local) | 1_c1(local) | 1_c1(local)
71,1413,14.13,15.0,15,Scaled GLOBAL: 6_c3 + Scaled GLOBAL: 6_c3 + Scaled GLOBAL: 5_c3,4_c2(vicinity) | 3_c2(vicinity) | 3_c2(vicinity) | 3_c2(vicinity) | 4_c2(vicinity) | 3_c2(vicinity) | 2_c1(local) | 2_c1(local) | 1_c1(local) | 1_c1(local) | 1_c1(local) | 1_c1(local) | 6_c3(global) | 6_c3(global) | 5_c3(global)
72,1071,10.71,12.0,12,Scaled DOWN: global + Scaled DOWN: global + Scaled DOWN: global,4_c2(vicinity) | 3_c2(vicinity) | 3_c2(vicinity) | 3_c2(vicinity) | 4_c2(vicinity) | 3_c2(vicinity) | 2_c1(local) | 2_c1(local) | 1_c1(local) | 1_c1(local) | 1_c1(local) | 1_c1(local)
73,933,9.33,12.0,12,Stable,4_c2(vicinity) | 3_c2(vicinity) | 3_c2(vicinity) | 3_c2(vicinity) | 4_c2(vicinity) | 3_c2(vicinity) | 2_c1(local) | 2_c1(local) | 1_c1(local) | 1_c1(local) | 1_c1(local) | 1_c1(local)
74,792,7.92,12.0,12,Stable,4_c2(vicinity) | 3_c2(vicinity) | 3_c2(vicinity) | 3_c2(vicinity) | 4_c2(vicinity) | 3_c2(vicinity) | 2_c1(local) | 2_c1(local) | 1_c1(local) | 1_c1(local) | 1_c1(local) | 1_c1(local)
75,766,7.66,12.0,12,Stable,4_c2(vicinity) | 3_c2(vicinity) | 3_c2(vicinity) | 3_c2(vicinity) | 4_c2(vicinity) | 3_c2(vicinity) | 2_c1(local) | 2_c1(local) | 1_c1(local) | 1_c1(local) | 1_c1(local) | 1_c1(local)
76,799,7.99,12.0,12,Stable,4_c2(vicinity) | 3_c2(vicinity) | 3_c2(vicinity) | 3_c2(vicinity) | 4_c2(vicinity) | 3_c2(vicinity) | 2_c1(local) | 2_c1(local) | 1_c1(local) | 1_c1(local) | 1_c1(local) | 1_c1(local)
77,643,6.43,12.0,12,Stable,4_c2(vicinity) | 3_c2(vicinity) | 3_c2(vicinity) | 3_c2(vicinity) | 4_c2(vicinity) | 3_c2(vicinity) | 2_c1(local) | 2_c1(local) | 1_c1(local) | 1_c1(local) | 1_c1(local) | 1_c1(local)
78,700,7.0,12.0,12,Stable,4_c2(vicinity) | 3_c2(vicinity) | 3_c2(vicinity) | 3_c2(vicinity) | 4_c2(vicinity) | 3_c2(vicinity) | 2_c1(local) | 2_c1(local) | 1_c1(local) | 1_c1(local) | 1_c1(local) | 1_c1(local)
79,641,6.41,12.0,12,Stable,4_c2(vicinity) | 3_c2(vicinity) | 3_c2(vicinity) | 3_c2(vicinity) | 4_c2(vicinity) | 3_c2(vicinity) | 2_c1(local) | 2_c1(local) | 1_c1(local) | 1_c1(local) | 1_c1(local) | 1_c1(local)
80,752,7.52,12.0,12,Stable,4_c2(vicinity) | 3_c2(vicinity) | 3_c2(vicinity) | 3_c2(vicinity) | 4_c2(vicinity) | 3_c2(vicinity) | 2_c1(local) | 2_c1(local) | 1_c1(local) | 1_c1(local) | 1_c1(local) | 1_c1(local)
81,918,9.18,12.0,12,Stable,4_c2(vicinity) | 3_c2(vicinity) | 3_c2(vicinity) | 3_c2(vicinity) | 4_c2(vicinity) | 3_c2(vicinity) | 2_c1(local) | 2_c1(local) | 1_c1(local) | 1_c1(local) | 1_c1(local) | 1_c1(local)
82,651,6.51,12.0,12,Stable,4_c2(vicinity) | 3_c2(vicinity) | 3_c2(vicinity) | 3_c2(vicinity) | 4_c2(vicinity) | 3_c2(vicinity) | 2_c1(local) | 2_c1(local) | 1_c1(local) | 1_c1(local) | 1_c1(local) | 1_c1(local)
83,714,7.14,12.0,12,Stable,4_c2(vicinity) | 3_c2(vicinity) | 3_c2(vicinity) | 3_c2(vicinity) | 4_c2(vicinity) | 3_c2(vicinity) | 2_c1(local) | 2_c1(local) | 1_c1(local) | 1_c1(local) | 1_c1(local) | 1_c1(local)
84,731,7.31,12.0,12,Stable,4_c2(vicinity) | 3_c2(vicinity) | 3_c2(vicinity) | 3_c2(vicinity) | 4_c2(vicinity) | 3_c2(vicinity) | 2_c1(local) | 2_c1(local) | 1_c1(local) | 1_c1(local) | 1_c1(local) | 1_c1(local)
85,711,7.11,12.0,12,Stable,4_c2(vicinity) | 3_c2(vicinity) | 3_c2(vicinity) | 3_c2(vicinity) | 4_c2(vicinity) | 3_c2(vicinity) | 2_c1(local) | 2_c1(local) | 1_c1(local) | 1_c1(local) | 1_c1(local) | 1_c1(local)
86,659,6.59,12.0,12,Stable,4_c2(vicinity) | 3_c2(vicinity) | 3_c2(vicinity) | 3_c2(vicinity) | 4_c2(vicinity) | 3_c2(vicinity) | 2_c1(local) | 2_c1(local) | 1_c1(local) | 1_c1(local) | 1_c1(local) | 1_c1(local)
87,712,7.12,12.0,12,Stable,4_c2(vicinity) | 3_c2(vicinity) | 3_c2(vicinity) | 3_c2(vicinity) | 4_c2(vicinity) | 3_c2(vicinity) | 2_c1(local) | 2_c1(local) | 1_c1(local) | 1_c1(local) | 1_c1(local) | 1_c1(local)
88,692,6.92,12.0,12,Stable,4_c2(vicinity) | 3_c2(vicinity) | 3_c2(vicinity) | 3_c2(vicinity) | 4_c2(vicinity) | 3_c2(vicinity) | 2_c1(local) | 2_c1(local) | 1_c1(local) | 1_c1(local) | 1_c1(local) | 1_c1(local)
89,673,6.73,12.0,12,Stable,4_c2(vicinity) | 3_c2(vicinity) | 3_c2(vicinity) | 3_c2(vicinity) | 4_c2(vicinity) | 3_c2(vicinity) | 2_c1(local) | 2_c1(local) | 1_c1(local) | 1_c1(local) | 1_c1(local) | 1_c1(local)
90,815,8.15,12.0,12,Stable,4_c2(vicinity) | 3_c2(vicinity) | 3_c2(vicinity) | 3_c2(vicinity) | 4_c2(vicinity) | 3_c2(vicinity) | 2_c1(local) | 2_c1(local) | 1_c1(local) | 1_c1(local) | 1_c1(local) | 1_c1(local)
91,718,7.18,12.0,12,Stable,4_c2(vicinity) | 3_c2(vicinity) | 3_c2(vicinity) | 3_c2(vicinity) | 4_c2(vicinity) | 3_c2(vicinity) | 2_c1(local) | 2_c1(local) | 1_c1(local) | 1_c1(local) | 1_c1(local) | 1_c1(local)
92,659,6.59,12.0,12,Stable,4_c2(vicinity) | 3_c2(vicinity) | 3_c2(vicinity) | 3_c2(vicinity) | 4_c2(vicinity) | 3_c2(vicinity) | 2_c1(local) | 2_c1(local) | 1_c1(local) | 1_c1(local) | 1_c1(local) | 1_c1(local)
93,793,7.93,12.0,12,Stable,4_c2(vicinity) | 3_c2(vicinity) | 3_c2(vicinity) | 3_c2(vicinity) | 4_c2(vicinity) | 3_c2(vicinity) | 2_c1(local) | 2_c1(local) | 1_c1(local) | 1_c1(local) | 1_c1(local) | 1_c1(local)
94,760,7.6,12.0,12,Stable,4_c2(vicinity) | 3_c2(vicinity) | 3_c2(vicinity) | 3_c2(vicinity) | 4_c2(vicinity) | 3_c2(vicinity) | 2_c1(local) | 2_c1(local) | 1_c1(local) | 1_c1(local) | 1_c1(local) | 1_c1(local)
95,721,7.21,12.0,12,Stable,4_c2(vicinity) | 3_c2(vicinity) | 3_c2(vicinity) | 3_c2(vicinity) | 4_c2(vicinity) | 3_c2(vicinity) | 2_c1(local) | 2_c1(local) | 1_c1(local) | 1_c1(local) | 1_c1(local) | 1_c1(local)
96,716,7.16,12.0,12,Stable,4_c2(vicinity) | 3_c2(vicinity) | 3_c2(vicinity) | 3_c2(vicinity) | 4_c2(vicinity) | 3_c2(vicinity) | 2_c1(local) | 2_c1(local) | 1_c1(local) | 1_c1(local) | 1_c1(local) | 1_c1(local)
97,842,8.42,12.0,12,Stable,4_c2(vicinity) | 3_c2(vicinity) | 3_c2(vicinity) | 3_c2(vicinity) | 4_c2(vicinity) | 3_c2(vicinity) | 2_c1(local) | 2_c1(local) | 1_c1(local) | 1_c1(local) | 1_c1(local) | 1_c1(local)
98,705,7.05,12.0,12,Stable,4_c2(vicinity) | 3_c2(vicinity) | 3_c2(vicinity) | 3_c2(vicinity) | 4_c2(vicinity) | 3_c2(vicinity) | 2_c1(local) | 2_c1(local) | 1_c1(local) | 1_c1(local) | 1_c1(local) | 1_c1(local)
99,816,8.16,12.0,12,Stable,4_c2(vicinity) | 3_c2(vicinity) | 3_c2(vicinity) | 3_c2(vicinity) | 4_c2(vicinity) | 3_c2(vicinity) | 2_c1(local) | 2_c1(local) | 1_c1(local) | 1_c1(local) | 1_c1(local) | 1_c1(local)
100,711,7.11,12.0,12,Stable,4_c2(vicinity) | 3_c2(vicinity) | 3_c2(vicinity) | 3_c2(vicinity) | 4_c2(vicinity) | 3_c2(vicinity) | 2_c1(local) | 2_c1(local) | 1_c1(local) | 1_c1(local) | 1_c1(local) | 1_c1(local)
101,691,6.91,12.0,12,Stable,4_c2(vicinity) | 3_c2(vicinity) | 3_c2(vicinity) | 3_c2(vicinity) | 4_c2(vicinity) | 3_c2(vicinity) | 2_c1(local) | 2_c1(local) | 1_c1(local) | 1_c1(local) | 1_c1(local) | 1_c1(local)
102,711,7.11,12.0,12,Stable,4_c2(vicinity) | 3_c2(vicinity) | 3_c2(vicinity) | 3_c2(vicinity) | 4_c2(vicinity) | 3_c2(vicinity) | 2_c1(local) | 2_c1(local) | 1_c1(local) | 1_c1(local) | 1_c1(local) | 1_c1(local)
103,820,8.2,12.0,12,Stable,4_c2(vicinity) | 3_c2(vicinity) | 3_c2(vicinity) | 3_c2(vicinity) | 4_c2(vicinity) | 3_c2(vicinity) | 2_c1(local) | 2_c1(local) | 1_c1(local) | 1_c1(local) | 1_c1(local) | 1_c1(local)
104,826,8.26,12.0,12,Stable,4_c2(vicinity) | 3_c2(vicinity) | 3_c2(vicinity) | 3_c2(vicinity) | 4_c2(vicinity) | 3_c2(vicinity) | 2_c1(local) | 2_c1(local) | 1_c1(local) | 1_c1(local) | 1_c1(local) | 1_c1(local)
105,773,7.73,12.0,12,Stable,4_c2(vicinity) | 3_c2(vicinity) | 3_c2(vicinity) | 3_c2(vicinity) | 4_c2(vicinity) | 3_c2(vicinity) | 2_c1(local) | 2_c1(local) | 1_c1(local) | 1_c1(local) | 1_c1(local) | 1_c1(local)
106,752,7.52,12.0,12,Stable,4_c2(vicinity) | 3_c2(vicinity) | 3_c2(vicinity) | 3_c2(vicinity) | 4_c2(vicinity) | 3_c2(vicinity) | 2_c1(local) | 2_c1(local) | 1_c1(local) | 1_c1(local) | 1_c1(local) | 1_c1(local)
107,766,7.66,12.0,12,Stable,4_c2(vicinity) | 3_c2(vicinity) | 3_c2(vicinity) | 3_c2(vicinity) | 4_c2(vicinity) | 3_c2(vicinity) | 2_c1(local) | 2_c1(local) | 1_c1(local) | 1_c1(local) | 1_c1(local) | 1_c1(local)
108,739,7.39,12.0,12,Stable,4_c2(vicinity) | 3_c2(vicinity) | 3_c2(vicinity) | 3_c2(vicinity) | 4_c2(vicinity) | 3_c2(vicinity) | 2_c1(local) | 2_c1(local) | 1_c1(local) | 1_c1(local) | 1_c1(local) | 1_c1(local)
109,732,7.32,12.0,12,Stable,4_c2(vicinity) | 3_c2(vicinity) | 3_c2(vicinity) | 3_c2(vicinity) | 4_c2(vicinity) | 3_c2(vicinity) | 2_c1(local) | 2_c1(local) | 1_c1(local) | 1_c1(local) | 1_c1(local) | 1_c1(local)
110,730,7.3,12.0,12,Stable,4_c2(vicinity) | 3_c2(vicinity) | 3_c2(vicinity) | 3_c2(vicinity) | 4_c2(vicinity) | 3_c2(vicinity) | 2_c1(local) | 2_c1(local) | 1_c1(local) | 1_c1(local) | 1_c1(local) | 1_c1(local)
111,769,7.69,12.0,12,Stable,4_c2(vicinity) | 3_c2(vicinity) | 3_c2(vicinity) | 3_c2(vicinity) | 4_c2(vicinity) | 3_c2(vicinity) | 2_c1(local) | 2_c1(local) | 1_c1(local) | 1_c1(local) | 1_c1(local) | 1_c1(local)
112,840,8.4,12.0,12,Stable,4_c2(vicinity) | 3_c2(vicinity) | 3_c2(vicinity) | 3_c2(vicinity) | 4_c2(vicinity) | 3_c2(vicinity) | 2_c1(local) | 2_c1(local) | 1_c1(local) | 1_c1(local) | 1_c1(local) | 1_c1(local)
113,734,7.34,12.0,12,Stable,4_c2(vicinity) | 3_c2(vicinity) | 3_c2(vicinity) | 3_c2(vicinity) | 4_c2(vicinity) | 3_c2(vicinity) | 2_c1(local) | 2_c1(local) | 1_c1(local) | 1_c1(local) | 1_c1(local) | 1_c1(local)
114,773,7.73,12.0,12,Stable,4_c2(vicinity) | 3_c2(vicinity) | 3_c2(vicinity) | 3_c2(vicinity) | 4_c2(vicinity) | 3_c2(vicinity) | 2_c1(local) | 2_c1(local) | 1_c1(local) | 1_c1(local) | 1_c1(local) | 1_c1(local)
115,854,8.54,12.0,12,Stable,4_c2(vicinity) | 3_c2(vicinity) | 3_c2(vicinity) | 3_c2(vicinity) | 4_c2(vicinity) | 3_c2(vicinity) | 2_c1(local) | 2_c1(local) | 1_c1(local) | 1_c1(local) | 1_c1(local) | 1_c1(local)
116,761,7.61,12.0,12,Stable,4_c2(vicinity) | 3_c2(vicinity) | 3_c2(vicinity) | 3_c2(vicinity) | 4_c2(vicinity) | 3_c2(vicinity) | 2_c1(local) | 2_c1(local) | 1_c1(local) | 1_c1(local) | 1_c1(local) | 1_c1(local)
117,645,6.45,12.0,12,Stable,4_c2(vicinity) | 3_c2(vicinity) | 3_c2(vicinity) | 3_c2(vicinity) | 4_c2(vicinity) | 3_c2(vicinity) | 2_c1(local) | 2_c1(local) | 1_c1(local) | 1_c1(local) | 1_c1(local) | 1_c1(local)
118,764,7.64,12.0,12,Stable,4_c2(vicinity) | 3_c2(vicinity) | 3_c2(vicinity) | 3_c2(vicinity) | 4_c2(vicinity) | 3_c2(vicinity) | 2_c1(local) | 2_c1(local) | 1_c1(local) | 1_c1(local) | 1_c1(local) | 1_c1(local)
119,715,7.15,12.0,12,Stable,4_c2(vicinity) | 3_c2(vicinity) | 3_c2(vicinity) | 3_c2(vicinity) | 4_c2(vicinity) | 3_c2(vicinity) | 2_c1(local) | 2_c1(local) | 1_c1(local) | 1_c1(local) | 1_c1(local) | 1_c1(local)
120,927,9.27,12.0,12,Stable,4_c2(vicinity) | 3_c2(vicinity) | 3_c2(vicinity) | 3_c2(vicinity) | 4_c2(vicinity) | 3_c2(vicinity) | 2_c1(local) | 2_c1(local) | 1_c1(local) | 1_c1(local) | 1_c1(local) | 1_c1(local)
121,841,8.41,12.0,12,Stable,4_c2(vicinity) | 3_c2(vicinity) | 3_c2(vicinity) | 3_c2(vicinity) | 4_c2(vicinity) | 3_c2(vicinity) | 2_c1(local) | 2_c1(local) | 1_c1(local) | 1_c1(local) | 1_c1(local) | 1_c1(local)
122,737,7.37,12.0,12,Stable,4_c2(vicinity) | 3_c2(vicinity) | 3_c2(vicinity) | 3_c2(vicinity) | 4_c2(vicinity) | 3_c2(vicinity) | 2_c1(local) | 2_c1(local) | 1_c1(local) | 1_c1(local) | 1_c1(local) | 1_c1(local)
123,690,6.9,12.0,12,Stable,4_c2(vicinity) | 3_c2(vicinity) | 3_c2(vicinity) | 3_c2(vicinity) | 4_c2(vicinity) | 3_c2(vicinity) | 2_c1(local) | 2_c1(local) | 1_c1(local) | 1_c1(local) | 1_c1(local) | 1_c1(local)
124,751,7.51,12.0,12,Stable,4_c2(vicinity) | 3_c2(vicinity) | 3_c2(vicinity) | 3_c2(vicinity) | 4_c2(vicinity) | 3_c2(vicinity) | 2_c1(local) | 2_c1(local) | 1_c1(local) | 1_c1(local) | 1_c1(local) | 1_c1(local)
125,702,7.02,12.0,12,Stable,4_c2(vicinity) | 3_c2(vicinity) | 3_c2(vicinity) | 3_c2(vicinity) | 4_c2(vicinity) | 3_c2(vicinity) | 2_c1(local) | 2_c1(local) | 1_c1(local) | 1_c1(local) | 1_c1(local) | 1_c1(local)
126,475,4.75,12.0,12,Stable,4_c2(vicinity) | 3_c2(vicinity) | 3_c2(vicinity) | 3_c2(vicinity) | 4_c2(vicinity) | 3_c2(vicinity) | 2_c1(local) | 2_c1(local) | 1_c1(local) | 1_c1(local) | 1_c1(local) | 1_c1(local)
127,702,7.02,12.0,12,Stable,4_c2(vicinity) | 3_c2(vicinity) | 3_c2(vicinity) | 3_c2(vicinity) | 4_c2(vicinity) | 3_c2(vicinity) | 2_c1(local) | 2_c1(local) | 1_c1(local) | 1_c1(local) | 1_c1(local) | 1_c1(local)
128,682,6.82,12.0,12,Stable,4_c2(vicinity) | 3_c2(vicinity) | 3_c2(vicinity) | 3_c2(vicinity) | 4_c2(vicinity) | 3_c2(vicinity) | 2_c1(local) | 2_c1(local) | 1_c1(local) | 1_c1(local) | 1_c1(local) | 1_c1(local)
129,752,7.52,12.0,12,Stable,4_c2(vicinity) | 3_c2(vicinity) | 3_c2(vicinity) | 3_c2(vicinity) | 4_c2(vicinity) | 3_c2(vicinity) | 2_c1(local) | 2_c1(local) | 1_c1(local) | 1_c1(local) | 1_c1(local) | 1_c1(local)
130,650,6.5,12.0,12,Stable,4_c2(vicinity) | 3_c2(vicinity) | 3_c2(vicinity) | 3_c2(vicinity) | 4_c2(vicinity) | 3_c2(vicinity) | 2_c1(local) | 2_c1(local) | 1_c1(local) | 1_c1(local) | 1_c1(local) | 1_c1(local)
131,699,6.99,12.0,12,Stable,4_c2(vicinity) | 3_c2(vicinity) | 3_c2(vicinity) | 3_c2(vicinity) | 4_c2(vicinity) | 3_c2(vicinity) | 2_c1(local) | 2_c1(local) | 1_c1(local) | 1_c1(local) | 1_c1(local) | 1_c1(local)
132,840,8.4,12.0,12,Stable,4_c2(vicinity) | 3_c2(vicinity) | 3_c2(vicinity) | 3_c2(vicinity) | 4_c2(vicinity) | 3_c2(vicinity) | 2_c1(local) | 2_c1(local) | 1_c1(local) | 1_c1(local) | 1_c1(local) | 1_c1(local)
133,721,7.21,12.0,12,Stable,4_c2(vicinity) | 3_c2(vicinity) | 3_c2(vicinity) | 3_c2(vicinity) | 4_c2(vicinity) | 3_c2(vicinity) | 2_c1(local) | 2_c1(local) | 1_c1(local) | 1_c1(local) | 1_c1(local) | 1_c1(local)
134,785,7.85,12.0,12,Stable,4_c2(vicinity) | 3_c2(vicinity) | 3_c2(vicinity) | 3_c2(vicinity) | 4_c2(vicinity) | 3_c2(vicinity) | 2_c1(local) | 2_c1(local) | 1_c1(local) | 1_c1(local) | 1_c1(local) | 1_c1(local)
135,642,6.42,12.0,12,Stable,4_c2(vicinity) | 3_c2(vicinity) | 3_c2(vicinity) | 3_c2(vicinity) | 4_c2(vicinity) | 3_c2(vicinity) | 2_c1(local) | 2_c1(local) | 1_c1(local) | 1_c1(local) | 1_c1(local) | 1_c1(local)
136,696,6.96,12.0,12,Stable,4_c2(vicinity) | 3_c2(vicinity) | 3_c2(vicinity) | 3_c2(vicinity) | 4_c2(vicinity) | 3_c2(vicinity) | 2_c1(local) | 2_c1(local) | 1_c1(local) | 1_c1(local) | 1_c1(local) | 1_c1(local)
137,485,4.85,12.0,12,Stable,4_c2(vicinity) | 3_c2(vicinity) | 3_c2(vicinity) | 3_c2(vicinity) | 4_c2(vicinity) | 3_c2(vicinity) | 2_c1(local) | 2_c1(local) | 1_c1(local) | 1_c1(local) | 1_c1(local) | 1_c1(local)
138,480,4.8,12.0,12,Stable,4_c2(vicinity) | 3_c2(vicinity) | 3_c2(vicinity) | 3_c2(vicinity) | 4_c2(vicinity) | 3_c2(vicinity) | 2_c1(local) | 2_c1(local) | 1_c1(local) | 1_c1(local) | 1_c1(local) | 1_c1(local)
139,644,6.44,12.0,12,Stable,4_c2(vicinity) | 3_c2(vicinity) | 3_c2(vicinity) | 3_c2(vicinity) | 4_c2(vicinity) | 3_c2(vicinity) | 2_c1(local) | 2_c1(local) | 1_c1(local) | 1_c1(local) | 1_c1(local) | 1_c1(local)
140,606,6.06,12.0,12,Stable,4_c2(vicinity) | 3_c2(vicinity) | 3_c2(vicinity) | 3_c2(vicinity) | 4_c2(vicinity) | 3_c2(vicinity) | 2_c1(local) | 2_c1(local) | 1_c1(local) | 1_c1(local) | 1_c1(local) | 1_c1(local)
141,706,7.06,12.0,12,Stable,4_c2(vicinity) | 3_c2(vicinity) | 3_c2(vicinity) | 3_c2(vicinity) | 4_c2(vicinity) | 3_c2(vicinity) | 2_c1(local) | 2_c1(local) | 1_c1(local) | 1_c1(local) | 1_c1(local) | 1_c1(local)
142,728,7.28,12.0,12,Stable,4_c2(vicinity) | 3_c2(vicinity) | 3_c2(vicinity) | 3_c2(vicinity) | 4_c2(vicinity) | 3_c2(vicinity) | 2_c1(local) | 2_c1(local) | 1_c1(local) | 1_c1(local) | 1_c1(local) | 1_c1(local)
143,664,6.64,12.0,12,Stable,4_c2(vicinity) | 3_c2(vicinity) | 3_c2(vicinity) | 3_c2(vicinity) | 4_c2(vicinity) | 3_c2(vicinity) | 2_c1(local) | 2_c1(local) | 1_c1(local) | 1_c1(local) | 1_c1(local) | 1_c1(local)
144,662,6.62,12.0,12,Stable,4_c2(vicinity) | 3_c2(vicinity) | 3_c2(vicinity) | 3_c2(vicinity) | 4_c2(vicinity) | 3_c2(vicinity) | 2_c1(local) | 2_c1(local) | 1_c1(local) | 1_c1(local) | 1_c1(local) | 1_c1(local)
145,531,5.31,12.0,12,Stable,4_c2(vicinity) | 3_c2(vicinity) | 3_c2(vicinity) | 3_c2(vicinity) | 4_c2(vicinity) | 3_c2(vicinity) | 2_c1(local) | 2_c1(local) | 1_c1(local) | 1_c1(local) | 1_c1(local) | 1_c1(local)
146,741,7.41,12.0,12,Stable,4_c2(vicinity) | 3_c2(vicinity) | 3_c2(vicinity) | 3_c2(vicinity) | 4_c2(vicinity) | 3_c2(vicinity) | 2_c1(local) | 2_c1(local) | 1_c1(local) | 1_c1(local) | 1_c1(local) | 1_c1(local)
147,834,8.34,12.0,12,Stable,4_c2(vicinity) | 3_c2(vicinity) | 3_c2(vicinity) | 3_c2(vicinity) | 4_c2(vicinity) | 3_c2(vicinity) | 2_c1(local) | 2_c1(local) | 1_c1(local) | 1_c1(local) | 1_c1(local) | 1_c1(local)
148,591,5.91,12.0,12,Stable,4_c2(vicinity) | 3_c2(vicinity) | 3_c2(vicinity) | 3_c2(vicinity) | 4_c2(vicinity) | 3_c2(vicinity) | 2_c1(local) | 2_c1(local) | 1_c1(local) | 1_c1(local) | 1_c1(local) | 1_c1(local)
149,668,6.68,12.0,12,Stable,4_c2(vicinity) | 3_c2(vicinity) | 3_c2(vicinity) | 3_c2(vicinity) | 4_c2(vicinity) | 3_c2(vicinity) | 2_c1(local) | 2_c1(local) | 1_c1(local) | 1_c1(local) | 1_c1(local) | 1_c1(local)
150,647,6.47,12.0,12,Stable,4_c2(vicinity) | 3_c2(vicinity) | 3_c2(vicinity) | 3_c2(vicinity) | 4_c2(vicinity) | 3_c2(vicinity) | 2_c1(local) | 2_c1(local) | 1_c1(local) | 1_c1(local) | 1_c1(local) | 1_c1(local)
151,456,4.56,12.0,12,Stable,4_c2(vicinity) | 3_c2(vicinity) | 3_c2(vicinity) | 3_c2(vicinity) | 4_c2(vicinity) | 3_c2(vicinity) | 2_c1(local) | 2_c1(local) | 1_c1(local) | 1_c1(local) | 1_c1(local) | 1_c1(local)
152,615,6.15,12.0,12,Stable,4_c2(vicinity) | 3_c2(vicinity) | 3_c2(vicinity) | 3_c2(vicinity) | 4_c2(vicinity) | 3_c2(vicinity) | 2_c1(local) | 2_c1(local) | 1_c1(local) | 1_c1(local) | 1_c1(local) | 1_c1(local)
153,664,6.64,12.0,12,Stable,4_c2(vicinity) | 3_c2(vicinity) | 3_c2(vicinity) | 3_c2(vicinity) | 4_c2(vicinity) | 3_c2(vicinity) | 2_c1(local) | 2_c1(local) | 1_c1(local) | 1_c1(local) | 1_c1(local) | 1_c1(local)
154,632,6.32,12.0,12,Stable,4_c2(vicinity) | 3_c2(vicinity) | 3_c2(vicinity) | 3_c2(vicinity) | 4_c2(vicinity) | 3_c2(vicinity) | 2_c1(local) | 2_c1(local) | 1_c1(local) | 1_c1(local) | 1_c1(local) | 1_c1(local)
155,640,6.4,12.0,12,Stable,4_c2(vicinity) | 3_c2(vicinity) | 3_c2(vicinity) | 3_c2(vicinity) | 4_c2(vicinity) | 3_c2(vicinity) | 2_c1(local) | 2_c1(local) | 1_c1(local) | 1_c1(local) | 1_c1(local) | 1_c1(local)
156,748,7.48,12.0,12,Stable,4_c2(vicinity) | 3_c2(vicinity) | 3_c2(vicinity) | 3_c2(vicinity) | 4_c2(vicinity) | 3_c2(vicinity) | 2_c1(local) | 2_c1(local) | 1_c1(local) | 1_c1(local) | 1_c1(local) | 1_c1(local)
157,608,6.08,12.0,12,Stable,4_c2(vicinity) | 3_c2(vicinity) | 3_c2(vicinity) | 3_c2(vicinity) | 4_c2(vicinity) | 3_c2(vicinity) | 2_c1(local) | 2_c1(local) | 1_c1(local) | 1_c1(local) | 1_c1(local) | 1_c1(local)
158,722,7.22,12.0,12,Stable,4_c2(vicinity) | 3_c2(vicinity) | 3_c2(vicinity) | 3_c2(vicinity) | 4_c2(vicinity) | 3_c2(vicinity) | 2_c1(local) | 2_c1(local) | 1_c1(local) | 1_c1(local) | 1_c1(local) | 1_c1(local)
159,759,7.59,12.0,12,Stable,4_c2(vicinity) | 3_c2(vicinity) | 3_c2(vicinity) | 3_c2(vicinity) | 4_c2(vicinity) | 3_c2(vicinity) | 2_c1(local) | 2_c1(local) | 1_c1(local) | 1_c1(local) | 1_c1(local) | 1_c1(local)
160,635,6.35,12.0,12,Stable,4_c2(vicinity) | 3_c2(vicinity) | 3_c2(vicinity) | 3_c2(vicinity) | 4_c2(vicinity) | 3_c2(vicinity) | 2_c1(local) | 2_c1(local) | 1_c1(local) | 1_c1(local) | 1_c1(local) | 1_c1(local)
161,647,6.47,12.0,12,Stable,4_c2(vicinity) | 3_c2(vicinity) | 3_c2(vicinity) | 3_c2(vicinity) | 4_c2(vicinity) | 3_c2(vicinity) | 2_c1(local) | 2_c1(local) | 1_c1(local) | 1_c1(local) | 1_c1(local) | 1_c1(local)
162,699,6.99,12.0,12,Stable,4_c2(vicinity) | 3_c2(vicinity) | 3_c2(vicinity) | 3_c2(vicinity) | 4_c2(vicinity) | 3_c2(vicinity) | 2_c1(local) | 2_c1(local) | 1_c1(local) | 1_c1(local) | 1_c1(local) | 1_c1(local)
163,692,6.92,12.0,12,Stable,4_c2(vicinity) | 3_c2(vicinity) | 3_c2(vicinity) | 3_c2(vicinity) | 4_c2(vicinity) | 3_c2(vicinity) | 2_c1(local) | 2_c1(local) | 1_c1(local) | 1_c1(local) | 1_c1(local) | 1_c1(local)
164,715,7.15,12.0,12,Stable,4_c2(vicinity) | 3_c2(vicinity) | 3_c2(vicinity) | 3_c2(vicinity) | 4_c2(vicinity) | 3_c2(vicinity) | 2_c1(local) | 2_c1(local) | 1_c1(local) | 1_c1(local) | 1_c1(local) | 1_c1(local)
165,641,6.41,12.0,12,Stable,4_c2(vicinity) | 3_c2(vicinity) | 3_c2(vicinity) | 3_c2(vicinity) | 4_c2(vicinity) | 3_c2(vicinity) | 2_c1(local) | 2_c1(local) | 1_c1(local) | 1_c1(local) | 1_c1(local) | 1_c1(local)
166,513,5.13,12.0,12,Stable,4_c2(vicinity) | 3_c2(vicinity) | 3_c2(vicinity) | 3_c2(vicinity) | 4_c2(vicinity) | 3_c2(vicinity) | 2_c1(local) | 2_c1(local) | 1_c1(local) | 1_c1(local) | 1_c1(local) | 1_c1(local)
167,515,5.15,12.0,12,Stable,4_c2(vicinity) | 3_c2(vicinity) | 3_c2(vicinity) | 3_c2(vicinity) | 4_c2(vicinity) | 3_c2(vicinity) | 2_c1(local) | 2_c1(local) | 1_c1(local) | 1_c1(local) | 1_c1(local) | 1_c1(local)
168,595,5.95,12.0,12,Stable,4_c2(vicinity) | 3_c2(vicinity) | 3_c2(vicinity) | 3_c2(vicinity) | 4_c2(vicinity) | 3_c2(vicinity) | 2_c1(local) | 2_c1(local) | 1_c1(local) | 1_c1(local) | 1_c1(local) | 1_c1(local)
169,597,5.97,12.0,12,Stable,4_c2(vicinity) | 3_c2(vicinity) | 3_c2(vicinity) | 3_c2(vicinity) | 4_c2(vicinity) | 3_c2(vicinity) | 2_c1(local) | 2_c1(local) | 1_c1(local) | 1_c1(local) | 1_c1(local) | 1_c1(local)
170,507,5.07,12.0,12,Stable,4_c2(vicinity) | 3_c2(vicinity) | 3_c2(vicinity) | 3_c2(vicinity) | 4_c2(vicinity) | 3_c2(vicinity) | 2_c1(local) | 2_c1(local) | 1_c1(local) | 1_c1(local) | 1_c1(local) | 1_c1(local)
171,538,5.38,12.0,12,Stable,4_c2(vicinity) | 3_c2(vicinity) | 3_c2(vicinity) | 3_c2(vicinity) | 4_c2(vicinity) | 3_c2(vicinity) | 2_c1(local) | 2_c1(local) | 1_c1(local) | 1_c1(local) | 1_c1(local) | 1_c1(local)
172,539,5.39,12.0,12,Stable,4_c2(vicinity) | 3_c2(vicinity) | 3_c2(vicinity) | 3_c2(vicinity) | 4_c2(vicinity) | 3_c2(vicinity) | 2_c1(local) | 2_c1(local) | 1_c1(local) | 1_c1(local) | 1_c1(local) | 1_c1(local)
173,553,5.53,12.0,12,Stable,4_c2(vicinity) | 3_c2(vicinity) | 3_c2(vicinity) | 3_c2(vicinity) | 4_c2(vicinity) | 3_c2(vicinity) | 2_c1(local) | 2_c1(local) | 1_c1(local) | 1_c1(local) | 1_c1(local) | 1_c1(local)
174,588,5.88,12.0,12,Stable,4_c2(vicinity) | 3_c2(vicinity) | 3_c2(vicinity) | 3_c2(vicinity) | 4_c2(vicinity) | 3_c2(vicinity) | 2_c1(local) | 2_c1(local) | 1_c1(local) | 1_c1(local) | 1_c1(local) | 1_c1(local)
175,732,7.32,12.0,12,Stable,4_c2(vicinity) | 3_c2(vicinity) | 3_c2(vicinity) | 3_c2(vicinity) | 4_c2(vicinity) | 3_c2(vicinity) | 2_c1(local) | 2_c1(local) | 1_c1(local) | 1_c1(local) | 1_c1(local) | 1_c1(local)
176,667,6.67,12.0,12,Stable,4_c2(vicinity) | 3_c2(vicinity) | 3_c2(vicinity) | 3_c2(vicinity) | 4_c2(vicinity) | 3_c2(vicinity) | 2_c1(local) | 2_c1(local) | 1_c1(local) | 1_c1(local) | 1_c1(local) | 1_c1(local)
177,787,7.87,12.0,12,Stable,4_c2(vicinity) | 3_c2(vicinity) | 3_c2(vicinity) | 3_c2(vicinity) | 4_c2(vicinity) | 3_c2(vicinity) | 2_c1(local) | 2_c1(local) | 1_c1(local) | 1_c1(local) | 1_c1(local) | 1_c1(local)
178,720,7.2,12.0,12,Stable,4_c2(vicinity) | 3_c2(vicinity) | 3_c2(vicinity) | 3_c2(vicinity) | 4_c2(vicinity) | 3_c2(vicinity) | 2_c1(local) | 2_c1(local) | 1_c1(local) | 1_c1(local) | 1_c1(local) | 1_c1(local)
179,900,9.0,12.0,12,Stable,4_c2(vicinity) | 3_c2(vicinity) | 3_c2(vicinity) | 3_c2(vicinity) | 4_c2(vicinity) | 3_c2(vicinity) | 2_c1(local) | 2_c1(local) | 1_c1(local) | 1_c1(local) | 1_c1(local) | 1_c1(local)
180,506,5.06,12.0,12,Stable,4_c2(vicinity) | 3_c2(vicinity) | 3_c2(vicinity) | 3_c2(vicinity) | 4_c2(vicinity) | 3_c2(vicinity) | 2_c1(local) | 2_c1(local) | 1_c1(local) | 1_c1(local) | 1_c1(local) | 1_c1(local)
181,558,5.58,12.0,12,Stable,4_c2(vicinity) | 3_c2(vicinity) | 3_c2(vicinity) | 3_c2(vicinity) | 4_c2(vicinity) | 3_c2(vicinity) | 2_c1(local) | 2_c1(local) | 1_c1(local) | 1_c1(local) | 1_c1(local) | 1_c1(local)
182,491,4.91,12.0,12,Stable,4_c2(vicinity) | 3_c2(vicinity) | 3_c2(vicinity) | 3_c2(vicinity) | 4_c2(vicinity) | 3_c2(vicinity) | 2_c1(local) | 2_c1(local) | 1_c1(local) | 1_c1(local) | 1_c1(local) | 1_c1(local)
183,509,5.09,12.0,12,Stable,4_c2(vicinity) | 3_c2(vicinity) | 3_c2(vicinity) | 3_c2(vicinity) | 4_c2(vicinity) | 3_c2(vicinity) | 2_c1(local) | 2_c1(local) | 1_c1(local) | 1_c1(local) | 1_c1(local) | 1_c1(local)
184,632,6.32,12.0,12,Stable,4_c2(vicinity) | 3_c2(vicinity) | 3_c2(vicinity) | 3_c2(vicinity) | 4_c2(vicinity) | 3_c2(vicinity) | 2_c1(local) | 2_c1(local) | 1_c1(local) | 1_c1(local) | 1_c1(local) | 1_c1(local)
185,738,7.38,12.0,12,Stable,4_c2(vicinity) | 3_c2(vicinity) | 3_c2(vicinity) | 3_c2(vicinity) | 4_c2(vicinity) | 3_c2(vicinity) | 2_c1(local) | 2_c1(local) | 1_c1(local) | 1_c1(local) | 1_c1(local) | 1_c1(local)
186,434,4.34,12.0,12,Stable,4_c2(vicinity) | 3_c2(vicinity) | 3_c2(vicinity) | 3_c2(vicinity) | 4_c2(vicinity) | 3_c2(vicinity) | 2_c1(local) | 2_c1(local) | 1_c1(local) | 1_c1(local) | 1_c1(local) | 1_c1(local)
187,616,6.16,12.0,12,Stable,4_c2(vicinity) | 3_c2(vicinity) | 3_c2(vicinity) | 3_c2(vicinity) | 4_c2(vicinity) | 3_c2(vicinity) | 2_c1(local) | 2_c1(local) | 1_c1(local) | 1_c1(local) | 1_c1(local) | 1_c1(local)
188,501,5.01,12.0,12,Stable,4_c2(vicinity) | 3_c2(vicinity) | 3_c2(vicinity) | 3_c2(vicinity) | 4_c2(vicinity) | 3_c2(vicinity) | 2_c1(local) | 2_c1(local) | 1_c1(local) | 1_c1(local) | 1_c1(local) | 1_c1(local)
189,615,6.15,12.0,12,Stable,4_c2(vicinity) | 3_c2(vicinity) | 3_c2(vicinity) | 3_c2(vicinity) | 4_c2(vicinity) | 3_c2(vicinity) | 2_c1(local) | 2_c1(local) | 1_c1(local) | 1_c1(local) | 1_c1(local) | 1_c1(local)
190,380,3.8,12.0,12,Stable,4_c2(vicinity) | 3_c2(vicinity) | 3_c2(vicinity) | 3_c2(vicinity) | 4_c2(vicinity) | 3_c2(vicinity) | 2_c1(local) | 2_c1(local) | 1_c1(local) | 1_c1(local) | 1_c1(local) | 1_c1(local)
191,484,4.84,12.0,12,Stable,4_c2(vicinity) | 3_c2(vicinity) | 3_c2(vicinity) | 3_c2(vicinity) | 4_c2(vicinity) | 3_c2(vicinity) | 2_c1(local) | 2_c1(local) | 1_c1(local) | 1_c1(local) | 1_c1(local) | 1_c1(local)
192,495,4.95,12.0,12,Stable,4_c2(vicinity) | 3_c2(vicinity) | 3_c2(vicinity) | 3_c2(vicinity) | 4_c2(vicinity) | 3_c2(vicinity) | 2_c1(local) | 2_c1(local) | 1_c1(local) | 1_c1(local) | 1_c1(local) | 1_c1(local)
193,502,5.02,12.0,12,Stable,4_c2(vicinity) | 3_c2(vicinity) | 3_c2(vicinity) | 3_c2(vicinity) | 4_c2(vicinity) | 3_c2(vicinity) | 2_c1(local) | 2_c1(local) | 1_c1(local) | 1_c1(local) | 1_c1(local) | 1_c1(local)
194,676,6.76,12.0,12,Stable,4_c2(vicinity) | 3_c2(vicinity) | 3_c2(vicinity) | 3_c2(vicinity) | 4_c2(vicinity) | 3_c2(vicinity) | 2_c1(local) | 2_c1(local) | 1_c1(local) | 1_c1(local) | 1_c1(local) | 1_c1(local)
195,649,6.49,12.0,12,Stable,4_c2(vicinity) | 3_c2(vicinity) | 3_c2(vicinity) | 3_c2(vicinity) | 4_c2(vicinity) | 3_c2(vicinity) | 2_c1(local) | 2_c1(local) | 1_c1(local) | 1_c1(local) | 1_c1(local) | 1_c1(local)
196,555,5.55,12.0,12,Stable,4_c2(vicinity) | 3_c2(vicinity) | 3_c2(vicinity) | 3_c2(vicinity) | 4_c2(vicinity) | 3_c2(vicinity) | 2_c1(local) | 2_c1(local) | 1_c1(local) | 1_c1(local) | 1_c1(local) | 1_c1(local)
197,531,5.31,12.0,12,Stable,4_c2(vicinity) | 3_c2(vicinity) | 3_c2(vicinity) | 3_c2(vicinity) | 4_c2(vicinity) | 3_c2(vicinity) | 2_c1(local) | 2_c1(local) | 1_c1(local) | 1_c1(local) | 1_c1(local) | 1_c1(local)
198,734,7.34,12.0,12,Stable,4_c2(vicinity) | 3_c2(vicinity) | 3_c2(vicinity) | 3_c2(vicinity) | 4_c2(vicinity) | 3_c2(vicinity) | 2_c1(local) | 2_c1(local) | 1_c1(local) | 1_c1(local) | 1_c1(local) | 1_c1(local)
199,718,7.18,12.0,12,Stable,4_c2(vicinity) | 3_c2(vicinity) | 3_c2(vicinity) | 3_c2(vicinity) | 4_c2(vicinity) | 3_c2(vicinity) | 2_c1(local) | 2_c1(local) | 1_c1(local) | 1_c1(local) | 1_c1(local) | 1_c1(local)
200,571,5.71,12.0,12,Stable,4_c2(vicinity) | 3_c2(vicinity) | 3_c2(vicinity) | 3_c2(vicinity) | 4_c2(vicinity) | 3_c2(vicinity) | 2_c1(local) | 2_c1(local) | 1_c1(local) | 1_c1(local) | 1_c1(local) | 1_c1(local)
201,735,7.35,12.0,12,Stable,4_c2(vicinity) | 3_c2(vicinity) | 3_c2(vicinity) | 3_c2(vicinity) | 4_c2(vicinity) | 3_c2(vicinity) | 2_c1(local) | 2_c1(local) | 1_c1(local) | 1_c1(local) | 1_c1(local) | 1_c1(local)
202,721,7.21,12.0,12,Stable,4_c2(vicinity) | 3_c2(vicinity) | 3_c2(vicinity) | 3_c2(vicinity) | 4_c2(vicinity) | 3_c2(vicinity) | 2_c1(local) | 2_c1(local) | 1_c1(local) | 1_c1(local) | 1_c1(local) | 1_c1(local)
203,801,8.01,12.0,12,Stable,4_c2(vicinity) | 3_c2(vicinity) | 3_c2(vicinity) | 3_c2(vicinity) | 4_c2(vicinity) | 3_c2(vicinity) | 2_c1(local) | 2_c1(local) | 1_c1(local) | 1_c1(local) | 1_c1(local) | 1_c1(local)
204,680,6.8,12.0,12,Stable,4_c2(vicinity) | 3_c2(vicinity) | 3_c2(vicinity) | 3_c2(vicinity) | 4_c2(vicinity) | 3_c2(vicinity) | 2_c1(local) | 2_c1(local) | 1_c1(local) | 1_c1(local) | 1_c1(local) | 1_c1(local)
205,698,6.98,12.0,12,Stable,4_c2(vicinity) | 3_c2(vicinity) | 3_c2(vicinity) | 3_c2(vicinity) | 4_c2(vicinity) | 3_c2(vicinity) | 2_c1(local) | 2_c1(local) | 1_c1(local) | 1_c1(local) | 1_c1(local) | 1_c1(local)
206,804,8.04,12.0,12,Stable,4_c2(vicinity) | 3_c2(vicinity) | 3_c2(vicinity) | 3_c2(vicinity) | 4_c2(vicinity) | 3_c2(vicinity) | 2_c1(local) | 2_c1(local) | 1_c1(local) | 1_c1(local) | 1_c1(local) | 1_c1(local)
207,730,7.3,12.0,12,Stable,4_c2(vicinity) | 3_c2(vicinity) | 3_c2(vicinity) | 3_c2(vicinity) | 4_c2(vicinity) | 3_c2(vicinity) | 2_c1(local) | 2_c1(local) | 1_c1(local) | 1_c1(local) | 1_c1(local) | 1_c1(local)
208,613,6.13,12.0,12,Stable,4_c2(vicinity) | 3_c2(vicinity) | 3_c2(vicinity) | 3_c2(vicinity) | 4_c2(vicinity) | 3_c2(vicinity) | 2_c1(local) | 2_c1(local) | 1_c1(local) | 1_c1(local) | 1_c1(local) | 1_c1(local)
209,603,6.03,12.0,12,Stable,4_c2(vicinity) | 3_c2(vicinity) | 3_c2(vicinity) | 3_c2(vicinity) | 4_c2(vicinity) | 3_c2(vicinity) | 2_c1(local) | 2_c1(local) | 1_c1(local) | 1_c1(local) | 1_c1(local) | 1_c1(local)
210,759,7.59,12.0,12,Stable,4_c2(vicinity) | 3_c2(vicinity) | 3_c2(vicinity) | 3_c2(vicinity) | 4_c2(vicinity) | 3_c2(vicinity) | 2_c1(local) | 2_c1(local) | 1_c1(local) | 1_c1(local) | 1_c1(local) | 1_c1(local)
211,561,5.61,12.0,12,Stable,4_c2(vicinity) | 3_c2(vicinity) | 3_c2(vicinity) | 3_c2(vicinity) | 4_c2(vicinity) | 3_c2(vicinity) | 2_c1(local) | 2_c1(local) | 1_c1(local) | 1_c1(local) | 1_c1(local) | 1_c1(local)
212,561,5.61,12.0,12,Stable,4_c2(vicinity) | 3_c2(vicinity) | 3_c2(vicinity) | 3_c2(vicinity) | 4_c2(vicinity) | 3_c2(vicinity) | 2_c1(local) | 2_c1(local) | 1_c1(local) | 1_c1(local) | 1_c1(local) | 1_c1(local)
213,649,6.49,12.0,12,Stable,4_c2(vicinity) | 3_c2(vicinity) | 3_c2(vicinity) | 3_c2(vicinity) | 4_c2(vicinity) | 3_c2(vicinity) | 2_c1(local) | 2_c1(local) | 1_c1(local) | 1_c1(local) | 1_c1(local) | 1_c1(local)
214,702,7.02,12.0,12,Stable,4_c2(vicinity) | 3_c2(vicinity) | 3_c2(vicinity) | 3_c2(vicinity) | 4_c2(vicinity) | 3_c2(vicinity) | 2_c1(local) | 2_c1(local) | 1_c1(local) | 1_c1(local) | 1_c1(local) | 1_c1(local)
215,528,5.28,12.0,12,Stable,4_c2(vicinity) | 3_c2(vicinity) | 3_c2(vicinity) | 3_c2(vicinity) | 4_c2(vicinity) | 3_c2(vicinity) | 2_c1(local) | 2_c1(local) | 1_c1(local) | 1_c1(local) | 1_c1(local) | 1_c1(local)
216,729,7.29,12.0,12,Stable,4_c2(vicinity) | 3_c2(vicinity) | 3_c2(vicinity) | 3_c2(vicinity) | 4_c2(vicinity) | 3_c2(vicinity) | 2_c1(local) | 2_c1(local) | 1_c1(local) | 1_c1(local) | 1_c1(local) | 1_c1(local)
217,599,5.99,12.0,12,Stable,4_c2(vicinity) | 3_c2(vicinity) | 3_c2(vicinity) | 3_c2(vicinity) | 4_c2(vicinity) | 3_c2(vicinity) | 2_c1(local) | 2_c1(local) | 1_c1(local) | 1_c1(local) | 1_c1(local) | 1_c1(local)
218,662,6.62,12.0,12,Stable,4_c2(vicinity) | 3_c2(vicinity) | 3_c2(vicinity) | 3_c2(vicinity) | 4_c2(vicinity) | 3_c2(vicinity) | 2_c1(local) | 2_c1(local) | 1_c1(local) | 1_c1(local) | 1_c1(local) | 1_c1(local)
219,504,5.04,12.0,12,Stable,4_c2(vicinity) | 3_c2(vicinity) | 3_c2(vicinity) | 3_c2(vicinity) | 4_c2(vicinity) | 3_c2(vicinity) | 2_c1(local) | 2_c1(local) | 1_c1(local) | 1_c1(local) | 1_c1(local) | 1_c1(local)
220,571,5.71,12.0,12,Stable,4_c2(vicinity) | 3_c2(vicinity) | 3_c2(vicinity) | 3_c2(vicinity) | 4_c2(vicinity) | 3_c2(vicinity) | 2_c1(local) | 2_c1(local) | 1_c1(local) | 1_c1(local) | 1_c1(local) | 1_c1(local)
221,602,6.02,12.0,12,Stable,4_c2(vicinity) | 3_c2(vicinity) | 3_c2(vicinity) | 3_c2(vicinity) | 4_c2(vicinity) | 3_c2(vicinity) | 2_c1(local) | 2_c1(local) | 1_c1(local) | 1_c1(local) | 1_c1(local) | 1_c1(local)
222,549,5.49,12.0,12,Stable,4_c2(vicinity) | 3_c2(vicinity) | 3_c2(vicinity) | 3_c2(vicinity) | 4_c2(vicinity) | 3_c2(vicinity) | 2_c1(local) | 2_c1(local) | 1_c1(local) | 1_c1(local) | 1_c1(local) | 1_c1(local)
223,536,5.36,12.0,12,Stable,4_c2(vicinity) | 3_c2(vicinity) | 3_c2(vicinity) | 3_c2(vicinity) | 4_c2(vicinity) | 3_c2(vicinity) | 2_c1(local) | 2_c1(local) | 1_c1(local) | 1_c1(local) | 1_c1(local) | 1_c1(local)
224,489,4.89,12.0,12,Stable,4_c2(vicinity) | 3_c2(vicinity) | 3_c2(vicinity) | 3_c2(vicinity) | 4_c2(vicinity) | 3_c2(vicinity) | 2_c1(local) | 2_c1(local) | 1_c1(local) | 1_c1(local) | 1_c1(local) | 1_c1(local)
225,564,5.64,12.0,12,Stable,4_c2(vicinity) | 3_c2(vicinity) | 3_c2(vicinity) | 3_c2(vicinity) | 4_c2(vicinity) | 3_c2(vicinity) | 2_c1(local) | 2_c1(local) | 1_c1(local) | 1_c1(local) | 1_c1(local) | 1_c1(local)
226,750,7.5,12.0,12,Stable,4_c2(vicinity) | 3_c2(vicinity) | 3_c2(vicinity) | 3_c2(vicinity) | 4_c2(vicinity) | 3_c2(vicinity) | 2_c1(local) | 2_c1(local) | 1_c1(local) | 1_c1(local) | 1_c1(local) | 1_c1(local)
227,717,7.17,12.0,12,Stable,4_c2(vicinity) | 3_c2(vicinity) | 3_c2(vicinity) | 3_c2(vicinity) | 4_c2(vicinity) | 3_c2(vicinity) | 2_c1(local) | 2_c1(local) | 1_c1(local) | 1_c1(local) | 1_c1(local) | 1_c1(local)
228,696,6.96,12.0,12,Stable,4_c2(vicinity) | 3_c2(vicinity) | 3_c2(vicinity) | 3_c2(vicinity) | 4_c2(vicinity) | 3_c2(vicinity) | 2_c1(local) | 2_c1(local) | 1_c1(local) | 1_c1(local) | 1_c1(local) | 1_c1(local)
229,612,6.12,12.0,12,Stable,4_c2(vicinity) | 3_c2(vicinity) | 3_c2(vicinity) | 3_c2(vicinity) | 4_c2(vicinity) | 3_c2(vicinity) | 2_c1(local) | 2_c1(local) | 1_c1(local) | 1_c1(local) | 1_c1(local) | 1_c1(local)
230,518,5.18,12.0,12,Stable,4_c2(vicinity) | 3_c2(vicinity) | 3_c2(vicinity) | 3_c2(vicinity) | 4_c2(vicinity) | 3_c2(vicinity) | 2_c1(local) | 2_c1(local) | 1_c1(local) | 1_c1(local) | 1_c1(local) | 1_c1(local)
231,554,5.54,12.0,12,Stable,4_c2(vicinity) | 3_c2(vicinity) | 3_c2(vicinity) | 3_c2(vicinity) | 4_c2(vicinity) | 3_c2(vicinity) | 2_c1(local) | 2_c1(local) | 1_c1(local) | 1_c1(local) | 1_c1(local) | 1_c1(local)
232,587,5.87,12.0,12,Stable,4_c2(vicinity) | 3_c2(vicinity) | 3_c2(vicinity) | 3_c2(vicinity) | 4_c2(vicinity) | 3_c2(vicinity) | 2_c1(local) | 2_c1(local) | 1_c1(local) | 1_c1(local) | 1_c1(local) | 1_c1(local)
233,590,5.9,12.0,12,Stable,4_c2(vicinity) | 3_c2(vicinity) | 3_c2(vicinity) | 3_c2(vicinity) | 4_c2(vicinity) | 3_c2(vicinity) | 2_c1(local) | 2_c1(local) | 1_c1(local) | 1_c1(local) | 1_c1(local) | 1_c1(local)
234,535,5.35,12.0,12,Stable,4_c2(vicinity) | 3_c2(vicinity) | 3_c2(vicinity) | 3_c2(vicinity) | 4_c2(vicinity) | 3_c2(vicinity) | 2_c1(local) | 2_c1(local) | 1_c1(local) | 1_c1(local) | 1_c1(local) | 1_c1(local)
235,569,5.69,12.0,12,Stable,4_c2(vicinity) | 3_c2(vicinity) | 3_c2(vicinity) | 3_c2(vicinity) | 4_c2(vicinity) | 3_c2(vicinity) | 2_c1(local) | 2_c1(local) | 1_c1(local) | 1_c1(local) | 1_c1(local) | 1_c1(local)
236,493,4.93,12.0,12,Stable,4_c2(vicinity) | 3_c2(vicinity) | 3_c2(vicinity) | 3_c2(vicinity) | 4_c2(vicinity) | 3_c2(vicinity) | 2_c1(local) | 2_c1(local) | 1_c1(local) | 1_c1(local) | 1_c1(local) | 1_c1(local)
237,502,5.02,12.0,12,Stable,4_c2(vicinity) | 3_c2(vicinity) | 3_c2(vicinity) | 3_c2(vicinity) | 4_c2(vicinity) | 3_c2(vicinity) | 2_c1(local) | 2_c1(local) | 1_c1(local) | 1_c1(local) | 1_c1(local) | 1_c1(local)
238,475,4.75,12.0,12,Stable,4_c2(vicinity) | 3_c2(vicinity) | 3_c2(vicinity) | 3_c2(vicinity) | 4_c2(vicinity) | 3_c2(vicinity) | 2_c1(local) | 2_c1(local) | 1_c1(local) | 1_c1(local) | 1_c1(local) | 1_c1(local)
239,652,6.52,12.0,12,Stable,4_c2(vicinity) | 3_c2(vicinity) | 3_c2(vicinity) | 3_c2(vicinity) | 4_c2(vicinity) | 3_c2(vicinity) | 2_c1(local) | 2_c1(local) | 1_c1(local) | 1_c1(local) | 1_c1(local) | 1_c1(local)
240,632,6.32,12.0,12,Stable,4_c2(vicinity) | 3_c2(vicinity) | 3_c2(vicinity) | 3_c2(vicinity) | 4_c2(vicinity) | 3_c2(vicinity) | 2_c1(local) | 2_c1(local) | 1_c1(local) | 1_c1(local) | 1_c1(local) | 1_c1(local)
241,458,4.58,12.0,12,Stable,4_c2(vicinity) | 3_c2(vicinity) | 3_c2(vicinity) | 3_c2(vicinity) | 4_c2(vicinity) | 3_c2(vicinity) | 2_c1(local) | 2_c1(local) | 1_c1(local) | 1_c1(local) | 1_c1(local) | 1_c1(local)
242,639,6.39,12.0,12,Stable,4_c2(vicinity) | 3_c2(vicinity) | 3_c2(vicinity) | 3_c2(vicinity) | 4_c2(vicinity) | 3_c2(vicinity) | 2_c1(local) | 2_c1(local) | 1_c1(local) | 1_c1(local) | 1_c1(local) | 1_c1(local)
243,466,4.66,12.0,12,Stable,4_c2(vicinity) | 3_c2(vicinity) | 3_c2(vicinity) | 3_c2(vicinity) | 4_c2(vicinity) | 3_c2(vicinity) | 2_c1(local) | 2_c1(local) | 1_c1(local) | 1_c1(local) | 1_c1(local) | 1_c1(local)
244,382,3.82,12.0,12,Stable,4_c2(vicinity) | 3_c2(vicinity) | 3_c2(vicinity) | 3_c2(vicinity) | 4_c2(vicinity) | 3_c2(vicinity) | 2_c1(local) | 2_c1(local) | 1_c1(local) | 1_c1(local) | 1_c1(local) | 1_c1(local)
245,333,3.33,12.0,12,Stable,4_c2(vicinity) | 3_c2(vicinity) | 3_c2(vicinity) | 3_c2(vicinity) | 4_c2(vicinity) | 3_c2(vicinity) | 2_c1(local) | 2_c1(local) | 1_c1(local) | 1_c1(local) | 1_c1(local) | 1_c1(local)
246,377,3.77,12.0,12,Stable,4_c2(vicinity) | 3_c2(vicinity) | 3_c2(vicinity) | 3_c2(vicinity) | 4_c2(vicinity) | 3_c2(vicinity) | 2_c1(local) | 2_c1(local) | 1_c1(local) | 1_c1(local) | 1_c1(local) | 1_c1(local)
247,437,4.37,12.0,12,Stable,4_c2(vicinity) | 3_c2(vicinity) | 3_c2(vicinity) | 3_c2(vicinity) | 4_c2(vicinity) | 3_c2(vicinity) | 2_c1(local) | 2_c1(local) | 1_c1(local) | 1_c1(local) | 1_c1(local) | 1_c1(local)
248,514,5.14,12.0,12,Stable,4_c2(vicinity) | 3_c2(vicinity) | 3_c2(vicinity) | 3_c2(vicinity) | 4_c2(vicinity) | 3_c2(vicinity) | 2_c1(local) | 2_c1(local) | 1_c1(local) | 1_c1(local) | 1_c1(local) | 1_c1(local)
249,530,5.3,12.0,12,Stable,4_c2(vicinity) | 3_c2(vicinity) | 3_c2(vicinity) | 3_c2(vicinity) | 4_c2(vicinity) | 3_c2(vicinity) | 2_c1(local) | 2_c1(local) | 1_c1(local) | 1_c1(local) | 1_c1(local) | 1_c1(local)
250,412,4.12,12.0,12,Stable,4_c2(vicinity) | 3_c2(vicinity) | 3_c2(vicinity) | 3_c2(vicinity) | 4_c2(vicinity) | 3_c2(vicinity) | 2_c1(local) | 2_c1(local) | 1_c1(local) | 1_c1(local) | 1_c1(local) | 1_c1(local)
251,313,3.13,12.0,12,Stable,4_c2(vicinity) | 3_c2(vicinity) | 3_c2(vicinity) | 3_c2(vicinity) | 4_c2(vicinity) | 3_c2(vicinity) | 2_c1(local) | 2_c1(local) | 1_c1(local) | 1_c1(local) | 1_c1(local) | 1_c1(local)
252,368,3.68,12.0,12,Stable,4_c2(vicinity) | 3_c2(vicinity) | 3_c2(vicinity) | 3_c2(vicinity) | 4_c2(vicinity) | 3_c2(vicinity) | 2_c1(local) | 2_c1(local) | 1_c1(local) | 1_c1(local) | 1_c1(local) | 1_c1(local)
253,458,4.58,12.0,12,Stable,4_c2(vicinity) | 3_c2(vicinity) | 3_c2(vicinity) | 3_c2(vicinity) | 4_c2(vicinity) | 3_c2(vicinity) | 2_c1(local) | 2_c1(local) | 1_c1(local) | 1_c1(local) | 1_c1(local) | 1_c1(local)
254,516,5.16,12.0,12,Stable,4_c2(vicinity) | 3_c2(vicinity) | 3_c2(vicinity) | 3_c2(vicinity) | 4_c2(vicinity) | 3_c2(vicinity) | 2_c1(local) | 2_c1(local) | 1_c1(local) | 1_c1(local) | 1_c1(local) | 1_c1(local)
255,645,6.45,12.0,12,Stable,4_c2(vicinity) | 3_c2(vicinity) | 3_c2(vicinity) | 3_c2(vicinity) | 4_c2(vicinity) | 3_c2(vicinity) | 2_c1(local) | 2_c1(local) | 1_c1(local) | 1_c1(local) | 1_c1(local) | 1_c1(local)
256,538,5.38,12.0,12,Stable,4_c2(vicinity) | 3_c2(vicinity) | 3_c2(vicinity) | 3_c2(vicinity) | 4_c2(vicinity) | 3_c2(vicinity) | 2_c1(local) | 2_c1(local) | 1_c1(local) | 1_c1(local) | 1_c1(local) | 1_c1(local)
257,678,6.78,12.0,12,Stable,4_c2(vicinity) | 3_c2(vicinity) | 3_c2(vicinity) | 3_c2(vicinity) | 4_c2(vicinity) | 3_c2(vicinity) | 2_c1(local) | 2_c1(local) | 1_c1(local) | 1_c1(local) | 1_c1(local) | 1_c1(local)
258,516,5.16,12.0,12,Stable,4_c2(vicinity) | 3_c2(vicinity) | 3_c2(vicinity) | 3_c2(vicinity) | 4_c2(vicinity) | 3_c2(vicinity) | 2_c1(local) | 2_c1(local) | 1_c1(local) | 1_c1(local) | 1_c1(local) | 1_c1(local)
259,557,5.57,12.0,12,Stable,4_c2(vicinity) | 3_c2(vicinity) | 3_c2(vicinity) | 3_c2(vicinity) | 4_c2(vicinity) | 3_c2(vicinity) | 2_c1(local) | 2_c1(local) | 1_c1(local) | 1_c1(local) | 1_c1(local) | 1_c1(local)
260,554,5.54,12.0,12,Stable,4_c2(vicinity) | 3_c2(vicinity) | 3_c2(vicinity) | 3_c2(vicinity) | 4_c2(vicinity) | 3_c2(vicinity) | 2_c1(local) | 2_c1(local) | 1_c1(local) | 1_c1(local) | 1_c1(local) | 1_c1(local)
261,544,5.44,12.0,12,Stable,4_c2(vicinity) | 3_c2(vicinity) | 3_c2(vicinity) | 3_c2(vicinity) | 4_c2(vicinity) | 3_c2(vicinity) | 2_c1(local) | 2_c1(local) | 1_c1(local) | 1_c1(local) | 1_c1(local) | 1_c1(local)
262,614,6.14,12.0,12,Stable,4_c2(vicinity) | 3_c2(vicinity) | 3_c2(vicinity) | 3_c2(vicinity) | 4_c2(vicinity) | 3_c2(vicinity) | 2_c1(local) | 2_c1(local) | 1_c1(local) | 1_c1(local) | 1_c1(local) | 1_c1(local)
263,570,5.7,12.0,12,Stable,4_c2(vicinity) | 3_c2(vicinity) | 3_c2(vicinity) | 3_c2(vicinity) | 4_c2(vicinity) | 3_c2(vicinity) | 2_c1(local) | 2_c1(local) | 1_c1(local) | 1_c1(local) | 1_c1(local) | 1_c1(local)
264,761,7.61,12.0,12,Stable,4_c2(vicinity) | 3_c2(vicinity) | 3_c2(vicinity) | 3_c2(vicinity) | 4_c2(vicinity) | 3_c2(vicinity) | 2_c1(local) | 2_c1(local) | 1_c1(local) | 1_c1(local) | 1_c1(local) | 1_c1(local)
265,672,6.72,12.0,12,Stable,4_c2(vicinity) | 3_c2(vicinity) | 3_c2(vicinity) | 3_c2(vicinity) | 4_c2(vicinity) | 3_c2(vicinity) | 2_c1(local) | 2_c1(local) | 1_c1(local) | 1_c1(local) | 1_c1(local) | 1_c1(local)
266,676,6.76,12.0,12,Stable,4_c2(vicinity) | 3_c2(vicinity) | 3_c2(vicinity) | 3_c2(vicinity) | 4_c2(vicinity) | 3_c2(vicinity) | 2_c1(local) | 2_c1(local) | 1_c1(local) | 1_c1(local) | 1_c1(local) | 1_c1(local)
267,709,7.09,12.0,12,Stable,4_c2(vicinity) | 3_c2(vicinity) | 3_c2(vicinity) | 3_c2(vicinity) | 4_c2(vicinity) | 3_c2(vicinity) | 2_c1(local) | 2_c1(local) | 1_c1(local) | 1_c1(local) | 1_c1(local) | 1_c1(local)
268,715,7.15,12.0,12,Stable,4_c2(vicinity) | 3_c2(vicinity) | 3_c2(vicinity) | 3_c2(vicinity) | 4_c2(vicinity) | 3_c2(vicinity) | 2_c1(local) | 2_c1(local) | 1_c1(local) | 1_c1(local) | 1_c1(local) | 1_c1(local)
269,714,7.14,12.0,12,Stable,4_c2(vicinity) | 3_c2(vicinity) | 3_c2(vicinity) | 3_c2(vicinity) | 4_c2(vicinity) | 3_c2(vicinity) | 2_c1(local) | 2_c1(local) | 1_c1(local) | 1_c1(local) | 1_c1(local) | 1_c1(local)
270,659,6.59,12.0,12,Stable,4_c2(vicinity) | 3_c2(vicinity) | 3_c2(vicinity) | 3_c2(vicinity) | 4_c2(vicinity) | 3_c2(vicinity) | 2_c1(local) | 2_c1(local) | 1_c1(local) | 1_c1(local) | 1_c1(local) | 1_c1(local)
271,635,6.35,12.0,12,Stable,4_c2(vicinity) | 3_c2(vicinity) | 3_c2(vicinity) | 3_c2(vicinity) | 4_c2(vicinity) | 3_c2(vicinity) | 2_c1(local) | 2_c1(local) | 1_c1(local) | 1_c1(local) | 1_c1(local) | 1_c1(local)
272,761,7.61,12.0,12,Stable,4_c2(vicinity) | 3_c2(vicinity) | 3_c2(vicinity) | 3_c2(vicinity) | 4_c2(vicinity) | 3_c2(vicinity) | 2_c1(local) | 2_c1(local) | 1_c1(local) | 1_c1(local) | 1_c1(local) | 1_c1(local)
273,759,7.59,12.0,12,Stable,4_c2(vicinity) | 3_c2(vicinity) | 3_c2(vicinity) | 3_c2(vicinity) | 4_c2(vicinity) | 3_c2(vicinity) | 2_c1(local) | 2_c1(local) | 1_c1(local) | 1_c1(local) | 1_c1(local) | 1_c1(local)
274,724,7.24,12.0,12,Stable,4_c2(vicinity) | 3_c2(vicinity) | 3_c2(vicinity) | 3_c2(vicinity) | 4_c2(vicinity) | 3_c2(vicinity) | 2_c1(local) | 2_c1(local) | 1_c1(local) | 1_c1(local) | 1_c1(local) | 1_c1(local)
275,718,7.18,12.0,12,Stable,4_c2(vicinity) | 3_c2(vicinity) | 3_c2(vicinity) | 3_c2(vicinity) | 4_c2(vicinity) | 3_c2(vicinity) | 2_c1(local) | 2_c1(local) | 1_c1(local) | 1_c1(local) | 1_c1(local) | 1_c1(local)
276,890,8.9,12.0,12,Stable,4_c2(vicinity) | 3_c2(vicinity) | 3_c2(vicinity) | 3_c2(vicinity) | 4_c2(vicinity) | 3_c2(vicinity) | 2_c1(local) | 2_c1(local) | 1_c1(local) | 1_c1(local) | 1_c1(local) | 1_c1(local)
277,612,6.12,12.0,12,Stable,4_c2(vicinity) | 3_c2(vicinity) | 3_c2(vicinity) | 3_c2(vicinity) | 4_c2(vicinity) | 3_c2(vicinity) | 2_c1(local) | 2_c1(local) | 1_c1(local) | 1_c1(local) | 1_c1(local) | 1_c1(local)
278,788,7.88,12.0,12,Stable,4_c2(vicinity) | 3_c2(vicinity) | 3_c2(vicinity) | 3_c2(vicinity) | 4_c2(vicinity) | 3_c2(vicinity) | 2_c1(local) | 2_c1(local) | 1_c1(local) | 1_c1(local) | 1_c1(local) | 1_c1(local)
279,871,8.71,12.0,12,Stable,4_c2(vicinity) | 3_c2(vicinity) | 3_c2(vicinity) | 3_c2(vicinity) | 4_c2(vicinity) | 3_c2(vicinity) | 2_c1(local) | 2_c1(local) | 1_c1(local) | 1_c1(local) | 1_c1(local) | 1_c1(local)
280,847,8.47,12.0,12,Stable,4_c2(vicinity) | 3_c2(vicinity) | 3_c2(vicinity) | 3_c2(vicinity) | 4_c2(vicinity) | 3_c2(vicinity) | 2_c1(local) | 2_c1(local) | 1_c1(local) | 1_c1(local) | 1_c1(local) | 1_c1(local)
281,750,7.5,12.0,12,Stable,4_c2(vicinity) | 3_c2(vicinity) | 3_c2(vicinity) | 3_c2(vicinity) | 4_c2(vicinity) | 3_c2(vicinity) | 2_c1(local) | 2_c1(local) | 1_c1(local) | 1_c1(local) | 1_c1(local) | 1_c1(local)
282,596,5.96,12.0,12,Stable,4_c2(vicinity) | 3_c2(vicinity) | 3_c2(vicinity) | 3_c2(vicinity) | 4_c2(vicinity) | 3_c2(vicinity) | 2_c1(local) | 2_c1(local) | 1_c1(local) | 1_c1(local) | 1_c1(local) | 1_c1(local)
283,577,5.77,12.0,12,Stable,4_c2(vicinity) | 3_c2(vicinity) | 3_c2(vicinity) | 3_c2(vicinity) | 4_c2(vicinity) | 3_c2(vicinity) | 2_c1(local) | 2_c1(local) | 1_c1(local) | 1_c1(local) | 1_c1(local) | 1_c1(local)
284,697,6.97,12.0,12,Stable,4_c2(vicinity) | 3_c2(vicinity) | 3_c2(vicinity) | 3_c2(vicinity) | 4_c2(vicinity) | 3_c2(vicinity) | 2_c1(local) | 2_c1(local) | 1_c1(local) | 1_c1(local) | 1_c1(local) | 1_c1(local)
285,746,7.46,12.0,12,Stable,4_c2(vicinity) | 3_c2(vicinity) | 3_c2(vicinity) | 3_c2(vicinity) | 4_c2(vicinity) | 3_c2(vicinity) | 2_c1(local) | 2_c1(local) | 1_c1(local) | 1_c1(local) | 1_c1(local) | 1_c1(local)
286,464,4.64,12.0,12,Stable,4_c2(vicinity) | 3_c2(vicinity) | 3_c2(vicinity) | 3_c2(vicinity) | 4_c2(vicinity) | 3_c2(vicinity) | 2_c1(local) | 2_c1(local) | 1_c1(local) | 1_c1(local) | 1_c1(local) | 1_c1(local)
287,431,4.31,12.0,12,Stable,4_c2(vicinity) | 3_c2(vicinity) | 3_c2(vicinity) | 3_c2(vicinity) | 4_c2(vicinity) | 3_c2(vicinity) | 2_c1(local) | 2_c1(local) | 1_c1(local) | 1_c1(local) | 1_c1(local) | 1_c1(local)
288,705,7.05,12.0,12,Stable,4_c2(vicinity) | 3_c2(vicinity) | 3_c2(vicinity) | 3_c2(vicinity) | 4_c2(vicinity) | 3_c2(vicinity) | 2_c1(local) | 2_c1(local) | 1_c1(local) | 1_c1(local) | 1_c1(local) | 1_c1(local)
289,618,6.18,12.0,12,Stable,4_c2(vicinity) | 3_c2(vicinity) | 3_c2(vicinity) | 3_c2(vicinity) | 4_c2(vicinity) | 3_c2(vicinity) | 2_c1(local) | 2_c1(local) | 1_c1(local) | 1_c1(local) | 1_c1(local) | 1_c1(local)
290,667,6.67,12.0,12,Stable,4_c2(vicinity) | 3_c2(vicinity) | 3_c2(vicinity) | 3_c2(vicinity) | 4_c2(vicinity) | 3_c2(vicinity) | 2_c1(local) | 2_c1(local) | 1_c1(local) | 1_c1(local) | 1_c1(local) | 1_c1(local)
291,758,7.58,12.0,12,Stable,4_c2(vicinity) | 3_c2(vicinity) | 3_c2(vicinity) | 3_c2(vicinity) | 4_c2(vicinity) | 3_c2(vicinity) | 2_c1(local) | 2_c1(local) | 1_c1(local) | 1_c1(local) | 1_c1(local) | 1_c1(local)
292,649,6.49,12.0,12,Stable,4_c2(vicinity) | 3_c2(vicinity) | 3_c2(vicinity) | 3_c2(vicinity) | 4_c2(vicinity) | 3_c2(vicinity) | 2_c1(local) | 2_c1(local) | 1_c1(local) | 1_c1(local) | 1_c1(local) | 1_c1(local)
293,591,5.91,12.0,12,Stable,4_c2(vicinity) | 3_c2(vicinity) | 3_c2(vicinity) | 3_c2(vicinity) | 4_c2(vicinity) | 3_c2(vicinity) | 2_c1(local) | 2_c1(local) | 1_c1(local) | 1_c1(local) | 1_c1(local) | 1_c1(local)
294,761,7.61,12.0,12,Stable,4_c2(vicinity) | 3_c2(vicinity) | 3_c2(vicinity) | 3_c2(vicinity) | 4_c2(vicinity) | 3_c2(vicinity) | 2_c1(local) | 2_c1(local) | 1_c1(local) | 1_c1(local) | 1_c1(local) | 1_c1(local)
295,572,5.72,12.0,12,Stable,4_c2(vicinity) | 3_c2(vicinity) | 3_c2(vicinity) | 3_c2(vicinity) | 4_c2(vicinity) | 3_c2(vicinity) | 2_c1(local) | 2_c1(local) | 1_c1(local) | 1_c1(local) | 1_c1(local) | 1_c1(local)
296,562,5.62,12.0,12,Stable,4_c2(vicinity) | 3_c2(vicinity) | 3_c2(vicinity) | 3_c2(vicinity) | 4_c2(vicinity) | 3_c2(vicinity) | 2_c1(local) | 2_c1(local) | 1_c1(local) | 1_c1(local) | 1_c1(local) | 1_c1(local)
297,552,5.52,12.0,12,Stable,4_c2(vicinity) | 3_c2(vicinity) | 3_c2(vicinity) | 3_c2(vicinity) | 4_c2(vicinity) | 3_c2(vicinity) | 2_c1(local) | 2_c1(local) | 1_c1(local) | 1_c1(local) | 1_c1(local) | 1_c1(local)
298,515,5.15,12.0,12,Stable,4_c2(vicinity) | 3_c2(vicinity) | 3_c2(vicinity) | 3_c2(vicinity) | 4_c2(vicinity) | 3_c2(vicinity) | 2_c1(local) | 2_c1(local) | 1_c1(local) | 1_c1(local) | 1_c1(local) | 1_c1(local)
299,596,5.96,12.0,12,Stable,4_c2(vicinity) | 3_c2(vicinity) | 3_c2(vicinity) | 3_c2(vicinity) | 4_c2(vicinity) | 3_c2(vicinity) | 2_c1(local) | 2_c1(local) | 1_c1(local) | 1_c1(local) | 1_c1(local) | 1_c1(local)
300,533,5.33,12.0,12,Stable,4_c2(vicinity) | 3_c2(vicinity) | 3_c2(vicinity) | 3_c2(vicinity) | 4_c2(vicinity) | 3_c2(vicinity) | 2_c1(local) | 2_c1(local) | 1_c1(local) | 1_c1(local) | 1_c1(local) | 1_c1(local)
301,626,6.26,12.0,12,Stable,4_c2(vicinity) | 3_c2(vicinity) | 3_c2(vicinity) | 3_c2(vicinity) | 4_c2(vicinity) | 3_c2(vicinity) | 2_c1(local) | 2_c1(local) | 1_c1(local) | 1_c1(local) | 1_c1(local) | 1_c1(local)
302,703,7.03,12.0,12,Stable,4_c2(vicinity) | 3_c2(vicinity) | 3_c2(vicinity) | 3_c2(vicinity) | 4_c2(vicinity) | 3_c2(vicinity) | 2_c1(local) | 2_c1(local) | 1_c1(local) | 1_c1(local) | 1_c1(local) | 1_c1(local)
303,803,8.03,12.0,12,Stable,4_c2(vicinity) | 3_c2(vicinity) | 3_c2(vicinity) | 3_c2(vicinity) | 4_c2(vicinity) | 3_c2(vicinity) | 2_c1(local) | 2_c1(local) | 1_c1(local) | 1_c1(local) | 1_c1(local) | 1_c1(local)
304,704,7.04,12.0,12,Stable,4_c2(vicinity) | 3_c2(vicinity) | 3_c2(vicinity) | 3_c2(vicinity) | 4_c2(vicinity) | 3_c2(vicinity) | 2_c1(local) | 2_c1(local) | 1_c1(local) | 1_c1(local) | 1_c1(local) | 1_c1(local)
305,691,6.91,12.0,12,Stable,4_c2(vicinity) | 3_c2(vicinity) | 3_c2(vicinity) | 3_c2(vicinity) | 4_c2(vicinity) | 3_c2(vicinity) | 2_c1(local) | 2_c1(local) | 1_c1(local) | 1_c1(local) | 1_c1(local) | 1_c1(local)
306,514,5.14,12.0,12,Stable,4_c2(vicinity) | 3_c2(vicinity) | 3_c2(vicinity) | 3_c2(vicinity) | 4_c2(vicinity) | 3_c2(vicinity) | 2_c1(local) | 2_c1(local) | 1_c1(local) | 1_c1(local) | 1_c1(local) | 1_c1(local)
307,565,5.65,12.0,12,Stable,4_c2(vicinity) | 3_c2(vicinity) | 3_c2(vicinity) | 3_c2(vicinity) | 4_c2(vicinity) | 3_c2(vicinity) | 2_c1(local) | 2_c1(local) | 1_c1(local) | 1_c1(local) | 1_c1(local) | 1_c1(local)
308,670,6.7,12.0,12,Stable,4_c2(vicinity) | 3_c2(vicinity) | 3_c2(vicinity) | 3_c2(vicinity) | 4_c2(vicinity) | 3_c2(vicinity) | 2_c1(local) | 2_c1(local) | 1_c1(local) | 1_c1(local) | 1_c1(local) | 1_c1(local)
309,555,5.55,12.0,12,Stable,4_c2(vicinity) | 3_c2(vicinity) | 3_c2(vicinity) | 3_c2(vicinity) | 4_c2(vicinity) | 3_c2(vicinity) | 2_c1(local) | 2_c1(local) | 1_c1(local) | 1_c1(local) | 1_c1(local) | 1_c1(local)
310,675,6.75,12.0,12,Stable,4_c2(vicinity) | 3_c2(vicinity) | 3_c2(vicinity) | 3_c2(vicinity) | 4_c2(vicinity) | 3_c2(vicinity) | 2_c1(local) | 2_c1(local) | 1_c1(local) | 1_c1(local) | 1_c1(local) | 1_c1(local)
311,744,7.44,12.0,12,Stable,4_c2(vicinity) | 3_c2(vicinity) | 3_c2(vicinity) | 3_c2(vicinity) | 4_c2(vicinity) | 3_c2(vicinity) | 2_c1(local) | 2_c1(local) | 1_c1(local) | 1_c1(local) | 1_c1(local) | 1_c1(local)
312,681,6.81,12.0,12,Stable,4_c2(vicinity) | 3_c2(vicinity) | 3_c2(vicinity) | 3_c2(vicinity) | 4_c2(vicinity) | 3_c2(vicinity) | 2_c1(local) | 2_c1(local) | 1_c1(local) | 1_c1(local) | 1_c1(local) | 1_c1(local)
313,642,6.42,12.0,12,Stable,4_c2(vicinity) | 3_c2(vicinity) | 3_c2(vicinity) | 3_c2(vicinity) | 4_c2(vicinity) | 3_c2(vicinity) | 2_c1(local) | 2_c1(local) | 1_c1(local) | 1_c1(local) | 1_c1(local) | 1_c1(local)
314,560,5.6,12.0,12,Stable,4_c2(vicinity) | 3_c2(vicinity) | 3_c2(vicinity) | 3_c2(vicinity) | 4_c2(vicinity) | 3_c2(vicinity) | 2_c1(local) | 2_c1(local) | 1_c1(local) | 1_c1(local) | 1_c1(local) | 1_c1(local)
315,752,7.52,12.0,12,Stable,4_c2(vicinity) | 3_c2(vicinity) | 3_c2(vicinity) | 3_c2(vicinity) | 4_c2(vicinity) | 3_c2(vicinity) | 2_c1(local) | 2_c1(local) | 1_c1(local) | 1_c1(local) | 1_c1(local) | 1_c1(local)
316,836,8.36,12.0,12,Stable,4_c2(vicinity) | 3_c2(vicinity) | 3_c2(vicinity) | 3_c2(vicinity) | 4_c2(vicinity) | 3_c2(vicinity) | 2_c1(local) | 2_c1(local) | 1_c1(local) | 1_c1(local) | 1_c1(local) | 1_c1(local)
317,613,6.13,12.0,12,Stable,4_c2(vicinity) | 3_c2(vicinity) | 3_c2(vicinity) | 3_c2(vicinity) | 4_c2(vicinity) | 3_c2(vicinity) | 2_c1(local) | 2_c1(local) | 1_c1(local) | 1_c1(local) | 1_c1(local) | 1_c1(local)
318,762,7.62,12.0,12,Stable,4_c2(vicinity) | 3_c2(vicinity) | 3_c2(vicinity) | 3_c2(vicinity) | 4_c2(vicinity) | 3_c2(vicinity) | 2_c1(local) | 2_c1(local) | 1_c1(local) | 1_c1(local) | 1_c1(local) | 1_c1(local)
319,615,6.15,12.0,12,Stable,4_c2(vicinity) | 3_c2(vicinity) | 3_c2(vicinity) | 3_c2(vicinity) | 4_c2(vicinity) | 3_c2(vicinity) | 2_c1(local) | 2_c1(local) | 1_c1(local) | 1_c1(local) | 1_c1(local) | 1_c1(local)
320,699,6.99,12.0,12,Stable,4_c2(vicinity) | 3_c2(vicinity) | 3_c2(vicinity) | 3_c2(vicinity) | 4_c2(vicinity) | 3_c2(vicinity) | 2_c1(local) | 2_c1(local) | 1_c1(local) | 1_c1(local) | 1_c1(local) | 1_c1(local)
321,863,8.63,12.0,12,Stable,4_c2(vicinity) | 3_c2(vicinity) | 3_c2(vicinity) | 3_c2(vicinity) | 4_c2(vicinity) | 3_c2(vicinity) | 2_c1(local) | 2_c1(local) | 1_c1(local) | 1_c1(local) | 1_c1(local) | 1_c1(local)
322,752,7.52,12.0,12,Stable,4_c2(vicinity) | 3_c2(vicinity) | 3_c2(vicinity) | 3_c2(vicinity) | 4_c2(vicinity) | 3_c2(vicinity) | 2_c1(local) | 2_c1(local) | 1_c1(local) | 1_c1(local) | 1_c1(local) | 1_c1(local)
323,891,8.91,12.0,12,Stable,4_c2(vicinity) | 3_c2(vicinity) | 3_c2(vicinity) | 3_c2(vicinity) | 4_c2(vicinity) | 3_c2(vicinity) | 2_c1(local) | 2_c1(local) | 1_c1(local) | 1_c1(local) | 1_c1(local) | 1_c1(local)
324,951,9.51,12.0,12,Stable,4_c2(vicinity) | 3_c2(vicinity) | 3_c2(vicinity) | 3_c2(vicinity) | 4_c2(vicinity) | 3_c2(vicinity) | 2_c1(local) | 2_c1(local) | 1_c1(local) | 1_c1(local) | 1_c1(local) | 1_c1(local)
325,799,7.99,12.0,12,Stable,4_c2(vicinity) | 3_c2(vicinity) | 3_c2(vicinity) | 3_c2(vicinity) | 4_c2(vicinity) | 3_c2(vicinity) | 2_c1(local) | 2_c1(local) | 1_c1(local) | 1_c1(local) | 1_c1(local) | 1_c1(local)
326,617,6.17,12.0,12,Stable,4_c2(vicinity) | 3_c2(vicinity) | 3_c2(vicinity) | 3_c2(vicinity) | 4_c2(vicinity) | 3_c2(vicinity) | 2_c1(local) | 2_c1(local) | 1_c1(local) | 1_c1(local) | 1_c1(local) | 1_c1(local)
327,675,6.75,12.0,12,Stable,4_c2(vicinity) | 3_c2(vicinity) | 3_c2(vicinity) | 3_c2(vicinity) | 4_c2(vicinity) | 3_c2(vicinity) | 2_c1(local) | 2_c1(local) | 1_c1(local) | 1_c1(local) | 1_c1(local) | 1_c1(local)
328,801,8.01,12.0,12,Stable,4_c2(vicinity) | 3_c2(vicinity) | 3_c2(vicinity) | 3_c2(vicinity) | 4_c2(vicinity) | 3_c2(vicinity) | 2_c1(local) | 2_c1(local) | 1_c1(local) | 1_c1(local) | 1_c1(local) | 1_c1(local)
329,747,7.47,12.0,12,Stable,4_c2(vicinity) | 3_c2(vicinity) | 3_c2(vicinity) | 3_c2(vicinity) | 4_c2(vicinity) | 3_c2(vicinity) | 2_c1(local) | 2_c1(local) | 1_c1(local) | 1_c1(local) | 1_c1(local) | 1_c1(local)
330,715,7.15,12.0,12,Stable,4_c2(vicinity) | 3_c2(vicinity) | 3_c2(vicinity) | 3_c2(vicinity) | 4_c2(vicinity) | 3_c2(vicinity) | 2_c1(local) | 2_c1(local) | 1_c1(local) | 1_c1(local) | 1_c1(local) | 1_c1(local)
331,518,5.18,12.0,12,Stable,4_c2(vicinity) | 3_c2(vicinity) | 3_c2(vicinity) | 3_c2(vicinity) | 4_c2(vicinity) | 3_c2(vicinity) | 2_c1(local) | 2_c1(local) | 1_c1(local) | 1_c1(local) | 1_c1(local) | 1_c1(local)
332,644,6.44,12.0,12,Stable,4_c2(vicinity) | 3_c2(vicinity) | 3_c2(vicinity) | 3_c2(vicinity) | 4_c2(vicinity) | 3_c2(vicinity) | 2_c1(local) | 2_c1(local) | 1_c1(local) | 1_c1(local) | 1_c1(local) | 1_c1(local)
333,571,5.71,12.0,12,Stable,4_c2(vicinity) | 3_c2(vicinity) | 3_c2(vicinity) | 3_c2(vicinity) | 4_c2(vicinity) | 3_c2(vicinity) | 2_c1(local) | 2_c1(local) | 1_c1(local) | 1_c1(local) | 1_c1(local) | 1_c1(local)
334,633,6.33,12.0,12,Stable,4_c2(vicinity) | 3_c2(vicinity) | 3_c2(vicinity) | 3_c2(vicinity) | 4_c2(vicinity) | 3_c2(vicinity) | 2_c1(local) | 2_c1(local) | 1_c1(local) | 1_c1(local) | 1_c1(local) | 1_c1(local)
335,700,7.0,12.0,12,Stable,4_c2(vicinity) | 3_c2(vicinity) | 3_c2(vicinity) | 3_c2(vicinity) | 4_c2(vicinity) | 3_c2(vicinity) | 2_c1(local) | 2_c1(local) | 1_c1(local) | 1_c1(local) | 1_c1(local) | 1_c1(local)
336,578,5.78,12.0,12,Stable,4_c2(vicinity) | 3_c2(vicinity) | 3_c2(vicinity) | 3_c2(vicinity) | 4_c2(vicinity) | 3_c2(vicinity) | 2_c1(local) | 2_c1(local) | 1_c1(local) | 1_c1(local) | 1_c1(local) | 1_c1(local)
337,758,7.58,12.0,12,Stable,4_c2(vicinity) | 3_c2(vicinity) | 3_c2(vicinity) | 3_c2(vicinity) | 4_c2(vicinity) | 3_c2(vicinity) | 2_c1(local) | 2_c1(local) | 1_c1(local) | 1_c1(local) | 1_c1(local) | 1_c1(local)
338,759,7.59,12.0,12,Stable,4_c2(vicinity) | 3_c2(vicinity) | 3_c2(vicinity) | 3_c2(vicinity) | 4_c2(vicinity) | 3_c2(vicinity) | 2_c1(local) | 2_c1(local) | 1_c1(local) | 1_c1(local) | 1_c1(local) | 1_c1(local)
339,707,7.07,12.0,12,Stable,4_c2(vicinity) | 3_c2(vicinity) | 3_c2(vicinity) | 3_c2(vicinity) | 4_c2(vicinity) | 3_c2(vicinity) | 2_c1(local) | 2_c1(local) | 1_c1(local) | 1_c1(local) | 1_c1(local) | 1_c1(local)
340,687,6.87,12.0,12,Stable,4_c2(vicinity) | 3_c2(vicinity) | 3_c2(vicinity) | 3_c2(vicinity) | 4_c2(vicinity) | 3_c2(vicinity) | 2_c1(local) | 2_c1(local) | 1_c1(local) | 1_c1(local) | 1_c1(local) | 1_c1(local)
341,620,6.2,12.0,12,Stable,4_c2(vicinity) | 3_c2(vicinity) | 3_c2(vicinity) | 3_c2(vicinity) | 4_c2(vicinity) | 3_c2(vicinity) | 2_c1(local) | 2_c1(local) | 1_c1(local) | 1_c1(local) | 1_c1(local) | 1_c1(local)
342,563,5.63,12.0,12,Stable,4_c2(vicinity) | 3_c2(vicinity) | 3_c2(vicinity) | 3_c2(vicinity) | 4_c2(vicinity) | 3_c2(vicinity) | 2_c1(local) | 2_c1(local) | 1_c1(local) | 1_c1(local) | 1_c1(local) | 1_c1(local)
343,446,4.46,12.0,12,Stable,4_c2(vicinity) | 3_c2(vicinity) | 3_c2(vicinity) | 3_c2(vicinity) | 4_c2(vicinity) | 3_c2(vicinity) | 2_c1(local) | 2_c1(local) | 1_c1(local) | 1_c1(local) | 1_c1(local) | 1_c1(local)
344,543,5.43,12.0,12,Stable,4_c2(vicinity) | 3_c2(vicinity) | 3_c2(vicinity) | 3_c2(vicinity) | 4_c2(vicinity) | 3_c2(vicinity) | 2_c1(local) | 2_c1(local) | 1_c1(local) | 1_c1(local) | 1_c1(local) | 1_c1(local)
345,561,5.61,12.0,12,Stable,4_c2(vicinity) | 3_c2(vicinity) | 3_c2(vicinity) | 3_c2(vicinity) | 4_c2(vicinity) | 3_c2(vicinity) | 2_c1(local) | 2_c1(local) | 1_c1(local) | 1_c1(local) | 1_c1(local) | 1_c1(local)
346,507,5.07,12.0,12,Stable,4_c2(vicinity) | 3_c2(vicinity) | 3_c2(vicinity) | 3_c2(vicinity) | 4_c2(vicinity) | 3_c2(vicinity) | 2_c1(local) | 2_c1(local) | 1_c1(local) | 1_c1(local) | 1_c1(local) | 1_c1(local)
347,409,4.09,12.0,12,Stable,4_c2(vicinity) | 3_c2(vicinity) | 3_c2(vicinity) | 3_c2(vicinity) | 4_c2(vicinity) | 3_c2(vicinity) | 2_c1(local) | 2_c1(local) | 1_c1(local) | 1_c1(local) | 1_c1(local) | 1_c1(local)
348,527,5.27,12.0,12,Stable,4_c2(vicinity) | 3_c2(vicinity) | 3_c2(vicinity) | 3_c2(vicinity) | 4_c2(vicinity) | 3_c2(vicinity) | 2_c1(local) | 2_c1(local) | 1_c1(local) | 1_c1(local) | 1_c1(local) | 1_c1(local)
349,741,7.41,12.0,12,Stable,4_c2(vicinity) | 3_c2(vicinity) | 3_c2(vicinity) | 3_c2(vicinity) | 4_c2(vicinity) | 3_c2(vicinity) | 2_c1(local) | 2_c1(local) | 1_c1(local) | 1_c1(local) | 1_c1(local) | 1_c1(local)
350,694,6.94,12.0,12,Stable,4_c2(vicinity) | 3_c2(vicinity) | 3_c2(vicinity) | 3_c2(vicinity) | 4_c2(vicinity) | 3_c2(vicinity) | 2_c1(local) | 2_c1(local) | 1_c1(local) | 1_c1(local) | 1_c1(local) | 1_c1(local)
351,732,7.32,12.0,12,Stable,4_c2(vicinity) | 3_c2(vicinity) | 3_c2(vicinity) | 3_c2(vicinity) | 4_c2(vicinity) | 3_c2(vicinity) | 2_c1(local) | 2_c1(local) | 1_c1(local) | 1_c1(local) | 1_c1(local) | 1_c1(local)
352,583,5.83,12.0,12,Stable,4_c2(vicinity) | 3_c2(vicinity) | 3_c2(vicinity) | 3_c2(vicinity) | 4_c2(vicinity) | 3_c2(vicinity) | 2_c1(local) | 2_c1(local) | 1_c1(local) | 1_c1(local) | 1_c1(local) | 1_c1(local)
353,562,5.62,12.0,12,Stable,4_c2(vicinity) | 3_c2(vicinity) | 3_c2(vicinity) | 3_c2(vicinity) | 4_c2(vicinity) | 3_c2(vicinity) | 2_c1(local) | 2_c1(local) | 1_c1(local) | 1_c1(local) | 1_c1(local) | 1_c1(local)
354,559,5.59,12.0,12,Stable,4_c2(vicinity) | 3_c2(vicinity) | 3_c2(vicinity) | 3_c2(vicinity) | 4_c2(vicinity) | 3_c2(vicinity) | 2_c1(local) | 2_c1(local) | 1_c1(local) | 1_c1(local) | 1_c1(local) | 1_c1(local)
355,664,6.64,12.0,12,Stable,4_c2(vicinity) | 3_c2(vicinity) | 3_c2(vicinity) | 3_c2(vicinity) | 4_c2(vicinity) | 3_c2(vicinity) | 2_c1(local) | 2_c1(local) | 1_c1(local) | 1_c1(local) | 1_c1(local) | 1_c1(local)
356,599,5.99,12.0,12,Stable,4_c2(vicinity) | 3_c2(vicinity) | 3_c2(vicinity) | 3_c2(vicinity) | 4_c2(vicinity) | 3_c2(vicinity) | 2_c1(local) | 2_c1(local) | 1_c1(local) | 1_c1(local) | 1_c1(local) | 1_c1(local)
357,757,7.57,12.0,12,Stable,4_c2(vicinity) | 3_c2(vicinity) | 3_c2(vicinity) | 3_c2(vicinity) | 4_c2(vicinity) | 3_c2(vicinity) | 2_c1(local) | 2_c1(local) | 1_c1(local) | 1_c1(local) | 1_c1(local) | 1_c1(local)
358,621,6.21,12.0,12,Stable,4_c2(vicinity) | 3_c2(vicinity) | 3_c2(vicinity) | 3_c2(vicinity) | 4_c2(vicinity) | 3_c2(vicinity) | 2_c1(local) | 2_c1(local) | 1_c1(local) | 1_c1(local) | 1_c1(local) | 1_c1(local)
359,437,4.37,12.0,12,Stable,4_c2(vicinity) | 3_c2(vicinity) | 3_c2(vicinity) | 3_c2(vicinity) | 4_c2(vicinity) | 3_c2(vicinity) | 2_c1(local) | 2_c1(local) | 1_c1(local) | 1_c1(local) | 1_c1(local) | 1_c1(local)
360,573,5.73,12.0,12,Stable,4_c2(vicinity) | 3_c2(vicinity) | 3_c2(vicinity) | 3_c2(vicinity) | 4_c2(vicinity) | 3_c2(vicinity) | 2_c1(local) | 2_c1(local) | 1_c1(local) | 1_c1(local) | 1_c1(local) | 1_c1(local)
361,621,6.21,12.0,12,Stable,4_c2(vicinity) | 3_c2(vicinity) | 3_c2(vicinity) | 3_c2(vicinity) | 4_c2(vicinity) | 3_c2(vicinity) | 2_c1(local) | 2_c1(local) | 1_c1(local) | 1_c1(local) | 1_c1(local) | 1_c1(local)
362,675,6.75,12.0,12,Stable,4_c2(vicinity) | 3_c2(vicinity) | 3_c2(vicinity) | 3_c2(vicinity) | 4_c2(vicinity) | 3_c2(vicinity) | 2_c1(local) | 2_c1(local) | 1_c1(local) | 1_c1(local) | 1_c1(local) | 1_c1(local)
363,607,6.07,12.0,12,Stable,4_c2(vicinity) | 3_c2(vicinity) | 3_c2(vicinity) | 3_c2(vicinity) | 4_c2(vicinity) | 3_c2(vicinity) | 2_c1(local) | 2_c1(local) | 1_c1(local) | 1_c1(local) | 1_c1(local) | 1_c1(local)
364,443,4.43,12.0,12,Stable,4_c2(vicinity) | 3_c2(vicinity) | 3_c2(vicinity) | 3_c2(vicinity) | 4_c2(vicinity) | 3_c2(vicinity) | 2_c1(local) | 2_c1(local) | 1_c1(local) | 1_c1(local) | 1_c1(local) | 1_c1(local)
365,443,4.43,12.0,12,Stable,4_c2(vicinity) | 3_c2(vicinity) | 3_c2(vicinity) | 3_c2(vicinity) | 4_c2(vicinity) | 3_c2(vicinity) | 2_c1(local) | 2_c1(local) | 1_c1(local) | 1_c1(local) | 1_c1(local) | 1_c1(local)
366,682,6.82,12.0,12,Stable,4_c2(vicinity) | 3_c2(vicinity) | 3_c2(vicinity) | 3_c2(vicinity) | 4_c2(vicinity) | 3_c2(vicinity) | 2_c1(local) | 2_c1(local) | 1_c1(local) | 1_c1(local) | 1_c1(local) | 1_c1(local)
367,607,6.07,12.0,12,Stable,4_c2(vicinity) | 3_c2(vicinity) | 3_c2(vicinity) | 3_c2(vicinity) | 4_c2(vicinity) | 3_c2(vicinity) | 2_c1(local) | 2_c1(local) | 1_c1(local) | 1_c1(local) | 1_c1(local) | 1_c1(local)
368,632,6.32,12.0,12,Stable,4_c2(vicinity) | 3_c2(vicinity) | 3_c2(vicinity) | 3_c2(vicinity) | 4_c2(vicinity) | 3_c2(vicinity) | 2_c1(local) | 2_c1(local) | 1_c1(local) | 1_c1(local) | 1_c1(local) | 1_c1(local)
369,541,5.41,12.0,12,Stable,4_c2(vicinity) | 3_c2(vicinity) | 3_c2(vicinity) | 3_c2(vicinity) | 4_c2(vicinity) | 3_c2(vicinity) | 2_c1(local) | 2_c1(local) | 1_c1(local) | 1_c1(local) | 1_c1(local) | 1_c1(local)
370,714,7.14,12.0,12,Stable,4_c2(vicinity) | 3_c2(vicinity) | 3_c2(vicinity) | 3_c2(vicinity) | 4_c2(vicinity) | 3_c2(vicinity) | 2_c1(local) | 2_c1(local) | 1_c1(local) | 1_c1(local) | 1_c1(local) | 1_c1(local)
371,716,7.16,12.0,12,Stable,4_c2(vicinity) | 3_c2(vicinity) | 3_c2(vicinity) | 3_c2(vicinity) | 4_c2(vicinity) | 3_c2(vicinity) | 2_c1(local) | 2_c1(local) | 1_c1(local) | 1_c1(local) | 1_c1(local) | 1_c1(local)
372,596,5.96,12.0,12,Stable,4_c2(vicinity) | 3_c2(vicinity) | 3_c2(vicinity) | 3_c2(vicinity) | 4_c2(vicinity) | 3_c2(vicinity) | 2_c1(local) | 2_c1(local) | 1_c1(local) | 1_c1(local) | 1_c1(local) | 1_c1(local)
373,491,4.91,12.0,12,Stable,4_c2(vicinity) | 3_c2(vicinity) | 3_c2(vicinity) | 3_c2(vicinity) | 4_c2(vicinity) | 3_c2(vicinity) | 2_c1(local) | 2_c1(local) | 1_c1(local) | 1_c1(local) | 1_c1(local) | 1_c1(local)
374,740,7.4,12.0,12,Stable,4_c2(vicinity) | 3_c2(vicinity) | 3_c2(vicinity) | 3_c2(vicinity) | 4_c2(vicinity) | 3_c2(vicinity) | 2_c1(local) | 2_c1(local) | 1_c1(local) | 1_c1(local) | 1_c1(local) | 1_c1(local)
375,702,7.02,12.0,12,Stable,4_c2(vicinity) | 3_c2(vicinity) | 3_c2(vicinity) | 3_c2(vicinity) | 4_c2(vicinity) | 3_c2(vicinity) | 2_c1(local) | 2_c1(local) | 1_c1(local) | 1_c1(local) | 1_c1(local) | 1_c1(local)
376,580,5.8,12.0,12,Stable,4_c2(vicinity) | 3_c2(vicinity) | 3_c2(vicinity) | 3_c2(vicinity) | 4_c2(vicinity) | 3_c2(vicinity) | 2_c1(local) | 2_c1(local) | 1_c1(local) | 1_c1(local) | 1_c1(local) | 1_c1(local)
377,603,6.03,12.0,12,Stable,4_c2(vicinity) | 3_c2(vicinity) | 3_c2(vicinity) | 3_c2(vicinity) | 4_c2(vicinity) | 3_c2(vicinity) | 2_c1(local) | 2_c1(local) | 1_c1(local) | 1_c1(local) | 1_c1(local) | 1_c1(local)
378,586,5.86,12.0,12,Stable,4_c2(vicinity) | 3_c2(vicinity) | 3_c2(vicinity) | 3_c2(vicinity) | 4_c2(vicinity) | 3_c2(vicinity) | 2_c1(local) | 2_c1(local) | 1_c1(local) | 1_c1(local) | 1_c1(local) | 1_c1(local)
379,703,7.03,12.0,12,Stable,4_c2(vicinity) | 3_c2(vicinity) | 3_c2(vicinity) | 3_c2(vicinity) | 4_c2(vicinity) | 3_c2(vicinity) | 2_c1(local) | 2_c1(local) | 1_c1(local) | 1_c1(local) | 1_c1(local) | 1_c1(local)
380,657,6.57,12.0,12,Stable,4_c2(vicinity) | 3_c2(vicinity) | 3_c2(vicinity) | 3_c2(vicinity) | 4_c2(vicinity) | 3_c2(vicinity) | 2_c1(local) | 2_c1(local) | 1_c1(local) | 1_c1(local) | 1_c1(local) | 1_c1(local)
381,598,5.98,12.0,12,Stable,4_c2(vicinity) | 3_c2(vicinity) | 3_c2(vicinity) | 3_c2(vicinity) | 4_c2(vicinity) | 3_c2(vicinity) | 2_c1(local) | 2_c1(local) | 1_c1(local) | 1_c1(local) | 1_c1(local) | 1_c1(local)
382,548,5.48,12.0,12,Stable,4_c2(vicinity) | 3_c2(vicinity) | 3_c2(vicinity) | 3_c2(vicinity) | 4_c2(vicinity) | 3_c2(vicinity) | 2_c1(local) | 2_c1(local) | 1_c1(local) | 1_c1(local) | 1_c1(local) | 1_c1(local)
383,585,5.85,12.0,12,Stable,4_c2(vicinity) | 3_c2(vicinity) | 3_c2(vicinity) | 3_c2(vicinity) | 4_c2(vicinity) | 3_c2(vicinity) | 2_c1(local) | 2_c1(local) | 1_c1(local) | 1_c1(local) | 1_c1(local) | 1_c1(local)
384,520,5.2,12.0,12,Stable,4_c2(vicinity) | 3_c2(vicinity) | 3_c2(vicinity) | 3_c2(vicinity) | 4_c2(vicinity) | 3_c2(vicinity) | 2_c1(local) | 2_c1(local) | 1_c1(local) | 1_c1(local) | 1_c1(local) | 1_c1(local)
385,690,6.9,12.0,12,Stable,4_c2(vicinity) | 3_c2(vicinity) | 3_c2(vicinity) | 3_c2(vicinity) | 4_c2(vicinity) | 3_c2(vicinity) | 2_c1(local) | 2_c1(local) | 1_c1(local) | 1_c1(local) | 1_c1(local) | 1_c1(local)
386,570,5.7,12.0,12,Stable,4_c2(vicinity) | 3_c2(vicinity) | 3_c2(vicinity) | 3_c2(vicinity) | 4_c2(vicinity) | 3_c2(vicinity) | 2_c1(local) | 2_c1(local) | 1_c1(local) | 1_c1(local) | 1_c1(local) | 1_c1(local)
387,584,5.84,12.0,12,Stable,4_c2(vicinity) | 3_c2(vicinity) | 3_c2(vicinity) | 3_c2(vicinity) | 4_c2(vicinity) | 3_c2(vicinity) | 2_c1(local) | 2_c1(local) | 1_c1(local) | 1_c1(local) | 1_c1(local) | 1_c1(local)
388,671,6.71,12.0,12,Stable,4_c2(vicinity) | 3_c2(vicinity) | 3_c2(vicinity) | 3_c2(vicinity) | 4_c2(vicinity) | 3_c2(vicinity) | 2_c1(local) | 2_c1(local) | 1_c1(local) | 1_c1(local) | 1_c1(local) | 1_c1(local)
389,529,5.29,12.0,12,Stable,4_c2(vicinity) | 3_c2(vicinity) | 3_c2(vicinity) | 3_c2(vicinity) | 4_c2(vicinity) | 3_c2(vicinity) | 2_c1(local) | 2_c1(local) | 1_c1(local) | 1_c1(local) | 1_c1(local) | 1_c1(local)
390,612,6.12,12.0,12,Stable,4_c2(vicinity) | 3_c2(vicinity) | 3_c2(vicinity) | 3_c2(vicinity) | 4_c2(vicinity) | 3_c2(vicinity) | 2_c1(local) | 2_c1(local) | 1_c1(local) | 1_c1(local) | 1_c1(local) | 1_c1(local)
391,677,6.77,12.0,12,Stable,4_c2(vicinity) | 3_c2(vicinity) | 3_c2(vicinity) | 3_c2(vicinity) | 4_c2(vicinity) | 3_c2(vicinity) | 2_c1(local) | 2_c1(local) | 1_c1(local) | 1_c1(local) | 1_c1(local) | 1_c1(local)
392,792,7.92,12.0,12,Stable,4_c2(vicinity) | 3_c2(vicinity) | 3_c2(vicinity) | 3_c2(vicinity) | 4_c2(vicinity) | 3_c2(vicinity) | 2_c1(local) | 2_c1(local) | 1_c1(local) | 1_c1(local) | 1_c1(local) | 1_c1(local)
393,738,7.38,12.0,12,Stable,4_c2(vicinity) | 3_c2(vicinity) | 3_c2(vicinity) | 3_c2(vicinity) | 4_c2(vicinity) | 3_c2(vicinity) | 2_c1(local) | 2_c1(local) | 1_c1(local) | 1_c1(local) | 1_c1(local) | 1_c1(local)
394,693,6.93,12.0,12,Stable,4_c2(vicinity) | 3_c2(vicinity) | 3_c2(vicinity) | 3_c2(vicinity) | 4_c2(vicinity) | 3_c2(vicinity) | 2_c1(local) | 2_c1(local) | 1_c1(local) | 1_c1(local) | 1_c1(local) | 1_c1(local)
395,531,5.31,12.0,12,Stable,4_c2(vicinity) | 3_c2(vicinity) | 3_c2(vicinity) | 3_c2(vicinity) | 4_c2(vicinity) | 3_c2(vicinity) | 2_c1(local) | 2_c1(local) | 1_c1(local) | 1_c1(local) | 1_c1(local) | 1_c1(local)
396,634,6.34,12.0,12,Stable,4_c2(vicinity) | 3_c2(vicinity) | 3_c2(vicinity) | 3_c2(vicinity) | 4_c2(vicinity) | 3_c2(vicinity) | 2_c1(local) | 2_c1(local) | 1_c1(local) | 1_c1(local) | 1_c1(local) | 1_c1(local)
397,615,6.15,12.0,12,Stable,4_c2(vicinity) | 3_c2(vicinity) | 3_c2(vicinity) | 3_c2(vicinity) | 4_c2(vicinity) | 3_c2(vicinity) | 2_c1(local) | 2_c1(local) | 1_c1(local) | 1_c1(local) | 1_c1(local) | 1_c1(local)
398,709,7.09,12.0,12,Stable,4_c2(vicinity) | 3_c2(vicinity) | 3_c2(vicinity) | 3_c2(vicinity) | 4_c2(vicinity) | 3_c2(vicinity) | 2_c1(local) | 2_c1(local) | 1_c1(local) | 1_c1(local) | 1_c1(local) | 1_c1(local)
399,590,5.9,12.0,12,Stable,4_c2(vicinity) | 3_c2(vicinity) | 3_c2(vicinity) | 3_c2(vicinity) | 4_c2(vicinity) | 3_c2(vicinity) | 2_c1(local) | 2_c1(local) | 1_c1(local) | 1_c1(local) | 1_c1(local) | 1_c1(local)
400,690,6.9,12.0,12,Stable,4_c2(vicinity) | 3_c2(vicinity) | 3_c2(vicinity) | 3_c2(vicinity) | 4_c2(vicinity) | 3_c2(vicinity) | 2_c1(local) | 2_c1(local) | 1_c1(local) | 1_c1(local) | 1_c1(local) | 1_c1(local)
401,612,6.12,12.0,12,Stable,4_c2(vicinity) | 3_c2(vicinity) | 3_c2(vicinity) | 3_c2(vicinity) | 4_c2(vicinity) | 3_c2(vicinity) | 2_c1(local) | 2_c1(local) | 1_c1(local) | 1_c1(local) | 1_c1(local) | 1_c1(local)
402,681,6.81,12.0,12,Stable,4_c2(vicinity) | 3_c2(vicinity) | 3_c2(vicinity) | 3_c2(vicinity) | 4_c2(vicinity) | 3_c2(vicinity) | 2_c1(local) | 2_c1(local) | 1_c1(local) | 1_c1(local) | 1_c1(local) | 1_c1(local)
403,582,5.82,12.0,12,Stable,4_c2(vicinity) | 3_c2(vicinity) | 3_c2(vicinity) | 3_c2(vicinity) | 4_c2(vicinity) | 3_c2(vicinity) | 2_c1(local) | 2_c1(local) | 1_c1(local) | 1_c1(local) | 1_c1(local) | 1_c1(local)
404,362,3.62,12.0,12,Stable,4_c2(vicinity) | 3_c2(vicinity) | 3_c2(vicinity) | 3_c2(vicinity) | 4_c2(vicinity) | 3_c2(vicinity) | 2_c1(local) | 2_c1(local) | 1_c1(local) | 1_c1(local) | 1_c1(local) | 1_c1(local)
405,658,6.58,12.0,12,Stable,4_c2(vicinity) | 3_c2(vicinity) | 3_c2(vicinity) | 3_c2(vicinity) | 4_c2(vicinity) | 3_c2(vicinity) | 2_c1(local) | 2_c1(local) | 1_c1(local) | 1_c1(local) | 1_c1(local) | 1_c1(local)
406,720,7.2,12.0,12,Stable,4_c2(vicinity) | 3_c2(vicinity) | 3_c2(vicinity) | 3_c2(vicinity) | 4_c2(vicinity) | 3_c2(vicinity) | 2_c1(local) | 2_c1(local) | 1_c1(local) | 1_c1(local) | 1_c1(local) | 1_c1(local)
407,584,5.84,12.0,12,Stable,4_c2(vicinity) | 3_c2(vicinity) | 3_c2(vicinity) | 3_c2(vicinity) | 4_c2(vicinity) | 3_c2(vicinity) | 2_c1(local) | 2_c1(local) | 1_c1(local) | 1_c1(local) | 1_c1(local) | 1_c1(local)
408,580,5.8,12.0,12,Stable,4_c2(vicinity) | 3_c2(vicinity) | 3_c2(vicinity) | 3_c2(vicinity) | 4_c2(vicinity) | 3_c2(vicinity) | 2_c1(local) | 2_c1(local) | 1_c1(local) | 1_c1(local) | 1_c1(local) | 1_c1(local)
409,620,6.2,12.0,12,Stable,4_c2(vicinity) | 3_c2(vicinity) | 3_c2(vicinity) | 3_c2(vicinity) | 4_c2(vicinity) | 3_c2(vicinity) | 2_c1(local) | 2_c1(local) | 1_c1(local) | 1_c1(local) | 1_c1(local) | 1_c1(local)
410,667,6.67,12.0,12,Stable,4_c2(vicinity) | 3_c2(vicinity) | 3_c2(vicinity) | 3_c2(vicinity) | 4_c2(vicinity) | 3_c2(vicinity) | 2_c1(local) | 2_c1(local) | 1_c1(local) | 1_c1(local) | 1_c1(local) | 1_c1(local)
411,577,5.77,12.0,12,Stable,4_c2(vicinity) | 3_c2(vicinity) | 3_c2(vicinity) | 3_c2(vicinity) | 4_c2(vicinity) | 3_c2(vicinity) | 2_c1(local) | 2_c1(local) | 1_c1(local) | 1_c1(local) | 1_c1(local) | 1_c1(local)
412,622,6.22,12.0,12,Stable,4_c2(vicinity) | 3_c2(vicinity) | 3_c2(vicinity) | 3_c2(vicinity) | 4_c2(vicinity) | 3_c2(vicinity) | 2_c1(local) | 2_c1(local) | 1_c1(local) | 1_c1(local) | 1_c1(local) | 1_c1(local)
413,509,5.09,12.0,12,Stable,4_c2(vicinity) | 3_c2(vicinity) | 3_c2(vicinity) | 3_c2(vicinity) | 4_c2(vicinity) | 3_c2(vicinity) | 2_c1(local) | 2_c1(local) | 1_c1(local) | 1_c1(local) | 1_c1(local) | 1_c1(local)
414,420,4.2,12.0,12,Stable,4_c2(vicinity) | 3_c2(vicinity) | 3_c2(vicinity) | 3_c2(vicinity) | 4_c2(vicinity) | 3_c2(vicinity) | 2_c1(local) | 2_c1(local) | 1_c1(local) | 1_c1(local) | 1_c1(local) | 1_c1(local)
415,481,4.81,12.0,12,Stable,4_c2(vicinity) | 3_c2(vicinity) | 3_c2(vicinity) | 3_c2(vicinity) | 4_c2(vicinity) | 3_c2(vicinity) | 2_c1(local) | 2_c1(local) | 1_c1(local) | 1_c1(local) | 1_c1(local) | 1_c1(local)
416,379,3.79,12.0,12,Stable,4_c2(vicinity) | 3_c2(vicinity) | 3_c2(vicinity) | 3_c2(vicinity) | 4_c2(vicinity) | 3_c2(vicinity) | 2_c1(local) | 2_c1(local) | 1_c1(local) | 1_c1(local) | 1_c1(local) | 1_c1(local)
417,557,5.57,12.0,12,Stable,4_c2(vicinity) | 3_c2(vicinity) | 3_c2(vicinity) | 3_c2(vicinity) | 4_c2(vicinity) | 3_c2(vicinity) | 2_c1(local) | 2_c1(local) | 1_c1(local) | 1_c1(local) | 1_c1(local) | 1_c1(local)
418,498,4.98,12.0,12,Stable,4_c2(vicinity) | 3_c2(vicinity) | 3_c2(vicinity) | 3_c2(vicinity) | 4_c2(vicinity) | 3_c2(vicinity) | 2_c1(local) | 2_c1(local) | 1_c1(local) | 1_c1(local) | 1_c1(local) | 1_c1(local)
419,605,6.05,12.0,12,Stable,4_c2(vicinity) | 3_c2(vicinity) | 3_c2(vicinity) | 3_c2(vicinity) | 4_c2(vicinity) | 3_c2(vicinity) | 2_c1(local) | 2_c1(local) | 1_c1(local) | 1_c1(local) | 1_c1(local) | 1_c1(local)
420,646,6.46,12.0,12,Stable,4_c2(vicinity) | 3_c2(vicinity) | 3_c2(vicinity) | 3_c2(vicinity) | 4_c2(vicinity) | 3_c2(vicinity) | 2_c1(local) | 2_c1(local) | 1_c1(local) | 1_c1(local) | 1_c1(local) | 1_c1(local)
421,587,5.87,12.0,12,Stable,4_c2(vicinity) | 3_c2(vicinity) | 3_c2(vicinity) | 3_c2(vicinity) | 4_c2(vicinity) | 3_c2(vicinity) | 2_c1(local) | 2_c1(local) | 1_c1(local) | 1_c1(local) | 1_c1(local) | 1_c1(local)
422,474,4.74,12.0,12,Stable,4_c2(vicinity) | 3_c2(vicinity) | 3_c2(vicinity) | 3_c2(vicinity) | 4_c2(vicinity) | 3_c2(vicinity) | 2_c1(local) | 2_c1(local) | 1_c1(local) | 1_c1(local) | 1_c1(local) | 1_c1(local)
423,507,5.07,12.0,12,Stable,4_c2(vicinity) | 3_c2(vicinity) | 3_c2(vicinity) | 3_c2(vicinity) | 4_c2(vicinity) | 3_c2(vicinity) | 2_c1(local) | 2_c1(local) | 1_c1(local) | 1_c1(local) | 1_c1(local) | 1_c1(local)
424,430,4.3,12.0,12,Stable,4_c2(vicinity) | 3_c2(vicinity) | 3_c2(vicinity) | 3_c2(vicinity) | 4_c2(vicinity) | 3_c2(vicinity) | 2_c1(local) | 2_c1(local) | 1_c1(local) | 1_c1(local) | 1_c1(local) | 1_c1(local)
425,275,2.75,12.0,12,Stable,4_c2(vicinity) | 3_c2(vicinity) | 3_c2(vicinity) | 3_c2(vicinity) | 4_c2(vicinity) | 3_c2(vicinity) | 2_c1(local) | 2_c1(local) | 1_c1(local) | 1_c1(local) | 1_c1(local) | 1_c1(local)
426,340,3.4,12.0,12,Stable,4_c2(vicinity) | 3_c2(vicinity) | 3_c2(vicinity) | 3_c2(vicinity) | 4_c2(vicinity) | 3_c2(vicinity) | 2_c1(local) | 2_c1(local) | 1_c1(local) | 1_c1(local) | 1_c1(local) | 1_c1(local)
427,415,4.15,12.0,12,Stable,4_c2(vicinity) | 3_c2(vicinity) | 3_c2(vicinity) | 3_c2(vicinity) | 4_c2(vicinity) | 3_c2(vicinity) | 2_c1(local) | 2_c1(local) | 1_c1(local) | 1_c1(local) | 1_c1(local) | 1_c1(local)
428,341,3.41,12.0,12,Stable,4_c2(vicinity) | 3_c2(vicinity) | 3_c2(vicinity) | 3_c2(vicinity) | 4_c2(vicinity) | 3_c2(vicinity) | 2_c1(local) | 2_c1(local) | 1_c1(local) | 1_c1(local) | 1_c1(local) | 1_c1(local)
429,420,4.2,12.0,12,Stable,4_c2(vicinity) | 3_c2(vicinity) | 3_c2(vicinity) | 3_c2(vicinity) | 4_c2(vicinity) | 3_c2(vicinity) | 2_c1(local) | 2_c1(local) | 1_c1(local) | 1_c1(local) | 1_c1(local) | 1_c1(local)
430,528,5.28,12.0,12,Stable,4_c2(vicinity) | 3_c2(vicinity) | 3_c2(vicinity) | 3_c2(vicinity) | 4_c2(vicinity) | 3_c2(vicinity) | 2_c1(local) | 2_c1(local) | 1_c1(local) | 1_c1(local) | 1_c1(local) | 1_c1(local)
431,394,3.94,12.0,12,Stable,4_c2(vicinity) | 3_c2(vicinity) | 3_c2(vicinity) | 3_c2(vicinity) | 4_c2(vicinity) | 3_c2(vicinity) | 2_c1(local) | 2_c1(local) | 1_c1(local) | 1_c1(local) | 1_c1(local) | 1_c1(local)
432,442,4.42,12.0,12,Stable,4_c2(vicinity) | 3_c2(vicinity) | 3_c2(vicinity) | 3_c2(vicinity) | 4_c2(vicinity) | 3_c2(vicinity) | 2_c1(local) | 2_c1(local) | 1_c1(local) | 1_c1(local) | 1_c1(local) | 1_c1(local)
433,382,3.82,12.0,12,Stable,4_c2(vicinity) | 3_c2(vicinity) | 3_c2(vicinity) | 3_c2(vicinity) | 4_c2(vicinity) | 3_c2(vicinity) | 2_c1(local) | 2_c1(local) | 1_c1(local) | 1_c1(local) | 1_c1(local) | 1_c1(local)
434,392,3.92,12.0,12,Stable,4_c2(vicinity) | 3_c2(vicinity) | 3_c2(vicinity) | 3_c2(vicinity) | 4_c2(vicinity) | 3_c2(vicinity) | 2_c1(local) | 2_c1(local) | 1_c1(local) | 1_c1(local) | 1_c1(local) | 1_c1(local)
435,326,3.26,12.0,12,Stable,4_c2(vicinity) | 3_c2(vicinity) | 3_c2(vicinity) | 3_c2(vicinity) | 4_c2(vicinity) | 3_c2(vicinity) | 2_c1(local) | 2_c1(local) | 1_c1(local) | 1_c1(local) | 1_c1(local) | 1_c1(local)
436,404,4.04,12.0,12,Stable,4_c2(vicinity) | 3_c2(vicinity) | 3_c2(vicinity) | 3_c2(vicinity) | 4_c2(vicinity) | 3_c2(vicinity) | 2_c1(local) | 2_c1(local) | 1_c1(local) | 1_c1(local) | 1_c1(local) | 1_c1(local)
437,416,4.16,12.0,12,Stable,4_c2(vicinity) | 3_c2(vicinity) | 3_c2(vicinity) | 3_c2(vicinity) | 4_c2(vicinity) | 3_c2(vicinity) | 2_c1(local) | 2_c1(local) | 1_c1(local) | 1_c1(local) | 1_c1(local) | 1_c1(local)
438,472,4.72,12.0,12,Stable,4_c2(vicinity) | 3_c2(vicinity) | 3_c2(vicinity) | 3_c2(vicinity) | 4_c2(vicinity) | 3_c2(vicinity) | 2_c1(local) | 2_c1(local) | 1_c1(local) | 1_c1(local) | 1_c1(local) | 1_c1(local)
439,319,3.19,12.0,12,Stable,4_c2(vicinity) | 3_c2(vicinity) | 3_c2(vicinity) | 3_c2(vicinity) | 4_c2(vicinity) | 3_c2(vicinity) | 2_c1(local) | 2_c1(local) | 1_c1(local) | 1_c1(local) | 1_c1(local) | 1_c1(local)
440,797,7.97,12.0,12,Stable,4_c2(vicinity) | 3_c2(vicinity) | 3_c2(vicinity) | 3_c2(vicinity) | 4_c2(vicinity) | 3_c2(vicinity) | 2_c1(local) | 2_c1(local) | 1_c1(local) | 1_c1(local) | 1_c1(local) | 1_c1(local)
441,431,4.31,12.0,12,Stable,4_c2(vicinity) | 3_c2(vicinity) | 3_c2(vicinity) | 3_c2(vicinity) | 4_c2(vicinity) | 3_c2(vicinity) | 2_c1(local) | 2_c1(local) | 1_c1(local) | 1_c1(local) | 1_c1(local) | 1_c1(local)
442,435,4.35,12.0,12,Stable,4_c2(vicinity) | 3_c2(vicinity) | 3_c2(vicinity) | 3_c2(vicinity) | 4_c2(vicinity) | 3_c2(vicinity) | 2_c1(local) | 2_c1(local) | 1_c1(local) | 1_c1(local) | 1_c1(local) | 1_c1(local)
443,465,4.65,12.0,12,Stable,4_c2(vicinity) | 3_c2(vicinity) | 3_c2(vicinity) | 3_c2(vicinity) | 4_c2(vicinity) | 3_c2(vicinity) | 2_c1(local) | 2_c1(local) | 1_c1(local) | 1_c1(local) | 1_c1(local) | 1_c1(local)
444,368,3.68,12.0,12,Stable,4_c2(vicinity) | 3_c2(vicinity) | 3_c2(vicinity) | 3_c2(vicinity) | 4_c2(vicinity) | 3_c2(vicinity) | 2_c1(local) | 2_c1(local) | 1_c1(local) | 1_c1(local) | 1_c1(local) | 1_c1(local)
445,396,3.96,12.0,12,Stable,4_c2(vicinity) | 3_c2(vicinity) | 3_c2(vicinity) | 3_c2(vicinity) | 4_c2(vicinity) | 3_c2(vicinity) | 2_c1(local) | 2_c1(local) | 1_c1(local) | 1_c1(local) | 1_c1(local) | 1_c1(local)
446,365,3.65,12.0,12,Stable,4_c2(vicinity) | 3_c2(vicinity) | 3_c2(vicinity) | 3_c2(vicinity) | 4_c2(vicinity) | 3_c2(vicinity) | 2_c1(local) | 2_c1(local) | 1_c1(local) | 1_c1(local) | 1_c1(local) | 1_c1(local)
447,305,3.05,12.0,12,Stable,4_c2(vicinity) | 3_c2(vicinity) | 3_c2(vicinity) | 3_c2(vicinity) | 4_c2(vicinity) | 3_c2(vicinity) | 2_c1(local) | 2_c1(local) | 1_c1(local) | 1_c1(local) | 1_c1(local) | 1_c1(local)
448,390,3.9,12.0,12,Stable,4_c2(vicinity) | 3_c2(vicinity) | 3_c2(vicinity) | 3_c2(vicinity) | 4_c2(vicinity) | 3_c2(vicinity) | 2_c1(local) | 2_c1(local) | 1_c1(local) | 1_c1(local) | 1_c1(local) | 1_c1(local)
449,456,4.56,12.0,12,Stable,4_c2(vicinity) | 3_c2(vicinity) | 3_c2(vicinity) | 3_c2(vicinity) | 4_c2(vicinity) | 3_c2(vicinity) | 2_c1(local) | 2_c1(local) | 1_c1(local) | 1_c1(local) | 1_c1(local) | 1_c1(local)
450,388,3.88,12.0,12,Stable,4_c2(vicinity) | 3_c2(vicinity) | 3_c2(vicinity) | 3_c2(vicinity) | 4_c2(vicinity) | 3_c2(vicinity) | 2_c1(local) | 2_c1(local) | 1_c1(local) | 1_c1(local) | 1_c1(local) | 1_c1(local)
451,531,5.31,12.0,12,Stable,4_c2(vicinity) | 3_c2(vicinity) | 3_c2(vicinity) | 3_c2(vicinity) | 4_c2(vicinity) | 3_c2(vicinity) | 2_c1(local) | 2_c1(local) | 1_c1(local) | 1_c1(local) | 1_c1(local) | 1_c1(local)
452,457,4.57,12.0,12,Stable,4_c2(vicinity) | 3_c2(vicinity) | 3_c2(vicinity) | 3_c2(vicinity) | 4_c2(vicinity) | 3_c2(vicinity) | 2_c1(local) | 2_c1(local) | 1_c1(local) | 1_c1(local) | 1_c1(local) | 1_c1(local)
453,531,5.31,12.0,12,Stable,4_c2(vicinity) | 3_c2(vicinity) | 3_c2(vicinity) | 3_c2(vicinity) | 4_c2(vicinity) | 3_c2(vicinity) | 2_c1(local) | 2_c1(local) | 1_c1(local) | 1_c1(local) | 1_c1(local) | 1_c1(local)
454,546,5.46,12.0,12,Stable,4_c2(vicinity) | 3_c2(vicinity) | 3_c2(vicinity) | 3_c2(vicinity) | 4_c2(vicinity) | 3_c2(vicinity) | 2_c1(local) | 2_c1(local) | 1_c1(local) | 1_c1(local) | 1_c1(local) | 1_c1(local)
455,425,4.25,12.0,12,Stable,4_c2(vicinity) | 3_c2(vicinity) | 3_c2(vicinity) | 3_c2(vicinity) | 4_c2(vicinity) | 3_c2(vicinity) | 2_c1(local) | 2_c1(local) | 1_c1(local) | 1_c1(local) | 1_c1(local) | 1_c1(local)
456,471,4.71,12.0,12,Stable,4_c2(vicinity) | 3_c2(vicinity) | 3_c2(vicinity) | 3_c2(vicinity) | 4_c2(vicinity) | 3_c2(vicinity) | 2_c1(local) | 2_c1(local) | 1_c1(local) | 1_c1(local) | 1_c1(local) | 1_c1(local)
457,469,4.69,12.0,12,Stable,4_c2(vicinity) | 3_c2(vicinity) | 3_c2(vicinity) | 3_c2(vicinity) | 4_c2(vicinity) | 3_c2(vicinity) | 2_c1(local) | 2_c1(local) | 1_c1(local) | 1_c1(local) | 1_c1(local) | 1_c1(local)
458,415,4.15,12.0,12,Stable,4_c2(vicinity) | 3_c2(vicinity) | 3_c2(vicinity) | 3_c2(vicinity) | 4_c2(vicinity) | 3_c2(vicinity) | 2_c1(local) | 2_c1(local) | 1_c1(local) | 1_c1(local) | 1_c1(local) | 1_c1(local)
459,493,4.93,12.0,12,Stable,4_c2(vicinity) | 3_c2(vicinity) | 3_c2(vicinity) | 3_c2(vicinity) | 4_c2(vicinity) | 3_c2(vicinity) | 2_c1(local) | 2_c1(local) | 1_c1(local) | 1_c1(local) | 1_c1(local) | 1_c1(local)
460,498,4.98,12.0,12,Stable,4_c2(vicinity) | 3_c2(vicinity) | 3_c2(vicinity) | 3_c2(vicinity) | 4_c2(vicinity) | 3_c2(vicinity) | 2_c1(local) | 2_c1(local) | 1_c1(local) | 1_c1(local) | 1_c1(local) | 1_c1(local)
461,532,5.32,12.0,12,Stable,4_c2(vicinity) | 3_c2(vicinity) | 3_c2(vicinity) | 3_c2(vicinity) | 4_c2(vicinity) | 3_c2(vicinity) | 2_c1(local) | 2_c1(local) | 1_c1(local) | 1_c1(local) | 1_c1(local) | 1_c1(local)
462,723,7.23,12.0,12,Stable,4_c2(vicinity) | 3_c2(vicinity) | 3_c2(vicinity) | 3_c2(vicinity) | 4_c2(vicinity) | 3_c2(vicinity) | 2_c1(local) | 2_c1(local) | 1_c1(local) | 1_c1(local) | 1_c1(local) | 1_c1(local)
463,566,5.66,12.0,12,Stable,4_c2(vicinity) | 3_c2(vicinity) | 3_c2(vicinity) | 3_c2(vicinity) | 4_c2(vicinity) | 3_c2(vicinity) | 2_c1(local) | 2_c1(local) | 1_c1(local) | 1_c1(local) | 1_c1(local) | 1_c1(local)
464,502,5.02,12.0,12,Stable,4_c2(vicinity) | 3_c2(vicinity) | 3_c2(vicinity) | 3_c2(vicinity) | 4_c2(vicinity) | 3_c2(vicinity) | 2_c1(local) | 2_c1(local) | 1_c1(local) | 1_c1(local) | 1_c1(local) | 1_c1(local)
465,388,3.88,12.0,12,Stable,4_c2(vicinity) | 3_c2(vicinity) | 3_c2(vicinity) | 3_c2(vicinity) | 4_c2(vicinity) | 3_c2(vicinity) | 2_c1(local) | 2_c1(local) | 1_c1(local) | 1_c1(local) | 1_c1(local) | 1_c1(local)
466,468,4.68,12.0,12,Stable,4_c2(vicinity) | 3_c2(vicinity) | 3_c2(vicinity) | 3_c2(vicinity) | 4_c2(vicinity) | 3_c2(vicinity) | 2_c1(local) | 2_c1(local) | 1_c1(local) | 1_c1(local) | 1_c1(local) | 1_c1(local)
467,479,4.79,12.0,12,Stable,4_c2(vicinity) | 3_c2(vicinity) | 3_c2(vicinity) | 3_c2(vicinity) | 4_c2(vicinity) | 3_c2(vicinity) | 2_c1(local) | 2_c1(local) | 1_c1(local) | 1_c1(local) | 1_c1(local) | 1_c1(local)
468,642,6.42,12.0,12,Stable,4_c2(vicinity) | 3_c2(vicinity) | 3_c2(vicinity) | 3_c2(vicinity) | 4_c2(vicinity) | 3_c2(vicinity) | 2_c1(local) | 2_c1(local) | 1_c1(local) | 1_c1(local) | 1_c1(local) | 1_c1(local)
469,748,7.48,12.0,12,Stable,4_c2(vicinity) | 3_c2(vicinity) | 3_c2(vicinity) | 3_c2(vicinity) | 4_c2(vicinity) | 3_c2(vicinity) | 2_c1(local) | 2_c1(local) | 1_c1(local) | 1_c1(local) | 1_c1(local) | 1_c1(local)
470,602,6.02,12.0,12,Stable,4_c2(vicinity) | 3_c2(vicinity) | 3_c2(vicinity) | 3_c2(vicinity) | 4_c2(vicinity) | 3_c2(vicinity) | 2_c1(local) | 2_c1(local) | 1_c1(local) | 1_c1(local) | 1_c1(local) | 1_c1(local)
471,466,4.66,12.0,12,Stable,4_c2(vicinity) | 3_c2(vicinity) | 3_c2(vicinity) | 3_c2(vicinity) | 4_c2(vicinity) | 3_c2(vicinity) | 2_c1(local) | 2_c1(local) | 1_c1(local) | 1_c1(local) | 1_c1(local) | 1_c1(local)
472,772,7.72,12.0,12,Stable,4_c2(vicinity) | 3_c2(vicinity) | 3_c2(vicinity) | 3_c2(vicinity) | 4_c2(vicinity) | 3_c2(vicinity) | 2_c1(local) | 2_c1(local) | 1_c1(local) | 1_c1(local) | 1_c1(local) | 1_c1(local)
473,496,4.96,12.0,12,Stable,4_c2(vicinity) | 3_c2(vicinity) | 3_c2(vicinity) | 3_c2(vicinity) | 4_c2(vicinity) | 3_c2(vicinity) | 2_c1(local) | 2_c1(local) | 1_c1(local) | 1_c1(local) | 1_c1(local) | 1_c1(local)
474,498,4.98,12.0,12,Stable,4_c2(vicinity) | 3_c2(vicinity) | 3_c2(vicinity) | 3_c2(vicinity) | 4_c2(vicinity) | 3_c2(vicinity) | 2_c1(local) | 2_c1(local) | 1_c1(local) | 1_c1(local) | 1_c1(local) | 1_c1(local)
475,512,5.12,12.0,12,Stable,4_c2(vicinity) | 3_c2(vicinity) | 3_c2(vicinity) | 3_c2(vicinity) | 4_c2(vicinity) | 3_c2(vicinity) | 2_c1(local) | 2_c1(local) | 1_c1(local) | 1_c1(local) | 1_c1(local) | 1_c1(local)
476,487,4.87,12.0,12,Stable,4_c2(vicinity) | 3_c2(vicinity) | 3_c2(vicinity) | 3_c2(vicinity) | 4_c2(vicinity) | 3_c2(vicinity) | 2_c1(local) | 2_c1(local) | 1_c1(local) | 1_c1(local) | 1_c1(local) | 1_c1(local)
477,405,4.05,12.0,12,Stable,4_c2(vicinity) | 3_c2(vicinity) | 3_c2(vicinity) | 3_c2(vicinity) | 4_c2(vicinity) | 3_c2(vicinity) | 2_c1(local) | 2_c1(local) | 1_c1(local) | 1_c1(local) | 1_c1(local) | 1_c1(local)
478,426,4.26,12.0,12,Stable,4_c2(vicinity) | 3_c2(vicinity) | 3_c2(vicinity) | 3_c2(vicinity) | 4_c2(vicinity) | 3_c2(vicinity) | 2_c1(local) | 2_c1(local) | 1_c1(local) | 1_c1(local) | 1_c1(local) | 1_c1(local)
479,599,5.99,12.0,12,Stable,4_c2(vicinity) | 3_c2(vicinity) | 3_c2(vicinity) | 3_c2(vicinity) | 4_c2(vicinity) | 3_c2(vicinity) | 2_c1(local) | 2_c1(local) | 1_c1(local) | 1_c1(local) | 1_c1(local) | 1_c1(local)
480,639,6.39,12.0,12,Stable,4_c2(vicinity) | 3_c2(vicinity) | 3_c2(vicinity) | 3_c2(vicinity) | 4_c2(vicinity) | 3_c2(vicinity) | 2_c1(local) | 2_c1(local) | 1_c1(local) | 1_c1(local) | 1_c1(local) | 1_c1(local)
481,516,5.16,12.0,12,Stable,4_c2(vicinity) | 3_c2(vicinity) | 3_c2(vicinity) | 3_c2(vicinity) | 4_c2(vicinity) | 3_c2(vicinity) | 2_c1(local) | 2_c1(local) | 1_c1(local) | 1_c1(local) | 1_c1(local) | 1_c1(local)
482,484,4.84,12.0,12,Stable,4_c2(vicinity) | 3_c2(vicinity) | 3_c2(vicinity) | 3_c2(vicinity) | 4_c2(vicinity) | 3_c2(vicinity) | 2_c1(local) | 2_c1(local) | 1_c1(local) | 1_c1(local) | 1_c1(local) | 1_c1(local)
483,541,5.41,12.0,12,Stable,4_c2(vicinity) | 3_c2(vicinity) | 3_c2(vicinity) | 3_c2(vicinity) | 4_c2(vicinity) | 3_c2(vicinity) | 2_c1(local) | 2_c1(local) | 1_c1(local) | 1_c1(local) | 1_c1(local) | 1_c1(local)
484,607,6.07,12.0,12,Stable,4_c2(vicinity) | 3_c2(vicinity) | 3_c2(vicinity) | 3_c2(vicinity) | 4_c2(vicinity) | 3_c2(vicinity) | 2_c1(local) | 2_c1(local) | 1_c1(local) | 1_c1(local) | 1_c1(local) | 1_c1(local)
485,511,5.11,12.0,12,Stable,4_c2(vicinity) | 3_c2(vicinity) | 3_c2(vicinity) | 3_c2(vicinity) | 4_c2(vicinity) | 3_c2(vicinity) | 2_c1(local) | 2_c1(local) | 1_c1(local) | 1_c1(local) | 1_c1(local) | 1_c1(local)
486,566,5.66,12.0,12,Stable,4_c2(vicinity) | 3_c2(vicinity) | 3_c2(vicinity) | 3_c2(vicinity) | 4_c2(vicinity) | 3_c2(vicinity) | 2_c1(local) | 2_c1(local) | 1_c1(local) | 1_c1(local) | 1_c1(local) | 1_c1(local)
487,474,4.74,12.0,12,Stable,4_c2(vicinity) | 3_c2(vicinity) | 3_c2(vicinity) | 3_c2(vicinity) | 4_c2(vicinity) | 3_c2(vicinity) | 2_c1(local) | 2_c1(local) | 1_c1(local) | 1_c1(local) | 1_c1(local) | 1_c1(local)
488,484,4.84,12.0,12,Stable,4_c2(vicinity) | 3_c2(vicinity) | 3_c2(vicinity) | 3_c2(vicinity) | 4_c2(vicinity) | 3_c2(vicinity) | 2_c1(local) | 2_c1(local) | 1_c1(local) | 1_c1(local) | 1_c1(local) | 1_c1(local)
489,421,4.21,12.0,12,Stable,4_c2(vicinity) | 3_c2(vicinity) | 3_c2(vicinity) | 3_c2(vicinity) | 4_c2(vicinity) | 3_c2(vicinity) | 2_c1(local) | 2_c1(local) | 1_c1(local) | 1_c1(local) | 1_c1(local) | 1_c1(local)
490,415,4.15,12.0,12,Stable,4_c2(vicinity) | 3_c2(vicinity) | 3_c2(vicinity) | 3_c2(vicinity) | 4_c2(vicinity) | 3_c2(vicinity) | 2_c1(local) | 2_c1(local) | 1_c1(local) | 1_c1(local) | 1_c1(local) | 1_c1(local)
491,467,4.67,12.0,12,Stable,4_c2(vicinity) | 3_c2(vicinity) | 3_c2(vicinity) | 3_c2(vicinity) | 4_c2(vicinity) | 3_c2(vicinity) | 2_c1(local) | 2_c1(local) | 1_c1(local) | 1_c1(local) | 1_c1(local) | 1_c1(local)
492,645,6.45,12.0,12,Stable,4_c2(vicinity) | 3_c2(vicinity) | 3_c2(vicinity) | 3_c2(vicinity) | 4_c2(vicinity) | 3_c2(vicinity) | 2_c1(local) | 2_c1(local) | 1_c1(local) | 1_c1(local) | 1_c1(local) | 1_c1(local)
493,557,5.57,12.0,12,Stable,4_c2(vicinity) | 3_c2(vicinity) | 3_c2(vicinity) | 3_c2(vicinity) | 4_c2(vicinity) | 3_c2(vicinity) | 2_c1(local) | 2_c1(local) | 1_c1(local) | 1_c1(local) | 1_c1(local) | 1_c1(local)
494,454,4.54,12.0,12,Stable,4_c2(vicinity) | 3_c2(vicinity) | 3_c2(vicinity) | 3_c2(vicinity) | 4_c2(vicinity) | 3_c2(vicinity) | 2_c1(local) | 2_c1(local) | 1_c1(local) | 1_c1(local) | 1_c1(local) | 1_c1(local)
495,525,5.25,12.0,12,Stable,4_c2(vicinity) | 3_c2(vicinity) | 3_c2(vicinity) | 3_c2(vicinity) | 4_c2(vicinity) | 3_c2(vicinity) | 2_c1(local) | 2_c1(local) | 1_c1(local) | 1_c1(local) | 1_c1(local) | 1_c1(local)
496,648,6.48,12.0,12,Stable,4_c2(vicinity) | 3_c2(vicinity) | 3_c2(vicinity) | 3_c2(vicinity) | 4_c2(vicinity) | 3_c2(vicinity) | 2_c1(local) | 2_c1(local) | 1_c1(local) | 1_c1(local) | 1_c1(local) | 1_c1(local)
497,628,6.28,12.0,12,Stable,4_c2(vicinity) | 3_c2(vicinity) | 3_c2(vicinity) | 3_c2(vicinity) | 4_c2(vicinity) | 3_c2(vicinity) | 2_c1(local) | 2_c1(local) | 1_c1(local) | 1_c1(local) | 1_c1(local) | 1_c1(local)
498,733,7.33,12.0,12,Stable,4_c2(vicinity) | 3_c2(vicinity) | 3_c2(vicinity) | 3_c2(vicinity) | 4_c2(vicinity) | 3_c2(vicinity) | 2_c1(local) | 2_c1(local) | 1_c1(local) | 1_c1(local) | 1_c1(local) | 1_c1(local)
499,556,5.56,12.0,12,Stable,4_c2(vicinity) | 3_c2(vicinity) | 3_c2(vicinity) | 3_c2(vicinity) | 4_c2(vicinity) | 3_c2(vicinity) | 2_c1(local) | 2_c1(local) | 1_c1(local) | 1_c1(local) | 1_c1(local) | 1_c1(local)
500,558,5.58,12.0,12,Stable,4_c2(vicinity) | 3_c2(vicinity) | 3_c2(vicinity) | 3_c2(vicinity) | 4_c2(vicinity) | 3_c2(vicinity) | 2_c1(local) | 2_c1(local) | 1_c1(local) | 1_c1(local) | 1_c1(local) | 1_c1(local)
501,373,3.73,12.0,12,Stable,4_c2(vicinity) | 3_c2(vicinity) | 3_c2(vicinity) | 3_c2(vicinity) | 4_c2(vicinity) | 3_c2(vicinity) | 2_c1(local) | 2_c1(local) | 1_c1(local) | 1_c1(local) | 1_c1(local) | 1_c1(local)
502,469,4.69,12.0,12,Stable,4_c2(vicinity) | 3_c2(vicinity) | 3_c2(vicinity) | 3_c2(vicinity) | 4_c2(vicinity) | 3_c2(vicinity) | 2_c1(local) | 2_c1(local) | 1_c1(local) | 1_c1(local) | 1_c1(local) | 1_c1(local)
503,273,2.73,12.0,12,Stable,4_c2(vicinity) | 3_c2(vicinity) | 3_c2(vicinity) | 3_c2(vicinity) | 4_c2(vicinity) | 3_c2(vicinity) | 2_c1(local) | 2_c1(local) | 1_c1(local) | 1_c1(local) | 1_c1(local) | 1_c1(local)
504,362,3.62,12.0,12,Stable,4_c2(vicinity) | 3_c2(vicinity) | 3_c2(vicinity) | 3_c2(vicinity) | 4_c2(vicinity) | 3_c2(vicinity) | 2_c1(local) | 2_c1(local) | 1_c1(local) | 1_c1(local) | 1_c1(local) | 1_c1(local)
505,307,3.07,12.0,12,Stable,4_c2(vicinity) | 3_c2(vicinity) | 3_c2(vicinity) | 3_c2(vicinity) | 4_c2(vicinity) | 3_c2(vicinity) | 2_c1(local) | 2_c1(local) | 1_c1(local) | 1_c1(local) | 1_c1(local) | 1_c1(local)
506,456,4.56,12.0,12,Stable,4_c2(vicinity) | 3_c2(vicinity) | 3_c2(vicinity) | 3_c2(vicinity) | 4_c2(vicinity) | 3_c2(vicinity) | 2_c1(local) | 2_c1(local) | 1_c1(local) | 1_c1(local) | 1_c1(local) | 1_c1(local)
507,462,4.62,12.0,12,Stable,4_c2(vicinity) | 3_c2(vicinity) | 3_c2(vicinity) | 3_c2(vicinity) | 4_c2(vicinity) | 3_c2(vicinity) | 2_c1(local) | 2_c1(local) | 1_c1(local) | 1_c1(local) | 1_c1(local) | 1_c1(local)
508,400,4.0,12.0,12,Stable,4_c2(vicinity) | 3_c2(vicinity) | 3_c2(vicinity) | 3_c2(vicinity) | 4_c2(vicinity) | 3_c2(vicinity) | 2_c1(local) | 2_c1(local) | 1_c1(local) | 1_c1(local) | 1_c1(local) | 1_c1(local)
509,463,4.63,12.0,12,Stable,4_c2(vicinity) | 3_c2(vicinity) | 3_c2(vicinity) | 3_c2(vicinity) | 4_c2(vicinity) | 3_c2(vicinity) | 2_c1(local) | 2_c1(local) | 1_c1(local) | 1_c1(local) | 1_c1(local) | 1_c1(local)
510,528,5.28,12.0,12,Stable,4_c2(vicinity) | 3_c2(vicinity) | 3_c2(vicinity) | 3_c2(vicinity) | 4_c2(vicinity) | 3_c2(vicinity) | 2_c1(local) | 2_c1(local) | 1_c1(local) | 1_c1(local) | 1_c1(local) | 1_c1(local)
511,473,4.73,12.0,12,Stable,4_c2(vicinity) | 3_c2(vicinity) | 3_c2(vicinity) | 3_c2(vicinity) | 4_c2(vicinity) | 3_c2(vicinity) | 2_c1(local) | 2_c1(local) | 1_c1(local) | 1_c1(local) | 1_c1(local) | 1_c1(local)
512,361,3.61,12.0,12,Stable,4_c2(vicinity) | 3_c2(vicinity) | 3_c2(vicinity) | 3_c2(vicinity) | 4_c2(vicinity) | 3_c2(vicinity) | 2_c1(local) | 2_c1(local) | 1_c1(local) | 1_c1(local) | 1_c1(local) | 1_c1(local)
513,358,3.58,12.0,12,Stable,4_c2(vicinity) | 3_c2(vicinity) | 3_c2(vicinity) | 3_c2(vicinity) | 4_c2(vicinity) | 3_c2(vicinity) | 2_c1(local) | 2_c1(local) | 1_c1(local) | 1_c1(local) | 1_c1(local) | 1_c1(local)
514,425,4.25,12.0,12,Stable,4_c2(vicinity) | 3_c2(vicinity) | 3_c2(vicinity) | 3_c2(vicinity) | 4_c2(vicinity) | 3_c2(vicinity) | 2_c1(local) | 2_c1(local) | 1_c1(local) | 1_c1(local) | 1_c1(local) | 1_c1(local)
515,390,3.9,12.0,12,Stable,4_c2(vicinity) | 3_c2(vicinity) | 3_c2(vicinity) | 3_c2(vicinity) | 4_c2(vicinity) | 3_c2(vicinity) | 2_c1(local) | 2_c1(local) | 1_c1(local) | 1_c1(local) | 1_c1(local) | 1_c1(local)
516,342,3.42,12.0,12,Stable,4_c2(vicinity) | 3_c2(vicinity) | 3_c2(vicinity) | 3_c2(vicinity) | 4_c2(vicinity) | 3_c2(vicinity) | 2_c1(local) | 2_c1(local) | 1_c1(local) | 1_c1(local) | 1_c1(local) | 1_c1(local)
517,319,3.19,12.0,12,Stable,4_c2(vicinity) | 3_c2(vicinity) | 3_c2(vicinity) | 3_c2(vicinity) | 4_c2(vicinity) | 3_c2(vicinity) | 2_c1(local) | 2_c1(local) | 1_c1(local) | 1_c1(local) | 1_c1(local) | 1_c1(local)
518,505,5.05,12.0,12,Stable,4_c2(vicinity) | 3_c2(vicinity) | 3_c2(vicinity) | 3_c2(vicinity) | 4_c2(vicinity) | 3_c2(vicinity) | 2_c1(local) | 2_c1(local) | 1_c1(local) | 1_c1(local) | 1_c1(local) | 1_c1(local)
519,387,3.87,12.0,12,Stable,4_c2(vicinity) | 3_c2(vicinity) | 3_c2(vicinity) | 3_c2(vicinity) | 4_c2(vicinity) | 3_c2(vicinity) | 2_c1(local) | 2_c1(local) | 1_c1(local) | 1_c1(local) | 1_c1(local) | 1_c1(local)
520,340,3.4,12.0,12,Stable,4_c2(vicinity) | 3_c2(vicinity) | 3_c2(vicinity) | 3_c2(vicinity) | 4_c2(vicinity) | 3_c2(vicinity) | 2_c1(local) | 2_c1(local) | 1_c1(local) | 1_c1(local) | 1_c1(local) | 1_c1(local)
521,295,2.95,12.0,12,Stable,4_c2(vicinity) | 3_c2(vicinity) | 3_c2(vicinity) | 3_c2(vicinity) | 4_c2(vicinity) | 3_c2(vicinity) | 2_c1(local) | 2_c1(local) | 1_c1(local) | 1_c1(local) | 1_c1(local) | 1_c1(local)
522,436,4.36,12.0,12,Stable,4_c2(vicinity) | 3_c2(vicinity) | 3_c2(vicinity) | 3_c2(vicinity) | 4_c2(vicinity) | 3_c2(vicinity) | 2_c1(local) | 2_c1(local) | 1_c1(local) | 1_c1(local) | 1_c1(local) | 1_c1(local)
523,324,3.24,12.0,12,Stable,4_c2(vicinity) | 3_c2(vicinity) | 3_c2(vicinity) | 3_c2(vicinity) | 4_c2(vicinity) | 3_c2(vicinity) | 2_c1(local) | 2_c1(local) | 1_c1(local) | 1_c1(local) | 1_c1(local) | 1_c1(local)
524,388,3.88,12.0,12,Stable,4_c2(vicinity) | 3_c2(vicinity) | 3_c2(vicinity) | 3_c2(vicinity) | 4_c2(vicinity) | 3_c2(vicinity) | 2_c1(local) | 2_c1(local) | 1_c1(local) | 1_c1(local) | 1_c1(local) | 1_c1(local)
525,566,5.66,12.0,12,Stable,4_c2(vicinity) | 3_c2(vicinity) | 3_c2(vicinity) | 3_c2(vicinity) | 4_c2(vicinity) | 3_c2(vicinity) | 2_c1(local) | 2_c1(local) | 1_c1(local) | 1_c1(local) | 1_c1(local) | 1_c1(local)
526,568,5.68,12.0,12,Stable,4_c2(vicinity) | 3_c2(vicinity) | 3_c2(vicinity) | 3_c2(vicinity) | 4_c2(vicinity) | 3_c2(vicinity) | 2_c1(local) | 2_c1(local) | 1_c1(local) | 1_c1(local) | 1_c1(local) | 1_c1(local)
527,520,5.2,12.0,12,Stable,4_c2(vicinity) | 3_c2(vicinity) | 3_c2(vicinity) | 3_c2(vicinity) | 4_c2(vicinity) | 3_c2(vicinity) | 2_c1(local) | 2_c1(local) | 1_c1(local) | 1_c1(local) | 1_c1(local) | 1_c1(local)
528,532,5.32,12.0,12,Stable,4_c2(vicinity) | 3_c2(vicinity) | 3_c2(vicinity) | 3_c2(vicinity) | 4_c2(vicinity) | 3_c2(vicinity) | 2_c1(local) | 2_c1(local) | 1_c1(local) | 1_c1(local) | 1_c1(local) | 1_c1(local)
529,796,7.96,12.0,12,Stable,4_c2(vicinity) | 3_c2(vicinity) | 3_c2(vicinity) | 3_c2(vicinity) | 4_c2(vicinity) | 3_c2(vicinity) | 2_c1(local) | 2_c1(local) | 1_c1(local) | 1_c1(local) | 1_c1(local) | 1_c1(local)
530,673,6.73,12.0,12,Stable,4_c2(vicinity) | 3_c2(vicinity) | 3_c2(vicinity) | 3_c2(vicinity) | 4_c2(vicinity) | 3_c2(vicinity) | 2_c1(local) | 2_c1(local) | 1_c1(local) | 1_c1(local) | 1_c1(local) | 1_c1(local)
531,719,7.19,12.0,12,Stable,4_c2(vicinity) | 3_c2(vicinity) | 3_c2(vicinity) | 3_c2(vicinity) | 4_c2(vicinity) | 3_c2(vicinity) | 2_c1(local) | 2_c1(local) | 1_c1(local) | 1_c1(local) | 1_c1(local) | 1_c1(local)
532,755,7.55,12.0,12,Stable,4_c2(vicinity) | 3_c2(vicinity) | 3_c2(vicinity) | 3_c2(vicinity) | 4_c2(vicinity) | 3_c2(vicinity) | 2_c1(local) | 2_c1(local) | 1_c1(local) | 1_c1(local) | 1_c1(local) | 1_c1(local)
533,510,5.1,12.0,12,Stable,4_c2(vicinity) | 3_c2(vicinity) | 3_c2(vicinity) | 3_c2(vicinity) | 4_c2(vicinity) | 3_c2(vicinity) | 2_c1(local) | 2_c1(local) | 1_c1(local) | 1_c1(local) | 1_c1(local) | 1_c1(local)
534,607,6.07,12.0,12,Stable,4_c2(vicinity) | 3_c2(vicinity) | 3_c2(vicinity) | 3_c2(vicinity) | 4_c2(vicinity) | 3_c2(vicinity) | 2_c1(local) | 2_c1(local) | 1_c1(local) | 1_c1(local) | 1_c1(local) | 1_c1(local)
535,709,7.09,12.0,12,Stable,4_c2(vicinity) | 3_c2(vicinity) | 3_c2(vicinity) | 3_c2(vicinity) | 4_c2(vicinity) | 3_c2(vicinity) | 2_c1(local) | 2_c1(local) | 1_c1(local) | 1_c1(local) | 1_c1(local) | 1_c1(local)
536,751,7.51,12.0,12,Stable,4_c2(vicinity) | 3_c2(vicinity) | 3_c2(vicinity) | 3_c2(vicinity) | 4_c2(vicinity) | 3_c2(vicinity) | 2_c1(local) | 2_c1(local) | 1_c1(local) | 1_c1(local) | 1_c1(local) | 1_c1(local)
537,488,4.88,12.0,12,Stable,4_c2(vicinity) | 3_c2(vicinity) | 3_c2(vicinity) | 3_c2(vicinity) | 4_c2(vicinity) | 3_c2(vicinity) | 2_c1(local) | 2_c1(local) | 1_c1(local) | 1_c1(local) | 1_c1(local) | 1_c1(local)
538,346,3.46,12.0,12,Stable,4_c2(vicinity) | 3_c2(vicinity) | 3_c2(vicinity) | 3_c2(vicinity) | 4_c2(vicinity) | 3_c2(vicinity) | 2_c1(local) | 2_c1(local) | 1_c1(local) | 1_c1(local) | 1_c1(local) | 1_c1(local)
539,450,4.5,12.0,12,Stable,4_c2(vicinity) | 3_c2(vicinity) | 3_c2(vicinity) | 3_c2(vicinity) | 4_c2(vicinity) | 3_c2(vicinity) | 2_c1(local) | 2_c1(local) | 1_c1(local) | 1_c1(local) | 1_c1(local) | 1_c1(local)
540,539,5.39,12.0,12,Stable,4_c2(vicinity) | 3_c2(vicinity) | 3_c2(vicinity) | 3_c2(vicinity) | 4_c2(vicinity) | 3_c2(vicinity) | 2_c1(local) | 2_c1(local) | 1_c1(local) | 1_c1(local) | 1_c1(local) | 1_c1(local)
541,454,4.54,12.0,12,Stable,4_c2(vicinity) | 3_c2(vicinity) | 3_c2(vicinity) | 3_c2(vicinity) | 4_c2(vicinity) | 3_c2(vicinity) | 2_c1(local) | 2_c1(local) | 1_c1(local) | 1_c1(local) | 1_c1(local) | 1_c1(local)
542,592,5.92,12.0,12,Stable,4_c2(vicinity) | 3_c2(vicinity) | 3_c2(vicinity) | 3_c2(vicinity) | 4_c2(vicinity) | 3_c2(vicinity) | 2_c1(local) | 2_c1(local) | 1_c1(local) | 1_c1(local) | 1_c1(local) | 1_c1(local)
543,487,4.87,12.0,12,Stable,4_c2(vicinity) | 3_c2(vicinity) | 3_c2(vicinity) | 3_c2(vicinity) | 4_c2(vicinity) | 3_c2(vicinity) | 2_c1(local) | 2_c1(local) | 1_c1(local) | 1_c1(local) | 1_c1(local) | 1_c1(local)
544,355,3.55,12.0,12,Stable,4_c2(vicinity) | 3_c2(vicinity) | 3_c2(vicinity) | 3_c2(vicinity) | 4_c2(vicinity) | 3_c2(vicinity) | 2_c1(local) | 2_c1(local) | 1_c1(local) | 1_c1(local) | 1_c1(local) | 1_c1(local)
545,419,4.19,12.0,12,Stable,4_c2(vicinity) | 3_c2(vicinity) | 3_c2(vicinity) | 3_c2(vicinity) | 4_c2(vicinity) | 3_c2(vicinity) | 2_c1(local) | 2_c1(local) | 1_c1(local) | 1_c1(local) | 1_c1(local) | 1_c1(local)
546,425,4.25,12.0,12,Stable,4_c2(vicinity) | 3_c2(vicinity) | 3_c2(vicinity) | 3_c2(vicinity) | 4_c2(vicinity) | 3_c2(vicinity) | 2_c1(local) | 2_c1(local) | 1_c1(local) | 1_c1(local) | 1_c1(local) | 1_c1(local)
547,691,6.91,12.0,12,Stable,4_c2(vicinity) | 3_c2(vicinity) | 3_c2(vicinity) | 3_c2(vicinity) | 4_c2(vicinity) | 3_c2(vicinity) | 2_c1(local) | 2_c1(local) | 1_c1(local) | 1_c1(local) | 1_c1(local) | 1_c1(local)
548,426,4.26,12.0,12,Stable,4_c2(vicinity) | 3_c2(vicinity) | 3_c2(vicinity) | 3_c2(vicinity) | 4_c2(vicinity) | 3_c2(vicinity) | 2_c1(local) | 2_c1(local) | 1_c1(local) | 1_c1(local) | 1_c1(local) | 1_c1(local)
549,526,5.26,12.0,12,Stable,4_c2(vicinity) | 3_c2(vicinity) | 3_c2(vicinity) | 3_c2(vicinity) | 4_c2(vicinity) | 3_c2(vicinity) | 2_c1(local) | 2_c1(local) | 1_c1(local) | 1_c1(local) | 1_c1(local) | 1_c1(local)
550,491,4.91,12.0,12,Stable,4_c2(vicinity) | 3_c2(vicinity) | 3_c2(vicinity) | 3_c2(vicinity) | 4_c2(vicinity) | 3_c2(vicinity) | 2_c1(local) | 2_c1(local) | 1_c1(local) | 1_c1(local) | 1_c1(local) | 1_c1(local)
551,567,5.67,12.0,12,Stable,4_c2(vicinity) | 3_c2(vicinity) | 3_c2(vicinity) | 3_c2(vicinity) | 4_c2(vicinity) | 3_c2(vicinity) | 2_c1(local) | 2_c1(local) | 1_c1(local) | 1_c1(local) | 1_c1(local) | 1_c1(local)
552,363,3.63,12.0,12,Stable,4_c2(vicinity) | 3_c2(vicinity) | 3_c2(vicinity) | 3_c2(vicinity) | 4_c2(vicinity) | 3_c2(vicinity) | 2_c1(local) | 2_c1(local) | 1_c1(local) | 1_c1(local) | 1_c1(local) | 1_c1(local)
553,412,4.12,12.0,12,Stable,4_c2(vicinity) | 3_c2(vicinity) | 3_c2(vicinity) | 3_c2(vicinity) | 4_c2(vicinity) | 3_c2(vicinity) | 2_c1(local) | 2_c1(local) | 1_c1(local) | 1_c1(local) | 1_c1(local) | 1_c1(local)
554,704,7.04,12.0,12,Stable,4_c2(vicinity) | 3_c2(vicinity) | 3_c2(vicinity) | 3_c2(vicinity) | 4_c2(vicinity) | 3_c2(vicinity) | 2_c1(local) | 2_c1(local) | 1_c1(local) | 1_c1(local) | 1_c1(local) | 1_c1(local)
555,418,4.18,12.0,12,Stable,4_c2(vicinity) | 3_c2(vicinity) | 3_c2(vicinity) | 3_c2(vicinity) | 4_c2(vicinity) | 3_c2(vicinity) | 2_c1(local) | 2_c1(local) | 1_c1(local) | 1_c1(local) | 1_c1(local) | 1_c1(local)
556,337,3.37,12.0,12,Stable,4_c2(vicinity) | 3_c2(vicinity) | 3_c2(vicinity) | 3_c2(vicinity) | 4_c2(vicinity) | 3_c2(vicinity) | 2_c1(local) | 2_c1(local) | 1_c1(local) | 1_c1(local) | 1_c1(local) | 1_c1(local)
557,435,4.35,12.0,12,Stable,4_c2(vicinity) | 3_c2(vicinity) | 3_c2(vicinity) | 3_c2(vicinity) | 4_c2(vicinity) | 3_c2(vicinity) | 2_c1(local) | 2_c1(local) | 1_c1(local) | 1_c1(local) | 1_c1(local) | 1_c1(local)
558,487,4.87,12.0,12,Stable,4_c2(vicinity) | 3_c2(vicinity) | 3_c2(vicinity) | 3_c2(vicinity) | 4_c2(vicinity) | 3_c2(vicinity) | 2_c1(local) | 2_c1(local) | 1_c1(local) | 1_c1(local) | 1_c1(local) | 1_c1(local)
559,705,7.05,12.0,12,Stable,4_c2(vicinity) | 3_c2(vicinity) | 3_c2(vicinity) | 3_c2(vicinity) | 4_c2(vicinity) | 3_c2(vicinity) | 2_c1(local) | 2_c1(local) | 1_c1(local) | 1_c1(local) | 1_c1(local) | 1_c1(local)
560,734,7.34,12.0,12,Stable,4_c2(vicinity) | 3_c2(vicinity) | 3_c2(vicinity) | 3_c2(vicinity) | 4_c2(vicinity) | 3_c2(vicinity) | 2_c1(local) | 2_c1(local) | 1_c1(local) | 1_c1(local) | 1_c1(local) | 1_c1(local)
561,701,7.01,12.0,12,Stable,4_c2(vicinity) | 3_c2(vicinity) | 3_c2(vicinity) | 3_c2(vicinity) | 4_c2(vicinity) | 3_c2(vicinity) | 2_c1(local) | 2_c1(local) | 1_c1(local) | 1_c1(local) | 1_c1(local) | 1_c1(local)
562,656,6.56,12.0,12,Stable,4_c2(vicinity) | 3_c2(vicinity) | 3_c2(vicinity) | 3_c2(vicinity) | 4_c2(vicinity) | 3_c2(vicinity) | 2_c1(local) | 2_c1(local) | 1_c1(local) | 1_c1(local) | 1_c1(local) | 1_c1(local)
563,719,7.19,12.0,12,Stable,4_c2(vicinity) | 3_c2(vicinity) | 3_c2(vicinity) | 3_c2(vicinity) | 4_c2(vicinity) | 3_c2(vicinity) | 2_c1(local) | 2_c1(local) | 1_c1(local) | 1_c1(local) | 1_c1(local) | 1_c1(local)
564,605,6.05,12.0,12,Stable,4_c2(vicinity) | 3_c2(vicinity) | 3_c2(vicinity) | 3_c2(vicinity) | 4_c2(vicinity) | 3_c2(vicinity) | 2_c1(local) | 2_c1(local) | 1_c1(local) | 1_c1(local) | 1_c1(local) | 1_c1(local)
565,380,3.8,12.0,12,Stable,4_c2(vicinity) | 3_c2(vicinity) | 3_c2(vicinity) | 3_c2(vicinity) | 4_c2(vicinity) | 3_c2(vicinity) | 2_c1(local) | 2_c1(local) | 1_c1(local) | 1_c1(local) | 1_c1(local) | 1_c1(local)
566,515,5.15,12.0,12,Stable,4_c2(vicinity) | 3_c2(vicinity) | 3_c2(vicinity) | 3_c2(vicinity) | 4_c2(vicinity) | 3_c2(vicinity) | 2_c1(local) | 2_c1(local) | 1_c1(local) | 1_c1(local) | 1_c1(local) | 1_c1(local)
567,678,6.78,12.0,12,Stable,4_c2(vicinity) | 3_c2(vicinity) | 3_c2(vicinity) | 3_c2(vicinity) | 4_c2(vicinity) | 3_c2(vicinity) | 2_c1(local) | 2_c1(local) | 1_c1(local) | 1_c1(local) | 1_c1(local) | 1_c1(local)
568,587,5.87,12.0,12,Stable,4_c2(vicinity) | 3_c2(vicinity) | 3_c2(vicinity) | 3_c2(vicinity) | 4_c2(vicinity) | 3_c2(vicinity) | 2_c1(local) | 2_c1(local) | 1_c1(local) | 1_c1(local) | 1_c1(local) | 1_c1(local)
569,413,4.13,12.0,12,Stable,4_c2(vicinity) | 3_c2(vicinity) | 3_c2(vicinity) | 3_c2(vicinity) | 4_c2(vicinity) | 3_c2(vicinity) | 2_c1(local) | 2_c1(local) | 1_c1(local) | 1_c1(local) | 1_c1(local) | 1_c1(local)
570,371,3.71,12.0,12,Stable,4_c2(vicinity) | 3_c2(vicinity) | 3_c2(vicinity) | 3_c2(vicinity) | 4_c2(vicinity) | 3_c2(vicinity) | 2_c1(local) | 2_c1(local) | 1_c1(local) | 1_c1(local) | 1_c1(local) | 1_c1(local)
571,326,3.26,12.0,12,Stable,4_c2(vicinity) | 3_c2(vicinity) | 3_c2(vicinity) | 3_c2(vicinity) | 4_c2(vicinity) | 3_c2(vicinity) | 2_c1(local) | 2_c1(local) | 1_c1(local) | 1_c1(local) | 1_c1(local) | 1_c1(local)
572,308,3.08,12.0,12,Stable,4_c2(vicinity) | 3_c2(vicinity) | 3_c2(vicinity) | 3_c2(vicinity) | 4_c2(vicinity) | 3_c2(vicinity) | 2_c1(local) | 2_c1(local) | 1_c1(local) | 1_c1(local) | 1_c1(local) | 1_c1(local)
573,392,3.92,12.0,12,Stable,4_c2(vicinity) | 3_c2(vicinity) | 3_c2(vicinity) | 3_c2(vicinity) | 4_c2(vicinity) | 3_c2(vicinity) | 2_c1(local) | 2_c1(local) | 1_c1(local) | 1_c1(local) | 1_c1(local) | 1_c1(local)
574,377,3.77,12.0,12,Stable,4_c2(vicinity) | 3_c2(vicinity) | 3_c2(vicinity) | 3_c2(vicinity) | 4_c2(vicinity) | 3_c2(vicinity) | 2_c1(local) | 2_c1(local) | 1_c1(local) | 1_c1(local) | 1_c1(local) | 1_c1(local)
575,470,4.7,12.0,12,Stable,4_c2(vicinity) | 3_c2(vicinity) | 3_c2(vicinity) | 3_c2(vicinity) | 4_c2(vicinity) | 3_c2(vicinity) | 2_c1(local) | 2_c1(local) | 1_c1(local) | 1_c1(local) | 1_c1(local) | 1_c1(local)
576,342,3.42,12.0,12,Stable,4_c2(vicinity) | 3_c2(vicinity) | 3_c2(vicinity) | 3_c2(vicinity) | 4_c2(vicinity) | 3_c2(vicinity) | 2_c1(local) | 2_c1(local) | 1_c1(local) | 1_c1(local) | 1_c1(local) | 1_c1(local)
577,323,3.23,12.0,12,Stable,4_c2(vicinity) | 3_c2(vicinity) | 3_c2(vicinity) | 3_c2(vicinity) | 4_c2(vicinity) | 3_c2(vicinity) | 2_c1(local) | 2_c1(local) | 1_c1(local) | 1_c1(local) | 1_c1(local) | 1_c1(local)
578,362,3.62,12.0,12,Stable,4_c2(vicinity) | 3_c2(vicinity) | 3_c2(vicinity) | 3_c2(vicinity) | 4_c2(vicinity) | 3_c2(vicinity) | 2_c1(local) | 2_c1(local) | 1_c1(local) | 1_c1(local) | 1_c1(local) | 1_c1(local)
579,501,5.01,12.0,12,Stable,4_c2(vicinity) | 3_c2(vicinity) | 3_c2(vicinity) | 3_c2(vicinity) | 4_c2(vicinity) | 3_c2(vicinity) | 2_c1(local) | 2_c1(local) | 1_c1(local) | 1_c1(local) | 1_c1(local) | 1_c1(local)
580,616,6.16,12.0,12,Stable,4_c2(vicinity) | 3_c2(vicinity) | 3_c2(vicinity) | 3_c2(vicinity) | 4_c2(vicinity) | 3_c2(vicinity) | 2_c1(local) | 2_c1(local) | 1_c1(local) | 1_c1(local) | 1_c1(local) | 1_c1(local)
581,570,5.7,12.0,12,Stable,4_c2(vicinity) | 3_c2(vicinity) | 3_c2(vicinity) | 3_c2(vicinity) | 4_c2(vicinity) | 3_c2(vicinity) | 2_c1(local) | 2_c1(local) | 1_c1(local) | 1_c1(local) | 1_c1(local) | 1_c1(local)
582,799,7.99,12.0,12,Stable,4_c2(vicinity) | 3_c2(vicinity) | 3_c2(vicinity) | 3_c2(vicinity) | 4_c2(vicinity) | 3_c2(vicinity) | 2_c1(local) | 2_c1(local) | 1_c1(local) | 1_c1(local) | 1_c1(local) | 1_c1(local)
583,706,7.06,12.0,12,Stable,4_c2(vicinity) | 3_c2(vicinity) | 3_c2(vicinity) | 3_c2(vicinity) | 4_c2(vicinity) | 3_c2(vicinity) | 2_c1(local) | 2_c1(local) | 1_c1(local) | 1_c1(local) | 1_c1(local) | 1_c1(local)
584,747,7.47,12.0,12,Stable,4_c2(vicinity) | 3_c2(vicinity) | 3_c2(vicinity) | 3_c2(vicinity) | 4_c2(vicinity) | 3_c2(vicinity) | 2_c1(local) | 2_c1(local) | 1_c1(local) | 1_c1(local) | 1_c1(local) | 1_c1(local)
585,805,8.05,12.0,12,Stable,4_c2(vicinity) | 3_c2(vicinity) | 3_c2(vicinity) | 3_c2(vicinity) | 4_c2(vicinity) | 3_c2(vicinity) | 2_c1(local) | 2_c1(local) | 1_c1(local) | 1_c1(local) | 1_c1(local) | 1_c1(local)
586,759,7.59,12.0,12,Stable,4_c2(vicinity) | 3_c2(vicinity) | 3_c2(vicinity) | 3_c2(vicinity) | 4_c2(vicinity) | 3_c2(vicinity) | 2_c1(local) | 2_c1(local) | 1_c1(local) | 1_c1(local) | 1_c1(local) | 1_c1(local)
587,531,5.31,12.0,12,Stable,4_c2(vicinity) | 3_c2(vicinity) | 3_c2(vicinity) | 3_c2(vicinity) | 4_c2(vicinity) | 3_c2(vicinity) | 2_c1(local) | 2_c1(local) | 1_c1(local) | 1_c1(local) | 1_c1(local) | 1_c1(local)
588,535,5.35,12.0,12,Stable,4_c2(vicinity) | 3_c2(vicinity) | 3_c2(vicinity) | 3_c2(vicinity) | 4_c2(vicinity) | 3_c2(vicinity) | 2_c1(local) | 2_c1(local) | 1_c1(local) | 1_c1(local) | 1_c1(local) | 1_c1(local)
589,622,6.22,12.0,12,Stable,4_c2(vicinity) | 3_c2(vicinity) | 3_c2(vicinity) | 3_c2(vicinity) | 4_c2(vicinity) | 3_c2(vicinity) | 2_c1(local) | 2_c1(local) | 1_c1(local) | 1_c1(local) | 1_c1(local) | 1_c1(local)
590,486,4.86,12.0,12,Stable,4_c2(vicinity) | 3_c2(vicinity) | 3_c2(vicinity) | 3_c2(vicinity) | 4_c2(vicinity) | 3_c2(vicinity) | 2_c1(local) | 2_c1(local) | 1_c1(local) | 1_c1(local) | 1_c1(local) | 1_c1(local)
591,415,4.15,12.0,12,Stable,4_c2(vicinity) | 3_c2(vicinity) | 3_c2(vicinity) | 3_c2(vicinity) | 4_c2(vicinity) | 3_c2(vicinity) | 2_c1(local) | 2_c1(local) | 1_c1(local) | 1_c1(local) | 1_c1(local) | 1_c1(local)
592,397,3.97,12.0,12,Stable,4_c2(vicinity) | 3_c2(vicinity) | 3_c2(vicinity) | 3_c2(vicinity) | 4_c2(vicinity) | 3_c2(vicinity) | 2_c1(local) | 2_c1(local) | 1_c1(local) | 1_c1(local) | 1_c1(local) | 1_c1(local)
593,398,3.98,12.0,12,Stable,4_c2(vicinity) | 3_c2(vicinity) | 3_c2(vicinity) | 3_c2(vicinity) | 4_c2(vicinity) | 3_c2(vicinity) | 2_c1(local) | 2_c1(local) | 1_c1(local) | 1_c1(local) | 1_c1(local) | 1_c1(local)
594,526,5.26,12.0,12,Stable,4_c2(vicinity) | 3_c2(vicinity) | 3_c2(vicinity) | 3_c2(vicinity) | 4_c2(vicinity) | 3_c2(vicinity) | 2_c1(local) | 2_c1(local) | 1_c1(local) | 1_c1(local) | 1_c1(local) | 1_c1(local)
595,599,5.99,12.0,12,Stable,4_c2(vicinity) | 3_c2(vicinity) | 3_c2(vicinity) | 3_c2(vicinity) | 4_c2(vicinity) | 3_c2(vicinity) | 2_c1(local) | 2_c1(local) | 1_c1(local) | 1_c1(local) | 1_c1(local) | 1_c1(local)
596,426,4.26,12.0,12,Stable,4_c2(vicinity) | 3_c2(vicinity) | 3_c2(vicinity) | 3_c2(vicinity) | 4_c2(vicinity) | 3_c2(vicinity) | 2_c1(local) | 2_c1(local) | 1_c1(local) | 1_c1(local) | 1_c1(local) | 1_c1(local)
597,459,4.59,12.0,12,Stable,4_c2(vicinity) | 3_c2(vicinity) | 3_c2(vicinity) | 3_c2(vicinity) | 4_c2(vicinity) | 3_c2(vicinity) | 2_c1(local) | 2_c1(local) | 1_c1(local) | 1_c1(local) | 1_c1(local) | 1_c1(local)
598,429,4.29,12.0,12,Stable,4_c2(vicinity) | 3_c2(vicinity) | 3_c2(vicinity) | 3_c2(vicinity) | 4_c2(vicinity) | 3_c2(vicinity) | 2_c1(local) | 2_c1(local) | 1_c1(local) | 1_c1(local) | 1_c1(local) | 1_c1(local)
599,432,4.32,12.0,12,Stable,4_c2(vicinity) | 3_c2(vicinity) | 3_c2(vicinity) | 3_c2(vicinity) | 4_c2(vicinity) | 3_c2(vicinity) | 2_c1(local) | 2_c1(local) | 1_c1(local) | 1_c1(local) | 1_c1(local) | 1_c1(local)
600,359,3.59,12.0,12,Stable,4_c2(vicinity) | 3_c2(vicinity) | 3_c2(vicinity) | 3_c2(vicinity) | 4_c2(vicinity) | 3_c2(vicinity) | 2_c1(local) | 2_c1(local) | 1_c1(local) | 1_c1(local) | 1_c1(local) | 1_c1(local)
601,459,4.59,12.0,12,Stable,4_c2(vicinity) | 3_c2(vicinity) | 3_c2(vicinity) | 3_c2(vicinity) | 4_c2(vicinity) | 3_c2(vicinity) | 2_c1(local) | 2_c1(local) | 1_c1(local) | 1_c1(local) | 1_c1(local) | 1_c1(local)
602,364,3.64,12.0,12,Stable,4_c2(vicinity) | 3_c2(vicinity) | 3_c2(vicinity) | 3_c2(vicinity) | 4_c2(vicinity) | 3_c2(vicinity) | 2_c1(local) | 2_c1(local) | 1_c1(local) | 1_c1(local) | 1_c1(local) | 1_c1(local)
603,420,4.2,12.0,12,Stable,4_c2(vicinity) | 3_c2(vicinity) | 3_c2(vicinity) | 3_c2(vicinity) | 4_c2(vicinity) | 3_c2(vicinity) | 2_c1(local) | 2_c1(local) | 1_c1(local) | 1_c1(local) | 1_c1(local) | 1_c1(local)
604,395,3.95,12.0,12,Stable,4_c2(vicinity) | 3_c2(vicinity) | 3_c2(vicinity) | 3_c2(vicinity) | 4_c2(vicinity) | 3_c2(vicinity) | 2_c1(local) | 2_c1(local) | 1_c1(local) | 1_c1(local) | 1_c1(local) | 1_c1(local)
605,400,4.0,12.0,12,Stable,4_c2(vicinity) | 3_c2(vicinity) | 3_c2(vicinity) | 3_c2(vicinity) | 4_c2(vicinity) | 3_c2(vicinity) | 2_c1(local) | 2_c1(local) | 1_c1(local) | 1_c1(local) | 1_c1(local) | 1_c1(local)
606,381,3.81,12.0,12,Stable,4_c2(vicinity) | 3_c2(vicinity) | 3_c2(vicinity) | 3_c2(vicinity) | 4_c2(vicinity) | 3_c2(vicinity) | 2_c1(local) | 2_c1(local) | 1_c1(local) | 1_c1(local) | 1_c1(local) | 1_c1(local)
607,345,3.45,12.0,12,Stable,4_c2(vicinity) | 3_c2(vicinity) | 3_c2(vicinity) | 3_c2(vicinity) | 4_c2(vicinity) | 3_c2(vicinity) | 2_c1(local) | 2_c1(local) | 1_c1(local) | 1_c1(local) | 1_c1(local) | 1_c1(local)
608,482,4.82,12.0,12,Stable,4_c2(vicinity) | 3_c2(vicinity) | 3_c2(vicinity) | 3_c2(vicinity) | 4_c2(vicinity) | 3_c2(vicinity) | 2_c1(local) | 2_c1(local) | 1_c1(local) | 1_c1(local) | 1_c1(local) | 1_c1(local)
609,333,3.33,12.0,12,Stable,4_c2(vicinity) | 3_c2(vicinity) | 3_c2(vicinity) | 3_c2(vicinity) | 4_c2(vicinity) | 3_c2(vicinity) | 2_c1(local) | 2_c1(local) | 1_c1(local) | 1_c1(local) | 1_c1(local) | 1_c1(local)
610,399,3.99,12.0,12,Stable,4_c2(vicinity) | 3_c2(vicinity) | 3_c2(vicinity) | 3_c2(vicinity) | 4_c2(vicinity) | 3_c2(vicinity) | 2_c1(local) | 2_c1(local) | 1_c1(local) | 1_c1(local) | 1_c1(local) | 1_c1(local)
611,417,4.17,12.0,12,Stable,4_c2(vicinity) | 3_c2(vicinity) | 3_c2(vicinity) | 3_c2(vicinity) | 4_c2(vicinity) | 3_c2(vicinity) | 2_c1(local) | 2_c1(local) | 1_c1(local) | 1_c1(local) | 1_c1(local) | 1_c1(local)
612,448,4.48,12.0,12,Stable,4_c2(vicinity) | 3_c2(vicinity) | 3_c2(vicinity) | 3_c2(vicinity) | 4_c2(vicinity) | 3_c2(vicinity) | 2_c1(local) | 2_c1(local) | 1_c1(local) | 1_c1(local) | 1_c1(local) | 1_c1(local)
613,485,4.85,12.0,12,Stable,4_c2(vicinity) | 3_c2(vicinity) | 3_c2(vicinity) | 3_c2(vicinity) | 4_c2(vicinity) | 3_c2(vicinity) | 2_c1(local) | 2_c1(local) | 1_c1(local) | 1_c1(local) | 1_c1(local) | 1_c1(local)
614,468,4.68,12.0,12,Stable,4_c2(vicinity) | 3_c2(vicinity) | 3_c2(vicinity) | 3_c2(vicinity) | 4_c2(vicinity) | 3_c2(vicinity) | 2_c1(local) | 2_c1(local) | 1_c1(local) | 1_c1(local) | 1_c1(local) | 1_c1(local)
615,565,5.65,12.0,12,Stable,4_c2(vicinity) | 3_c2(vicinity) | 3_c2(vicinity) | 3_c2(vicinity) | 4_c2(vicinity) | 3_c2(vicinity) | 2_c1(local) | 2_c1(local) | 1_c1(local) | 1_c1(local) | 1_c1(local) | 1_c1(local)
616,530,5.3,12.0,12,Stable,4_c2(vicinity) | 3_c2(vicinity) | 3_c2(vicinity) | 3_c2(vicinity) | 4_c2(vicinity) | 3_c2(vicinity) | 2_c1(local) | 2_c1(local) | 1_c1(local) | 1_c1(local) | 1_c1(local) | 1_c1(local)
617,539,5.39,12.0,12,Stable,4_c2(vicinity) | 3_c2(vicinity) | 3_c2(vicinity) | 3_c2(vicinity) | 4_c2(vicinity) | 3_c2(vicinity) | 2_c1(local) | 2_c1(local) | 1_c1(local) | 1_c1(local) | 1_c1(local) | 1_c1(local)
618,472,4.72,12.0,12,Stable,4_c2(vicinity) | 3_c2(vicinity) | 3_c2(vicinity) | 3_c2(vicinity) | 4_c2(vicinity) | 3_c2(vicinity) | 2_c1(local) | 2_c1(local) | 1_c1(local) | 1_c1(local) | 1_c1(local) | 1_c1(local)
619,474,4.74,12.0,12,Stable,4_c2(vicinity) | 3_c2(vicinity) | 3_c2(vicinity) | 3_c2(vicinity) | 4_c2(vicinity) | 3_c2(vicinity) | 2_c1(local) | 2_c1(local) | 1_c1(local) | 1_c1(local) | 1_c1(local) | 1_c1(local)
620,487,4.87,12.0,12,Stable,4_c2(vicinity) | 3_c2(vicinity) | 3_c2(vicinity) | 3_c2(vicinity) | 4_c2(vicinity) | 3_c2(vicinity) | 2_c1(local) | 2_c1(local) | 1_c1(local) | 1_c1(local) | 1_c1(local) | 1_c1(local)
621,466,4.66,12.0,12,Stable,4_c2(vicinity) | 3_c2(vicinity) | 3_c2(vicinity) | 3_c2(vicinity) | 4_c2(vicinity) | 3_c2(vicinity) | 2_c1(local) | 2_c1(local) | 1_c1(local) | 1_c1(local) | 1_c1(local) | 1_c1(local)
622,716,7.16,12.0,12,Stable,4_c2(vicinity) | 3_c2(vicinity) | 3_c2(vicinity) | 3_c2(vicinity) | 4_c2(vicinity) | 3_c2(vicinity) | 2_c1(local) | 2_c1(local) | 1_c1(local) | 1_c1(local) | 1_c1(local) | 1_c1(local)
623,576,5.76,12.0,12,Stable,4_c2(vicinity) | 3_c2(vicinity) | 3_c2(vicinity) | 3_c2(vicinity) | 4_c2(vicinity) | 3_c2(vicinity) | 2_c1(local) | 2_c1(local) | 1_c1(local) | 1_c1(local) | 1_c1(local) | 1_c1(local)
624,868,8.68,12.0,12,Stable,4_c2(vicinity) | 3_c2(vicinity) | 3_c2(vicinity) | 3_c2(vicinity) | 4_c2(vicinity) | 3_c2(vicinity) | 2_c1(local) | 2_c1(local) | 1_c1(local) | 1_c1(local) | 1_c1(local) | 1_c1(local)
625,943,9.43,12.0,12,Stable,4_c2(vicinity) | 3_c2(vicinity) | 3_c2(vicinity) | 3_c2(vicinity) | 4_c2(vicinity) | 3_c2(vicinity) | 2_c1(local) | 2_c1(local) | 1_c1(local) | 1_c1(local) | 1_c1(local) | 1_c1(local)
626,906,9.06,12.0,12,Stable,4_c2(vicinity) | 3_c2(vicinity) | 3_c2(vicinity) | 3_c2(vicinity) | 4_c2(vicinity) | 3_c2(vicinity) | 2_c1(local) | 2_c1(local) | 1_c1(local) | 1_c1(local) | 1_c1(local) | 1_c1(local)
627,861,8.61,12.0,12,Stable,4_c2(vicinity) | 3_c2(vicinity) | 3_c2(vicinity) | 3_c2(vicinity) | 4_c2(vicinity) | 3_c2(vicinity) | 2_c1(local) | 2_c1(local) | 1_c1(local) | 1_c1(local) | 1_c1(local) | 1_c1(local)
628,1040,10.4,12.0,12,Stable,4_c2(vicinity) | 3_c2(vicinity) | 3_c2(vicinity) | 3_c2(vicinity) | 4_c2(vicinity) | 3_c2(vicinity) | 2_c1(local) | 2_c1(local) | 1_c1(local) | 1_c1(local) | 1_c1(local) | 1_c1(local)
629,542,5.42,12.0,12,Stable,4_c2(vicinity) | 3_c2(vicinity) | 3_c2(vicinity) | 3_c2(vicinity) | 4_c2(vicinity) | 3_c2(vicinity) | 2_c1(local) | 2_c1(local) | 1_c1(local) | 1_c1(local) | 1_c1(local) | 1_c1(local)
630,630,6.3,12.0,12,Stable,4_c2(vicinity) | 3_c2(vicinity) | 3_c2(vicinity) | 3_c2(vicinity) | 4_c2(vicinity) | 3_c2(vicinity) | 2_c1(local) | 2_c1(local) | 1_c1(local) | 1_c1(local) | 1_c1(local) | 1_c1(local)
631,604,6.04,12.0,12,Stable,4_c2(vicinity) | 3_c2(vicinity) | 3_c2(vicinity) | 3_c2(vicinity) | 4_c2(vicinity) | 3_c2(vicinity) | 2_c1(local) | 2_c1(local) | 1_c1(local) | 1_c1(local) | 1_c1(local) | 1_c1(local)
632,483,4.83,12.0,12,Stable,4_c2(vicinity) | 3_c2(vicinity) | 3_c2(vicinity) | 3_c2(vicinity) | 4_c2(vicinity) | 3_c2(vicinity) | 2_c1(local) | 2_c1(local) | 1_c1(local) | 1_c1(local) | 1_c1(local) | 1_c1(local)
633,790,7.9,12.0,12,Stable,4_c2(vicinity) | 3_c2(vicinity) | 3_c2(vicinity) | 3_c2(vicinity) | 4_c2(vicinity) | 3_c2(vicinity) | 2_c1(local) | 2_c1(local) | 1_c1(local) | 1_c1(local) | 1_c1(local) | 1_c1(local)
634,705,7.05,12.0,12,Stable,4_c2(vicinity) | 3_c2(vicinity) | 3_c2(vicinity) | 3_c2(vicinity) | 4_c2(vicinity) | 3_c2(vicinity) | 2_c1(local) | 2_c1(local) | 1_c1(local) | 1_c1(local) | 1_c1(local) | 1_c1(local)
635,762,7.62,12.0,12,Stable,4_c2(vicinity) | 3_c2(vicinity) | 3_c2(vicinity) | 3_c2(vicinity) | 4_c2(vicinity) | 3_c2(vicinity) | 2_c1(local) | 2_c1(local) | 1_c1(local) | 1_c1(local) | 1_c1(local) | 1_c1(local)
636,863,8.63,12.0,12,Stable,4_c2(vicinity) | 3_c2(vicinity) | 3_c2(vicinity) | 3_c2(vicinity) | 4_c2(vicinity) | 3_c2(vicinity) | 2_c1(local) | 2_c1(local) | 1_c1(local) | 1_c1(local) | 1_c1(local) | 1_c1(local)
637,780,7.8,12.0,12,Stable,4_c2(vicinity) | 3_c2(vicinity) | 3_c2(vicinity) | 3_c2(vicinity) | 4_c2(vicinity) | 3_c2(vicinity) | 2_c1(local) | 2_c1(local) | 1_c1(local) | 1_c1(local) | 1_c1(local) | 1_c1(local)
638,648,6.48,12.0,12,Stable,4_c2(vicinity) | 3_c2(vicinity) | 3_c2(vicinity) | 3_c2(vicinity) | 4_c2(vicinity) | 3_c2(vicinity) | 2_c1(local) | 2_c1(local) | 1_c1(local) | 1_c1(local) | 1_c1(local) | 1_c1(local)
639,703,7.03,12.0,12,Stable,4_c2(vicinity) | 3_c2(vicinity) | 3_c2(vicinity) | 3_c2(vicinity) | 4_c2(vicinity) | 3_c2(vicinity) | 2_c1(local) | 2_c1(local) | 1_c1(local) | 1_c1(local) | 1_c1(local) | 1_c1(local)
640,657,6.57,12.0,12,Stable,4_c2(vicinity) | 3_c2(vicinity) | 3_c2(vicinity) | 3_c2(vicinity) | 4_c2(vicinity) | 3_c2(vicinity) | 2_c1(local) | 2_c1(local) | 1_c1(local) | 1_c1(local) | 1_c1(local) | 1_c1(local)
641,697,6.97,12.0,12,Stable,4_c2(vicinity) | 3_c2(vicinity) | 3_c2(vicinity) | 3_c2(vicinity) | 4_c2(vicinity) | 3_c2(vicinity) | 2_c1(local) | 2_c1(local) | 1_c1(local) | 1_c1(local) | 1_c1(local) | 1_c1(local)
642,674,6.74,12.0,12,Stable,4_c2(vicinity) | 3_c2(vicinity) | 3_c2(vicinity) | 3_c2(vicinity) | 4_c2(vicinity) | 3_c2(vicinity) | 2_c1(local) | 2_c1(local) | 1_c1(local) | 1_c1(local) | 1_c1(local) | 1_c1(local)
643,715,7.15,12.0,12,Stable,4_c2(vicinity) | 3_c2(vicinity) | 3_c2(vicinity) | 3_c2(vicinity) | 4_c2(vicinity) | 3_c2(vicinity) | 2_c1(local) | 2_c1(local) | 1_c1(local) | 1_c1(local) | 1_c1(local) | 1_c1(local)
644,608,6.08,12.0,12,Stable,4_c2(vicinity) | 3_c2(vicinity) | 3_c2(vicinity) | 3_c2(vicinity) | 4_c2(vicinity) | 3_c2(vicinity) | 2_c1(local) | 2_c1(local) | 1_c1(local) | 1_c1(local) | 1_c1(local) | 1_c1(local)
645,928,9.28,12.0,12,Stable,4_c2(vicinity) | 3_c2(vicinity) | 3_c2(vicinity) | 3_c2(vicinity) | 4_c2(vicinity) | 3_c2(vicinity) | 2_c1(local) | 2_c1(local) | 1_c1(local) | 1_c1(local) | 1_c1(local) | 1_c1(local)
646,632,6.32,12.0,12,Stable,4_c2(vicinity) | 3_c2(vicinity) | 3_c2(vicinity) | 3_c2(vicinity) | 4_c2(vicinity) | 3_c2(vicinity) | 2_c1(local) | 2_c1(local) | 1_c1(local) | 1_c1(local) | 1_c1(local) | 1_c1(local)
647,888,8.88,12.0,12,Stable,4_c2(vicinity) | 3_c2(vicinity) | 3_c2(vicinity) | 3_c2(vicinity) | 4_c2(vicinity) | 3_c2(vicinity) | 2_c1(local) | 2_c1(local) | 1_c1(local) | 1_c1(local) | 1_c1(local) | 1_c1(local)
648,823,8.23,12.0,12,Stable,4_c2(vicinity) | 3_c2(vicinity) | 3_c2(vicinity) | 3_c2(vicinity) | 4_c2(vicinity) | 3_c2(vicinity) | 2_c1(local) | 2_c1(local) | 1_c1(local) | 1_c1(local) | 1_c1(local) | 1_c1(local)
649,765,7.65,12.0,12,Stable,4_c2(vicinity) | 3_c2(vicinity) | 3_c2(vicinity) | 3_c2(vicinity) | 4_c2(vicinity) | 3_c2(vicinity) | 2_c1(local) | 2_c1(local) | 1_c1(local) | 1_c1(local) | 1_c1(local) | 1_c1(local)
650,709,7.09,12.0,12,Stable,4_c2(vicinity) | 3_c2(vicinity) | 3_c2(vicinity) | 3_c2(vicinity) | 4_c2(vicinity) | 3_c2(vicinity) | 2_c1(local) | 2_c1(local) | 1_c1(local) | 1_c1(local) | 1_c1(local) | 1_c1(local)
651,804,8.04,12.0,12,Stable,4_c2(vicinity) | 3_c2(vicinity) | 3_c2(vicinity) | 3_c2(vicinity) | 4_c2(vicinity) | 3_c2(vicinity) | 2_c1(local) | 2_c1(local) | 1_c1(local) | 1_c1(local) | 1_c1(local) | 1_c1(local)
652,832,8.32,12.0,12,Stable,4_c2(vicinity) | 3_c2(vicinity) | 3_c2(vicinity) | 3_c2(vicinity) | 4_c2(vicinity) | 3_c2(vicinity) | 2_c1(local) | 2_c1(local) | 1_c1(local) | 1_c1(local) | 1_c1(local) | 1_c1(local)
653,851,8.51,12.0,12,Stable,4_c2(vicinity) | 3_c2(vicinity) | 3_c2(vicinity) | 3_c2(vicinity) | 4_c2(vicinity) | 3_c2(vicinity) | 2_c1(local) | 2_c1(local) | 1_c1(local) | 1_c1(local) | 1_c1(local) | 1_c1(local)
654,700,7.0,12.0,12,Stable,4_c2(vicinity) | 3_c2(vicinity) | 3_c2(vicinity) | 3_c2(vicinity) | 4_c2(vicinity) | 3_c2(vicinity) | 2_c1(local) | 2_c1(local) | 1_c1(local) | 1_c1(local) | 1_c1(local) | 1_c1(local)
655,774,7.74,12.0,12,Stable,4_c2(vicinity) | 3_c2(vicinity) | 3_c2(vicinity) | 3_c2(vicinity) | 4_c2(vicinity) | 3_c2(vicinity) | 2_c1(local) | 2_c1(local) | 1_c1(local) | 1_c1(local) | 1_c1(local) | 1_c1(local)
656,809,8.09,12.0,12,Stable,4_c2(vicinity) | 3_c2(vicinity) | 3_c2(vicinity) | 3_c2(vicinity) | 4_c2(vicinity) | 3_c2(vicinity) | 2_c1(local) | 2_c1(local) | 1_c1(local) | 1_c1(local) | 1_c1(local) | 1_c1(local)
657,814,8.14,12.0,12,Stable,4_c2(vicinity) | 3_c2(vicinity) | 3_c2(vicinity) | 3_c2(vicinity) | 4_c2(vicinity) | 3_c2(vicinity) | 2_c1(local) | 2_c1(local) | 1_c1(local) | 1_c1(local) | 1_c1(local) | 1_c1(local)
658,674,6.74,12.0,12,Stable,4_c2(vicinity) | 3_c2(vicinity) | 3_c2(vicinity) | 3_c2(vicinity) | 4_c2(vicinity) | 3_c2(vicinity) | 2_c1(local) | 2_c1(local) | 1_c1(local) | 1_c1(local) | 1_c1(local) | 1_c1(local)
659,706,7.06,12.0,12,Stable,4_c2(vicinity) | 3_c2(vicinity) | 3_c2(vicinity) | 3_c2(vicinity) | 4_c2(vicinity) | 3_c2(vicinity) | 2_c1(local) | 2_c1(local) | 1_c1(local) | 1_c1(local) | 1_c1(local) | 1_c1(local)
660,734,7.34,12.0,12,Stable,4_c2(vicinity) | 3_c2(vicinity) | 3_c2(vicinity) | 3_c2(vicinity) | 4_c2(vicinity) | 3_c2(vicinity) | 2_c1(local) | 2_c1(local) | 1_c1(local) | 1_c1(local) | 1_c1(local) | 1_c1(local)
661,814,8.14,12.0,12,Stable,4_c2(vicinity) | 3_c2(vicinity) | 3_c2(vicinity) | 3_c2(vicinity) | 4_c2(vicinity) | 3_c2(vicinity) | 2_c1(local) | 2_c1(local) | 1_c1(local) | 1_c1(local) | 1_c1(local) | 1_c1(local)
662,873,8.73,12.0,12,Stable,4_c2(vicinity) | 3_c2(vicinity) | 3_c2(vicinity) | 3_c2(vicinity) | 4_c2(vicinity) | 3_c2(vicinity) | 2_c1(local) | 2_c1(local) | 1_c1(local) | 1_c1(local) | 1_c1(local) | 1_c1(local)
663,971,9.71,12.0,12,Stable,4_c2(vicinity) | 3_c2(vicinity) | 3_c2(vicinity) | 3_c2(vicinity) | 4_c2(vicinity) | 3_c2(vicinity) | 2_c1(local) | 2_c1(local) | 1_c1(local) | 1_c1(local) | 1_c1(local) | 1_c1(local)
664,675,6.75,12.0,12,Stable,4_c2(vicinity) | 3_c2(vicinity) | 3_c2(vicinity) | 3_c2(vicinity) | 4_c2(vicinity) | 3_c2(vicinity) | 2_c1(local) | 2_c1(local) | 1_c1(local) | 1_c1(local) | 1_c1(local) | 1_c1(local)
665,720,7.2,12.0,12,Stable,4_c2(vicinity) | 3_c2(vicinity) | 3_c2(vicinity) | 3_c2(vicinity) | 4_c2(vicinity) | 3_c2(vicinity) | 2_c1(local) | 2_c1(local) | 1_c1(local) | 1_c1(local) | 1_c1(local) | 1_c1(local)
666,866,8.66,12.0,12,Stable,4_c2(vicinity) | 3_c2(vicinity) | 3_c2(vicinity) | 3_c2(vicinity) | 4_c2(vicinity) | 3_c2(vicinity) | 2_c1(local) | 2_c1(local) | 1_c1(local) | 1_c1(local) | 1_c1(local) | 1_c1(local)
667,738,7.38,12.0,12,Stable,4_c2(vicinity) | 3_c2(vicinity) | 3_c2(vicinity) | 3_c2(vicinity) | 4_c2(vicinity) | 3_c2(vicinity) | 2_c1(local) | 2_c1(local) | 1_c1(local) | 1_c1(local) | 1_c1(local) | 1_c1(local)
668,719,7.19,12.0,12,Stable,4_c2(vicinity) | 3_c2(vicinity) | 3_c2(vicinity) | 3_c2(vicinity) | 4_c2(vicinity) | 3_c2(vicinity) | 2_c1(local) | 2_c1(local) | 1_c1(local) | 1_c1(local) | 1_c1(local) | 1_c1(local)
669,1016,10.16,12.0,12,Stable,4_c2(vicinity) | 3_c2(vicinity) | 3_c2(vicinity) | 3_c2(vicinity) | 4_c2(vicinity) | 3_c2(vicinity) | 2_c1(local) | 2_c1(local) | 1_c1(local) | 1_c1(local) | 1_c1(local) | 1_c1(local)
670,943,9.43,12.0,12,Stable,4_c2(vicinity) | 3_c2(vicinity) | 3_c2(vicinity) | 3_c2(vicinity) | 4_c2(vicinity) | 3_c2(vicinity) | 2_c1(local) | 2_c1(local) | 1_c1(local) | 1_c1(local) | 1_c1(local) | 1_c1(local)
671,840,8.4,12.0,12,Stable,4_c2(vicinity) | 3_c2(vicinity) | 3_c2(vicinity) | 3_c2(vicinity) | 4_c2(vicinity) | 3_c2(vicinity) | 2_c1(local) | 2_c1(local) | 1_c1(local) | 1_c1(local) | 1_c1(local) | 1_c1(local)
672,896,8.96,12.0,12,Stable,4_c2(vicinity) | 3_c2(vicinity) | 3_c2(vicinity) | 3_c2(vicinity) | 4_c2(vicinity) | 3_c2(vicinity) | 2_c1(local) | 2_c1(local) | 1_c1(local) | 1_c1(local) | 1_c1(local) | 1_c1(local)
673,1003,10.03,12.0,12,Stable,4_c2(vicinity) | 3_c2(vicinity) | 3_c2(vicinity) | 3_c2(vicinity) | 4_c2(vicinity) | 3_c2(vicinity) | 2_c1(local) | 2_c1(local) | 1_c1(local) | 1_c1(local) | 1_c1(local) | 1_c1(local)
674,641,6.41,12.0,12,Stable,4_c2(vicinity) | 3_c2(vicinity) | 3_c2(vicinity) | 3_c2(vicinity) | 4_c2(vicinity) | 3_c2(vicinity) | 2_c1(local) | 2_c1(local) | 1_c1(local) | 1_c1(local) | 1_c1(local) | 1_c1(local)
675,699,6.99,12.0,12,Stable,4_c2(vicinity) | 3_c2(vicinity) | 3_c2(vicinity) | 3_c2(vicinity) | 4_c2(vicinity) | 3_c2(vicinity) | 2_c1(local) | 2_c1(local) | 1_c1(local) | 1_c1(local) | 1_c1(local) | 1_c1(local)
676,685,6.85,12.0,12,Stable,4_c2(vicinity) | 3_c2(vicinity) | 3_c2(vicinity) | 3_c2(vicinity) | 4_c2(vicinity) | 3_c2(vicinity) | 2_c1(local) | 2_c1(local) | 1_c1(local) | 1_c1(local) | 1_c1(local) | 1_c1(local)
677,804,8.04,12.0,12,Stable,4_c2(vicinity) | 3_c2(vicinity) | 3_c2(vicinity) | 3_c2(vicinity) | 4_c2(vicinity) | 3_c2(vicinity) | 2_c1(local) | 2_c1(local) | 1_c1(local) | 1_c1(local) | 1_c1(local) | 1_c1(local)
678,707,7.07,12.0,12,Stable,4_c2(vicinity) | 3_c2(vicinity) | 3_c2(vicinity) | 3_c2(vicinity) | 4_c2(vicinity) | 3_c2(vicinity) | 2_c1(local) | 2_c1(local) | 1_c1(local) | 1_c1(local) | 1_c1(local) | 1_c1(local)
679,743,7.43,12.0,12,Stable,4_c2(vicinity) | 3_c2(vicinity) | 3_c2(vicinity) | 3_c2(vicinity) | 4_c2(vicinity) | 3_c2(vicinity) | 2_c1(local) | 2_c1(local) | 1_c1(local) | 1_c1(local) | 1_c1(local) | 1_c1(local)
680,827,8.27,12.0,12,Stable,4_c2(vicinity) | 3_c2(vicinity) | 3_c2(vicinity) | 3_c2(vicinity) | 4_c2(vicinity) | 3_c2(vicinity) | 2_c1(local) | 2_c1(local) | 1_c1(local) | 1_c1(local) | 1_c1(local) | 1_c1(local)
681,983,9.83,12.0,12,Stable,4_c2(vicinity) | 3_c2(vicinity) | 3_c2(vicinity) | 3_c2(vicinity) | 4_c2(vicinity) | 3_c2(vicinity) | 2_c1(local) | 2_c1(local) | 1_c1(local) | 1_c1(local) | 1_c1(local) | 1_c1(local)
682,865,8.65,12.0,12,Stable,4_c2(vicinity) | 3_c2(vicinity) | 3_c2(vicinity) | 3_c2(vicinity) | 4_c2(vicinity) | 3_c2(vicinity) | 2_c1(local) | 2_c1(local) | 1_c1(local) | 1_c1(local) | 1_c1(local) | 1_c1(local)
683,549,5.49,12.0,12,Stable,4_c2(vicinity) | 3_c2(vicinity) | 3_c2(vicinity) | 3_c2(vicinity) | 4_c2(vicinity) | 3_c2(vicinity) | 2_c1(local) | 2_c1(local) | 1_c1(local) | 1_c1(local) | 1_c1(local) | 1_c1(local)
684,626,6.26,12.0,12,Stable,4_c2(vicinity) | 3_c2(vicinity) | 3_c2(vicinity) | 3_c2(vicinity) | 4_c2(vicinity) | 3_c2(vicinity) | 2_c1(local) | 2_c1(local) | 1_c1(local) | 1_c1(local) | 1_c1(local) | 1_c1(local)
685,829,8.29,12.0,12,Stable,4_c2(vicinity) | 3_c2(vicinity) | 3_c2(vicinity) | 3_c2(vicinity) | 4_c2(vicinity) | 3_c2(vicinity) | 2_c1(local) | 2_c1(local) | 1_c1(local) | 1_c1(local) | 1_c1(local) | 1_c1(local)
686,666,6.66,12.0,12,Stable,4_c2(vicinity) | 3_c2(vicinity) | 3_c2(vicinity) | 3_c2(vicinity) | 4_c2(vicinity) | 3_c2(vicinity) | 2_c1(local) | 2_c1(local) | 1_c1(local) | 1_c1(local) | 1_c1(local) | 1_c1(local)
687,684,6.84,12.0,12,Stable,4_c2(vicinity) | 3_c2(vicinity) | 3_c2(vicinity) | 3_c2(vicinity) | 4_c2(vicinity) | 3_c2(vicinity) | 2_c1(local) | 2_c1(local) | 1_c1(local) | 1_c1(local) | 1_c1(local) | 1_c1(local)
688,703,7.03,12.0,12,Stable,4_c2(vicinity) | 3_c2(vicinity) | 3_c2(vicinity) | 3_c2(vicinity) | 4_c2(vicinity) | 3_c2(vicinity) | 2_c1(local) | 2_c1(local) | 1_c1(local) | 1_c1(local) | 1_c1(local) | 1_c1(local)
689,577,5.77,12.0,12,Stable,4_c2(vicinity) | 3_c2(vicinity) | 3_c2(vicinity) | 3_c2(vicinity) | 4_c2(vicinity) | 3_c2(vicinity) | 2_c1(local) | 2_c1(local) | 1_c1(local) | 1_c1(local) | 1_c1(local) | 1_c1(local)
690,597,5.97,12.0,12,Stable,4_c2(vicinity) | 3_c2(vicinity) | 3_c2(vicinity) | 3_c2(vicinity) | 4_c2(vicinity) | 3_c2(vicinity) | 2_c1(local) | 2_c1(local) | 1_c1(local) | 1_c1(local) | 1_c1(local) | 1_c1(local)
691,780,7.8,12.0,12,Stable,4_c2(vicinity) | 3_c2(vicinity) | 3_c2(vicinity) | 3_c2(vicinity) | 4_c2(vicinity) | 3_c2(vicinity) | 2_c1(local) | 2_c1(local) | 1_c1(local) | 1_c1(local) | 1_c1(local) | 1_c1(local)
692,828,8.28,12.0,12,Stable,4_c2(vicinity) | 3_c2(vicinity) | 3_c2(vicinity) | 3_c2(vicinity) | 4_c2(vicinity) | 3_c2(vicinity) | 2_c1(local) | 2_c1(local) | 1_c1(local) | 1_c1(local) | 1_c1(local) | 1_c1(local)
693,635,6.35,12.0,12,Stable,4_c2(vicinity) | 3_c2(vicinity) | 3_c2(vicinity) | 3_c2(vicinity) | 4_c2(vicinity) | 3_c2(vicinity) | 2_c1(local) | 2_c1(local) | 1_c1(local) | 1_c1(local) | 1_c1(local) | 1_c1(local)
694,758,7.58,12.0,12,Stable,4_c2(vicinity) | 3_c2(vicinity) | 3_c2(vicinity) | 3_c2(vicinity) | 4_c2(vicinity) | 3_c2(vicinity) | 2_c1(local) | 2_c1(local) | 1_c1(local) | 1_c1(local) | 1_c1(local) | 1_c1(local)
695,791,7.91,12.0,12,Stable,4_c2(vicinity) | 3_c2(vicinity) | 3_c2(vicinity) | 3_c2(vicinity) | 4_c2(vicinity) | 3_c2(vicinity) | 2_c1(local) | 2_c1(local) | 1_c1(local) | 1_c1(local) | 1_c1(local) | 1_c1(local)
696,644,6.44,12.0,12,Stable,4_c2(vicinity) | 3_c2(vicinity) | 3_c2(vicinity) | 3_c2(vicinity) | 4_c2(vicinity) | 3_c2(vicinity) | 2_c1(local) | 2_c1(local) | 1_c1(local) | 1_c1(local) | 1_c1(local) | 1_c1(local)
697,607,6.07,12.0,12,Stable,4_c2(vicinity) | 3_c2(vicinity) | 3_c2(vicinity) | 3_c2(vicinity) | 4_c2(vicinity) | 3_c2(vicinity) | 2_c1(local) | 2_c1(local) | 1_c1(local) | 1_c1(local) | 1_c1(local) | 1_c1(local)
698,778,7.78,12.0,12,Stable,4_c2(vicinity) | 3_c2(vicinity) | 3_c2(vicinity) | 3_c2(vicinity) | 4_c2(vicinity) | 3_c2(vicinity) | 2_c1(local) | 2_c1(local) | 1_c1(local) | 1_c1(local) | 1_c1(local) | 1_c1(local)
699,831,8.31,12.0,12,Stable,4_c2(vicinity) | 3_c2(vicinity) | 3_c2(vicinity) | 3_c2(vicinity) | 4_c2(vicinity) | 3_c2(vicinity) | 2_c1(local) | 2_c1(local) | 1_c1(local) | 1_c1(local) | 1_c1(local) | 1_c1(local)
700,851,8.51,12.0,12,Stable,4_c2(vicinity) | 3_c2(vicinity) | 3_c2(vicinity) | 3_c2(vicinity) | 4_c2(vicinity) | 3_c2(vicinity) | 2_c1(local) | 2_c1(local) | 1_c1(local) | 1_c1(local) | 1_c1(local) | 1_c1(local)
701,898,8.98,12.0,12,Stable,4_c2(vicinity) | 3_c2(vicinity) | 3_c2(vicinity) | 3_c2(vicinity) | 4_c2(vicinity) | 3_c2(vicinity) | 2_c1(local) | 2_c1(local) | 1_c1(local) | 1_c1(local) | 1_c1(local) | 1_c1(local)
702,689,6.89,12.0,12,Stable,4_c2(vicinity) | 3_c2(vicinity) | 3_c2(vicinity) | 3_c2(vicinity) | 4_c2(vicinity) | 3_c2(vicinity) | 2_c1(local) | 2_c1(local) | 1_c1(local) | 1_c1(local) | 1_c1(local) | 1_c1(local)
703,580,5.8,12.0,12,Stable,4_c2(vicinity) | 3_c2(vicinity) | 3_c2(vicinity) | 3_c2(vicinity) | 4_c2(vicinity) | 3_c2(vicinity) | 2_c1(local) | 2_c1(local) | 1_c1(local) | 1_c1(local) | 1_c1(local) | 1_c1(local)
704,567,5.67,12.0,12,Stable,4_c2(vicinity) | 3_c2(vicinity) | 3_c2(vicinity) | 3_c2(vicinity) | 4_c2(vicinity) | 3_c2(vicinity) | 2_c1(local) | 2_c1(local) | 1_c1(local) | 1_c1(local) | 1_c1(local) | 1_c1(local)
705,844,8.44,12.0,12,Stable,4_c2(vicinity) | 3_c2(vicinity) | 3_c2(vicinity) | 3_c2(vicinity) | 4_c2(vicinity) | 3_c2(vicinity) | 2_c1(local) | 2_c1(local) | 1_c1(local) | 1_c1(local) | 1_c1(local) | 1_c1(local)
706,912,9.12,12.0,12,Stable,4_c2(vicinity) | 3_c2(vicinity) | 3_c2(vicinity) | 3_c2(vicinity) | 4_c2(vicinity) | 3_c2(vicinity) | 2_c1(local) | 2_c1(local) | 1_c1(local) | 1_c1(local) | 1_c1(local) | 1_c1(local)
707,772,7.72,12.0,12,Stable,4_c2(vicinity) | 3_c2(vicinity) | 3_c2(vicinity) | 3_c2(vicinity) | 4_c2(vicinity) | 3_c2(vicinity) | 2_c1(local) | 2_c1(local) | 1_c1(local) | 1_c1(local) | 1_c1(local) | 1_c1(local)
708,846,8.46,12.0,12,Stable,4_c2(vicinity) | 3_c2(vicinity) | 3_c2(vicinity) | 3_c2(vicinity) | 4_c2(vicinity) | 3_c2(vicinity) | 2_c1(local) | 2_c1(local) | 1_c1(local) | 1_c1(local) | 1_c1(local) | 1_c1(local)
709,811,8.11,12.0,12,Stable,4_c2(vicinity) | 3_c2(vicinity) | 3_c2(vicinity) | 3_c2(vicinity) | 4_c2(vicinity) | 3_c2(vicinity) | 2_c1(local) | 2_c1(local) | 1_c1(local) | 1_c1(local) | 1_c1(local) | 1_c1(local)
710,878,8.78,12.0,12,Stable,4_c2(vicinity) | 3_c2(vicinity) | 3_c2(vicinity) | 3_c2(vicinity) | 4_c2(vicinity) | 3_c2(vicinity) | 2_c1(local) | 2_c1(local) | 1_c1(local) | 1_c1(local) | 1_c1(local) | 1_c1(local)
711,979,9.79,12.0,12,Stable,4_c2(vicinity) | 3_c2(vicinity) | 3_c2(vicinity) | 3_c2(vicinity) | 4_c2(vicinity) | 3_c2(vicinity) | 2_c1(local) | 2_c1(local) | 1_c1(local) | 1_c1(local) | 1_c1(local) | 1_c1(local)
712,920,9.2,12.0,12,Stable,4_c2(vicinity) | 3_c2(vicinity) | 3_c2(vicinity) | 3_c2(vicinity) | 4_c2(vicinity) | 3_c2(vicinity) | 2_c1(local) | 2_c1(local) | 1_c1(local) | 1_c1(local) | 1_c1(local) | 1_c1(local)
713,688,6.88,12.0,12,Stable,4_c2(vicinity) | 3_c2(vicinity) | 3_c2(vicinity) | 3_c2(vicinity) | 4_c2(vicinity) | 3_c2(vicinity) | 2_c1(local) | 2_c1(local) | 1_c1(local) | 1_c1(local) | 1_c1(local) | 1_c1(local)
714,862,8.62,12.0,12,Stable,4_c2(vicinity) | 3_c2(vicinity) | 3_c2(vicinity) | 3_c2(vicinity) | 4_c2(vicinity) | 3_c2(vicinity) | 2_c1(local) | 2_c1(local) | 1_c1(local) | 1_c1(local) | 1_c1(local) | 1_c1(local)
715,886,8.86,12.0,12,Stable,4_c2(vicinity) | 3_c2(vicinity) | 3_c2(vicinity) | 3_c2(vicinity) | 4_c2(vicinity) | 3_c2(vicinity) | 2_c1(local) | 2_c1(local) | 1_c1(local) | 1_c1(local) | 1_c1(local) | 1_c1(local)
716,884,8.84,12.0,12,Stable,4_c2(vicinity) | 3_c2(vicinity) | 3_c2(vicinity) | 3_c2(vicinity) | 4_c2(vicinity) | 3_c2(vicinity) | 2_c1(local) | 2_c1(local) | 1_c1(local) | 1_c1(local) | 1_c1(local) | 1_c1(local)
717,745,7.45,12.0,12,Stable,4_c2(vicinity) | 3_c2(vicinity) | 3_c2(vicinity) | 3_c2(vicinity) | 4_c2(vicinity) | 3_c2(vicinity) | 2_c1(local) | 2_c1(local) | 1_c1(local) | 1_c1(local) | 1_c1(local) | 1_c1(local)
718,796,7.96,12.0,12,Stable,4_c2(vicinity) | 3_c2(vicinity) | 3_c2(vicinity) | 3_c2(vicinity) | 4_c2(vicinity) | 3_c2(vicinity) | 2_c1(local) | 2_c1(local) | 1_c1(local) | 1_c1(local) | 1_c1(local) | 1_c1(local)
719,762,7.62,12.0,12,Stable,4_c2(vicinity) | 3_c2(vicinity) | 3_c2(vicinity) | 3_c2(vicinity) | 4_c2(vicinity) | 3_c2(vicinity) | 2_c1(local) | 2_c1(local) | 1_c1(local) | 1_c1(local) | 1_c1(local) | 1_c1(local)
720,896,8.96,12.0,12,Stable,4_c2(vicinity) | 3_c2(vicinity) | 3_c2(vicinity) | 3_c2(vicinity) | 4_c2(vicinity) | 3_c2(vicinity) | 2_c1(local) | 2_c1(local) | 1_c1(local) | 1_c1(local) | 1_c1(local) | 1_c1(local)
721,862,8.62,12.0,12,Stable,4_c2(vicinity) | 3_c2(vicinity) | 3_c2(vicinity) | 3_c2(vicinity) | 4_c2(vicinity) | 3_c2(vicinity) | 2_c1(local) | 2_c1(local) | 1_c1(local) | 1_c1(local) | 1_c1(local) | 1_c1(local)
722,790,7.9,12.0,12,Stable,4_c2(vicinity) | 3_c2(vicinity) | 3_c2(vicinity) | 3_c2(vicinity) | 4_c2(vicinity) | 3_c2(vicinity) | 2_c1(local) | 2_c1(local) | 1_c1(local) | 1_c1(local) | 1_c1(local) | 1_c1(local)
723,798,7.98,12.0,12,Stable,4_c2(vicinity) | 3_c2(vicinity) | 3_c2(vicinity) | 3_c2(vicinity) | 4_c2(vicinity) | 3_c2(vicinity) | 2_c1(local) | 2_c1(local) | 1_c1(local) | 1_c1(local) | 1_c1(local) | 1_c1(local)
724,773,7.73,12.0,12,Stable,4_c2(vicinity) | 3_c2(vicinity) | 3_c2(vicinity) | 3_c2(vicinity) | 4_c2(vicinity) | 3_c2(vicinity) | 2_c1(local) | 2_c1(local) | 1_c1(local) | 1_c1(local) | 1_c1(local) | 1_c1(local)
725,911,9.11,12.0,12,Stable,4_c2(vicinity) | 3_c2(vicinity) | 3_c2(vicinity) | 3_c2(vicinity) | 4_c2(vicinity) | 3_c2(vicinity) | 2_c1(local) | 2_c1(local) | 1_c1(local) | 1_c1(local) | 1_c1(local) | 1_c1(local)
726,715,7.15,12.0,12,Stable,4_c2(vicinity) | 3_c2(vicinity) | 3_c2(vicinity) | 3_c2(vicinity) | 4_c2(vicinity) | 3_c2(vicinity) | 2_c1(local) | 2_c1(local) | 1_c1(local) | 1_c1(local) | 1_c1(local) | 1_c1(local)
727,882,8.82,12.0,12,Stable,4_c2(vicinity) | 3_c2(vicinity) | 3_c2(vicinity) | 3_c2(vicinity) | 4_c2(vicinity) | 3_c2(vicinity) | 2_c1(local) | 2_c1(local) | 1_c1(local) | 1_c1(local) | 1_c1(local) | 1_c1(local)
728,710,7.1,12.0,12,Stable,4_c2(vicinity) | 3_c2(vicinity) | 3_c2(vicinity) | 3_c2(vicinity) | 4_c2(vicinity) | 3_c2(vicinity) | 2_c1(local) | 2_c1(local) | 1_c1(local) | 1_c1(local) | 1_c1(local) | 1_c1(local)
729,875,8.75,12.0,12,Stable,4_c2(vicinity) | 3_c2(vicinity) | 3_c2(vicinity) | 3_c2(vicinity) | 4_c2(vicinity) | 3_c2(vicinity) | 2_c1(local) | 2_c1(local) | 1_c1(local) | 1_c1(local) | 1_c1(local) | 1_c1(local)
730,796,7.96,12.0,12,Stable,4_c2(vicinity) | 3_c2(vicinity) | 3_c2(vicinity) | 3_c2(vicinity) | 4_c2(vicinity) | 3_c2(vicinity) | 2_c1(local) | 2_c1(local) | 1_c1(local) | 1_c1(local) | 1_c1(local) | 1_c1(local)
731,800,8.0,12.0,12,Stable,4_c2(vicinity) | 3_c2(vicinity) | 3_c2(vicinity) | 3_c2(vicinity) | 4_c2(vicinity) | 3_c2(vicinity) | 2_c1(local) | 2_c1(local) | 1_c1(local) | 1_c1(local) | 1_c1(local) | 1_c1(local)
732,802,8.02,12.0,12,Stable,4_c2(vicinity) | 3_c2(vicinity) | 3_c2(vicinity) | 3_c2(vicinity) | 4_c2(vicinity) | 3_c2(vicinity) | 2_c1(local) | 2_c1(local) | 1_c1(local) | 1_c1(local) | 1_c1(local) | 1_c1(local)
733,703,7.03,12.0,12,Stable,4_c2(vicinity) | 3_c2(vicinity) | 3_c2(vicinity) | 3_c2(vicinity) | 4_c2(vicinity) | 3_c2(vicinity) | 2_c1(local) | 2_c1(local) | 1_c1(local) | 1_c1(local) | 1_c1(local) | 1_c1(local)
734,683,6.83,12.0,12,Stable,4_c2(vicinity) | 3_c2(vicinity) | 3_c2(vicinity) | 3_c2(vicinity) | 4_c2(vicinity) | 3_c2(vicinity) | 2_c1(local) | 2_c1(local) | 1_c1(local) | 1_c1(local) | 1_c1(local) | 1_c1(local)
735,592,5.92,12.0,12,Stable,4_c2(vicinity) | 3_c2(vicinity) | 3_c2(vicinity) | 3_c2(vicinity) | 4_c2(vicinity) | 3_c2(vicinity) | 2_c1(local) | 2_c1(local) | 1_c1(local) | 1_c1(local) | 1_c1(local) | 1_c1(local)
736,778,7.78,12.0,12,Stable,4_c2(vicinity) | 3_c2(vicinity) | 3_c2(vicinity) | 3_c2(vicinity) | 4_c2(vicinity) | 3_c2(vicinity) | 2_c1(local) | 2_c1(local) | 1_c1(local) | 1_c1(local) | 1_c1(local) | 1_c1(local)
737,789,7.89,12.0,12,Stable,4_c2(vicinity) | 3_c2(vicinity) | 3_c2(vicinity) | 3_c2(vicinity) | 4_c2(vicinity) | 3_c2(vicinity) | 2_c1(local) | 2_c1(local) | 1_c1(local) | 1_c1(local) | 1_c1(local) | 1_c1(local)
738,739,7.39,12.0,12,Stable,4_c2(vicinity) | 3_c2(vicinity) | 3_c2(vicinity) | 3_c2(vicinity) | 4_c2(vicinity) | 3_c2(vicinity) | 2_c1(local) | 2_c1(local) | 1_c1(local) | 1_c1(local) | 1_c1(local) | 1_c1(local)
739,747,7.47,12.0,12,Stable,4_c2(vicinity) | 3_c2(vicinity) | 3_c2(vicinity) | 3_c2(vicinity) | 4_c2(vicinity) | 3_c2(vicinity) | 2_c1(local) | 2_c1(local) | 1_c1(local) | 1_c1(local) | 1_c1(local) | 1_c1(local)
740,777,7.77,12.0,12,Stable,4_c2(vicinity) | 3_c2(vicinity) | 3_c2(vicinity) | 3_c2(vicinity) | 4_c2(vicinity) | 3_c2(vicinity) | 2_c1(local) | 2_c1(local) | 1_c1(local) | 1_c1(local) | 1_c1(local) | 1_c1(local)
741,830,8.3,12.0,12,Stable,4_c2(vicinity) | 3_c2(vicinity) | 3_c2(vicinity) | 3_c2(vicinity) | 4_c2(vicinity) | 3_c2(vicinity) | 2_c1(local) | 2_c1(local) | 1_c1(local) | 1_c1(local) | 1_c1(local) | 1_c1(local)
742,728,7.28,12.0,12,Stable,4_c2(vicinity) | 3_c2(vicinity) | 3_c2(vicinity) | 3_c2(vicinity) | 4_c2(vicinity) | 3_c2(vicinity) | 2_c1(local) | 2_c1(local) | 1_c1(local) | 1_c1(local) | 1_c1(local) | 1_c1(local)
743,736,7.36,12.0,12,Stable,4_c2(vicinity) | 3_c2(vicinity) | 3_c2(vicinity) | 3_c2(vicinity) | 4_c2(vicinity) | 3_c2(vicinity) | 2_c1(local) | 2_c1(local) | 1_c1(local) | 1_c1(local) | 1_c1(local) | 1_c1(local)
744,799,7.99,12.0,12,Stable,4_c2(vicinity) | 3_c2(vicinity) | 3_c2(vicinity) | 3_c2(vicinity) | 4_c2(vicinity) | 3_c2(vicinity) | 2_c1(local) | 2_c1(local) | 1_c1(local) | 1_c1(local) | 1_c1(local) | 1_c1(local)
745,886,8.86,12.0,12,Stable,4_c2(vicinity) | 3_c2(vicinity) | 3_c2(vicinity) | 3_c2(vicinity) | 4_c2(vicinity) | 3_c2(vicinity) | 2_c1(local) | 2_c1(local) | 1_c1(local) | 1_c1(local) | 1_c1(local) | 1_c1(local)
746,761,7.61,12.0,12,Stable,4_c2(vicinity) | 3_c2(vicinity) | 3_c2(vicinity) | 3_c2(vicinity) | 4_c2(vicinity) | 3_c2(vicinity) | 2_c1(local) | 2_c1(local) | 1_c1(local) | 1_c1(local) | 1_c1(local) | 1_c1(local)
747,1049,10.49,12.0,12,Stable,4_c2(vicinity) | 3_c2(vicinity) | 3_c2(vicinity) | 3_c2(vicinity) | 4_c2(vicinity) | 3_c2(vicinity) | 2_c1(local) | 2_c1(local) | 1_c1(local) | 1_c1(local) | 1_c1(local) | 1_c1(local)
748,987,9.87,12.0,12,Stable,4_c2(vicinity) | 3_c2(vicinity) | 3_c2(vicinity) | 3_c2(vicinity) | 4_c2(vicinity) | 3_c2(vicinity) | 2_c1(local) | 2_c1(local) | 1_c1(local) | 1_c1(local) | 1_c1(local) | 1_c1(local)
749,731,7.31,12.0,12,Stable,4_c2(vicinity) | 3_c2(vicinity) | 3_c2(vicinity) | 3_c2(vicinity) | 4_c2(vicinity) | 3_c2(vicinity) | 2_c1(local) | 2_c1(local) | 1_c1(local) | 1_c1(local) | 1_c1(local) | 1_c1(local)
750,824,8.24,12.0,12,Stable,4_c2(vicinity) | 3_c2(vicinity) | 3_c2(vicinity) | 3_c2(vicinity) | 4_c2(vicinity) | 3_c2(vicinity) | 2_c1(local) | 2_c1(local) | 1_c1(local) | 1_c1(local) | 1_c1(local) | 1_c1(local)
751,870,8.7,12.0,12,Stable,4_c2(vicinity) | 3_c2(vicinity) | 3_c2(vicinity) | 3_c2(vicinity) | 4_c2(vicinity) | 3_c2(vicinity) | 2_c1(local) | 2_c1(local) | 1_c1(local) | 1_c1(local) | 1_c1(local) | 1_c1(local)
752,828,8.28,12.0,12,Stable,4_c2(vicinity) | 3_c2(vicinity) | 3_c2(vicinity) | 3_c2(vicinity) | 4_c2(vicinity) | 3_c2(vicinity) | 2_c1(local) | 2_c1(local) | 1_c1(local) | 1_c1(local) | 1_c1(local) | 1_c1(local)
753,756,7.56,12.0,12,Stable,4_c2(vicinity) | 3_c2(vicinity) | 3_c2(vicinity) | 3_c2(vicinity) | 4_c2(vicinity) | 3_c2(vicinity) | 2_c1(local) | 2_c1(local) | 1_c1(local) | 1_c1(local) | 1_c1(local) | 1_c1(local)
754,497,4.97,12.0,12,Stable,4_c2(vicinity) | 3_c2(vicinity) | 3_c2(vicinity) | 3_c2(vicinity) | 4_c2(vicinity) | 3_c2(vicinity) | 2_c1(local) | 2_c1(local) | 1_c1(local) | 1_c1(local) | 1_c1(local) | 1_c1(local)
755,608,6.08,12.0,12,Stable,4_c2(vicinity) | 3_c2(vicinity) | 3_c2(vicinity) | 3_c2(vicinity) | 4_c2(vicinity) | 3_c2(vicinity) | 2_c1(local) | 2_c1(local) | 1_c1(local) | 1_c1(local) | 1_c1(local) | 1_c1(local)
756,679,6.79,12.0,12,Stable,4_c2(vicinity) | 3_c2(vicinity) | 3_c2(vicinity) | 3_c2(vicinity) | 4_c2(vicinity) | 3_c2(vicinity) | 2_c1(local) | 2_c1(local) | 1_c1(local) | 1_c1(local) | 1_c1(local) | 1_c1(local)
757,613,6.13,12.0,12,Stable,4_c2(vicinity) | 3_c2(vicinity) | 3_c2(vicinity) | 3_c2(vicinity) | 4_c2(vicinity) | 3_c2(vicinity) | 2_c1(local) | 2_c1(local) | 1_c1(local) | 1_c1(local) | 1_c1(local) | 1_c1(local)
758,884,8.84,12.0,12,Stable,4_c2(vicinity) | 3_c2(vicinity) | 3_c2(vicinity) | 3_c2(vicinity) | 4_c2(vicinity) | 3_c2(vicinity) | 2_c1(local) | 2_c1(local) | 1_c1(local) | 1_c1(local) | 1_c1(local) | 1_c1(local)
759,717,7.17,12.0,12,Stable,4_c2(vicinity) | 3_c2(vicinity) | 3_c2(vicinity) | 3_c2(vicinity) | 4_c2(vicinity) | 3_c2(vicinity) | 2_c1(local) | 2_c1(local) | 1_c1(local) | 1_c1(local) | 1_c1(local) | 1_c1(local)
760,491,4.91,12.0,12,Stable,4_c2(vicinity) | 3_c2(vicinity) | 3_c2(vicinity) | 3_c2(vicinity) | 4_c2(vicinity) | 3_c2(vicinity) | 2_c1(local) | 2_c1(local) | 1_c1(local) | 1_c1(local) | 1_c1(local) | 1_c1(local)
761,508,5.08,12.0,12,Stable,4_c2(vicinity) | 3_c2(vicinity) | 3_c2(vicinity) | 3_c2(vicinity) | 4_c2(vicinity) | 3_c2(vicinity) | 2_c1(local) | 2_c1(local) | 1_c1(local) | 1_c1(local) | 1_c1(local) | 1_c1(local)
762,700,7.0,12.0,12,Stable,4_c2(vicinity) | 3_c2(vicinity) | 3_c2(vicinity) | 3_c2(vicinity) | 4_c2(vicinity) | 3_c2(vicinity) | 2_c1(local) | 2_c1(local) | 1_c1(local) | 1_c1(local) | 1_c1(local) | 1_c1(local)
763,795,7.95,12.0,12,Stable,4_c2(vicinity) | 3_c2(vicinity) | 3_c2(vicinity) | 3_c2(vicinity) | 4_c2(vicinity) | 3_c2(vicinity) | 2_c1(local) | 2_c1(local) | 1_c1(local) | 1_c1(local) | 1_c1(local) | 1_c1(local)
764,569,5.69,12.0,12,Stable,4_c2(vicinity) | 3_c2(vicinity) | 3_c2(vicinity) | 3_c2(vicinity) | 4_c2(vicinity) | 3_c2(vicinity) | 2_c1(local) | 2_c1(local) | 1_c1(local) | 1_c1(local) | 1_c1(local) | 1_c1(local)
765,784,7.84,12.0,12,Stable,4_c2(vicinity) | 3_c2(vicinity) | 3_c2(vicinity) | 3_c2(vicinity) | 4_c2(vicinity) | 3_c2(vicinity) | 2_c1(local) | 2_c1(local) | 1_c1(local) | 1_c1(local) | 1_c1(local) | 1_c1(local)
766,866,8.66,12.0,12,Stable,4_c2(vicinity) | 3_c2(vicinity) | 3_c2(vicinity) | 3_c2(vicinity) | 4_c2(vicinity) | 3_c2(vicinity) | 2_c1(local) | 2_c1(local) | 1_c1(local) | 1_c1(local) | 1_c1(local) | 1_c1(local)
767,803,8.03,12.0,12,Stable,4_c2(vicinity) | 3_c2(vicinity) | 3_c2(vicinity) | 3_c2(vicinity) | 4_c2(vicinity) | 3_c2(vicinity) | 2_c1(local) | 2_c1(local) | 1_c1(local) | 1_c1(local) | 1_c1(local) | 1_c1(local)
768,729,7.29,12.0,12,Stable,4_c2(vicinity) | 3_c2(vicinity) | 3_c2(vicinity) | 3_c2(vicinity) | 4_c2(vicinity) | 3_c2(vicinity) | 2_c1(local) | 2_c1(local) | 1_c1(local) | 1_c1(local) | 1_c1(local) | 1_c1(local)
769,747,7.47,12.0,12,Stable,4_c2(vicinity) | 3_c2(vicinity) | 3_c2(vicinity) | 3_c2(vicinity) | 4_c2(vicinity) | 3_c2(vicinity) | 2_c1(local) | 2_c1(local) | 1_c1(local) | 1_c1(local) | 1_c1(local) | 1_c1(local)
770,587,5.87,12.0,12,Stable,4_c2(vicinity) | 3_c2(vicinity) | 3_c2(vicinity) | 3_c2(vicinity) | 4_c2(vicinity) | 3_c2(vicinity) | 2_c1(local) | 2_c1(local) | 1_c1(local) | 1_c1(local) | 1_c1(local) | 1_c1(local)
771,663,6.63,12.0,12,Stable,4_c2(vicinity) | 3_c2(vicinity) | 3_c2(vicinity) | 3_c2(vicinity) | 4_c2(vicinity) | 3_c2(vicinity) | 2_c1(local) | 2_c1(local) | 1_c1(local) | 1_c1(local) | 1_c1(local) | 1_c1(local)
772,805,8.05,12.0,12,Stable,4_c2(vicinity) | 3_c2(vicinity) | 3_c2(vicinity) | 3_c2(vicinity) | 4_c2(vicinity) | 3_c2(vicinity) | 2_c1(local) | 2_c1(local) | 1_c1(local) | 1_c1(local) | 1_c1(local) | 1_c1(local)
773,569,5.69,12.0,12,Stable,4_c2(vicinity) | 3_c2(vicinity) | 3_c2(vicinity) | 3_c2(vicinity) | 4_c2(vicinity) | 3_c2(vicinity) | 2_c1(local) | 2_c1(local) | 1_c1(local) | 1_c1(local) | 1_c1(local) | 1_c1(local)
774,712,7.12,12.0,12,Stable,4_c2(vicinity) | 3_c2(vicinity) | 3_c2(vicinity) | 3_c2(vicinity) | 4_c2(vicinity) | 3_c2(vicinity) | 2_c1(local) | 2_c1(local) | 1_c1(local) | 1_c1(local) | 1_c1(local) | 1_c1(local)
775,703,7.03,12.0,12,Stable,4_c2(vicinity) | 3_c2(vicinity) | 3_c2(vicinity) | 3_c2(vicinity) | 4_c2(vicinity) | 3_c2(vicinity) | 2_c1(local) | 2_c1(local) | 1_c1(local) | 1_c1(local) | 1_c1(local) | 1_c1(local)
776,417,4.17,12.0,12,Stable,4_c2(vicinity) | 3_c2(vicinity) | 3_c2(vicinity) | 3_c2(vicinity) | 4_c2(vicinity) | 3_c2(vicinity) | 2_c1(local) | 2_c1(local) | 1_c1(local) | 1_c1(local) | 1_c1(local) | 1_c1(local)
777,646,6.46,12.0,12,Stable,4_c2(vicinity) | 3_c2(vicinity) | 3_c2(vicinity) | 3_c2(vicinity) | 4_c2(vicinity) | 3_c2(vicinity) | 2_c1(local) | 2_c1(local) | 1_c1(local) | 1_c1(local) | 1_c1(local) | 1_c1(local)
778,690,6.9,12.0,12,Stable,4_c2(vicinity) | 3_c2(vicinity) | 3_c2(vicinity) | 3_c2(vicinity) | 4_c2(vicinity) | 3_c2(vicinity) | 2_c1(local) | 2_c1(local) | 1_c1(local) | 1_c1(local) | 1_c1(local) | 1_c1(local)
779,635,6.35,12.0,12,Stable,4_c2(vicinity) | 3_c2(vicinity) | 3_c2(vicinity) | 3_c2(vicinity) | 4_c2(vicinity) | 3_c2(vicinity) | 2_c1(local) | 2_c1(local) | 1_c1(local) | 1_c1(local) | 1_c1(local) | 1_c1(local)
780,585,5.85,12.0,12,Stable,4_c2(vicinity) | 3_c2(vicinity) | 3_c2(vicinity) | 3_c2(vicinity) | 4_c2(vicinity) | 3_c2(vicinity) | 2_c1(local) | 2_c1(local) | 1_c1(local) | 1_c1(local) | 1_c1(local) | 1_c1(local)
781,587,5.87,12.0,12,Stable,4_c2(vicinity) | 3_c2(vicinity) | 3_c2(vicinity) | 3_c2(vicinity) | 4_c2(vicinity) | 3_c2(vicinity) | 2_c1(local) | 2_c1(local) | 1_c1(local) | 1_c1(local) | 1_c1(local) | 1_c1(local)
782,946,9.46,12.0,12,Stable,4_c2(vicinity) | 3_c2(vicinity) | 3_c2(vicinity) | 3_c2(vicinity) | 4_c2(vicinity) | 3_c2(vicinity) | 2_c1(local) | 2_c1(local) | 1_c1(local) | 1_c1(local) | 1_c1(local) | 1_c1(local)
783,885,8.85,12.0,12,Stable,4_c2(vicinity) | 3_c2(vicinity) | 3_c2(vicinity) | 3_c2(vicinity) | 4_c2(vicinity) | 3_c2(vicinity) | 2_c1(local) | 2_c1(local) | 1_c1(local) | 1_c1(local) | 1_c1(local) | 1_c1(local)
784,920,9.2,12.0,12,Stable,4_c2(vicinity) | 3_c2(vicinity) | 3_c2(vicinity) | 3_c2(vicinity) | 4_c2(vicinity) | 3_c2(vicinity) | 2_c1(local) | 2_c1(local) | 1_c1(local) | 1_c1(local) | 1_c1(local) | 1_c1(local)
785,850,8.5,12.0,12,Stable,4_c2(vicinity) | 3_c2(vicinity) | 3_c2(vicinity) | 3_c2(vicinity) | 4_c2(vicinity) | 3_c2(vicinity) | 2_c1(local) | 2_c1(local) | 1_c1(local) | 1_c1(local) | 1_c1(local) | 1_c1(local)
786,772,7.72,12.0,12,Stable,4_c2(vicinity) | 3_c2(vicinity) | 3_c2(vicinity) | 3_c2(vicinity) | 4_c2(vicinity) | 3_c2(vicinity) | 2_c1(local) | 2_c1(local) | 1_c1(local) | 1_c1(local) | 1_c1(local) | 1_c1(local)
787,729,7.29,12.0,12,Stable,4_c2(vicinity) | 3_c2(vicinity) | 3_c2(vicinity) | 3_c2(vicinity) | 4_c2(vicinity) | 3_c2(vicinity) | 2_c1(local) | 2_c1(local) | 1_c1(local) | 1_c1(local) | 1_c1(local) | 1_c1(local)
788,708,7.08,12.0,12,Stable,4_c2(vicinity) | 3_c2(vicinity) | 3_c2(vicinity) | 3_c2(vicinity) | 4_c2(vicinity) | 3_c2(vicinity) | 2_c1(local) | 2_c1(local) | 1_c1(local) | 1_c1(local) | 1_c1(local) | 1_c1(local)
789,854,8.54,12.0,12,Stable,4_c2(vicinity) | 3_c2(vicinity) | 3_c2(vicinity) | 3_c2(vicinity) | 4_c2(vicinity) | 3_c2(vicinity) | 2_c1(local) | 2_c1(local) | 1_c1(local) | 1_c1(local) | 1_c1(local) | 1_c1(local)
790,618,6.18,12.0,12,Stable,4_c2(vicinity) | 3_c2(vicinity) | 3_c2(vicinity) | 3_c2(vicinity) | 4_c2(vicinity) | 3_c2(vicinity) | 2_c1(local) | 2_c1(local) | 1_c1(local) | 1_c1(local) | 1_c1(local) | 1_c1(local)
791,647,6.47,12.0,12,Stable,4_c2(vicinity) | 3_c2(vicinity) | 3_c2(vicinity) | 3_c2(vicinity) | 4_c2(vicinity) | 3_c2(vicinity) | 2_c1(local) | 2_c1(local) | 1_c1(local) | 1_c1(local) | 1_c1(local) | 1_c1(local)
792,838,8.38,12.0,12,Stable,4_c2(vicinity) | 3_c2(vicinity) | 3_c2(vicinity) | 3_c2(vicinity) | 4_c2(vicinity) | 3_c2(vicinity) | 2_c1(local) | 2_c1(local) | 1_c1(local) | 1_c1(local) | 1_c1(local) | 1_c1(local)
793,943,9.43,12.0,12,Stable,4_c2(vicinity) | 3_c2(vicinity) | 3_c2(vicinity) | 3_c2(vicinity) | 4_c2(vicinity) | 3_c2(vicinity) | 2_c1(local) | 2_c1(local) | 1_c1(local) | 1_c1(local) | 1_c1(local) | 1_c1(local)
794,840,8.4,12.0,12,Stable,4_c2(vicinity) | 3_c2(vicinity) | 3_c2(vicinity) | 3_c2(vicinity) | 4_c2(vicinity) | 3_c2(vicinity) | 2_c1(local) | 2_c1(local) | 1_c1(local) | 1_c1(local) | 1_c1(local) | 1_c1(local)
795,783,7.83,12.0,12,Stable,4_c2(vicinity) | 3_c2(vicinity) | 3_c2(vicinity) | 3_c2(vicinity) | 4_c2(vicinity) | 3_c2(vicinity) | 2_c1(local) | 2_c1(local) | 1_c1(local) | 1_c1(local) | 1_c1(local) | 1_c1(local)
796,762,7.62,12.0,12,Stable,4_c2(vicinity) | 3_c2(vicinity) | 3_c2(vicinity) | 3_c2(vicinity) | 4_c2(vicinity) | 3_c2(vicinity) | 2_c1(local) | 2_c1(local) | 1_c1(local) | 1_c1(local) | 1_c1(local) | 1_c1(local)
797,722,7.22,12.0,12,Stable,4_c2(vicinity) | 3_c2(vicinity) | 3_c2(vicinity) | 3_c2(vicinity) | 4_c2(vicinity) | 3_c2(vicinity) | 2_c1(local) | 2_c1(local) | 1_c1(local) | 1_c1(local) | 1_c1(local) | 1_c1(local)
798,833,8.33,12.0,12,Stable,4_c2(vicinity) | 3_c2(vicinity) | 3_c2(vicinity) | 3_c2(vicinity) | 4_c2(vicinity) | 3_c2(vicinity) | 2_c1(local) | 2_c1(local) | 1_c1(local) | 1_c1(local) | 1_c1(local) | 1_c1(local)
799,906,9.06,12.0,12,Stable,4_c2(vicinity) | 3_c2(vicinity) | 3_c2(vicinity) | 3_c2(vicinity) | 4_c2(vicinity) | 3_c2(vicinity) | 2_c1(local) | 2_c1(local) | 1_c1(local) | 1_c1(local) | 1_c1(local) | 1_c1(local)
800,764,7.64,12.0,12,Stable,4_c2(vicinity) | 3_c2(vicinity) | 3_c2(vicinity) | 3_c2(vicinity) | 4_c2(vicinity) | 3_c2(vicinity) | 2_c1(local) | 2_c1(local) | 1_c1(local) | 1_c1(local) | 1_c1(local) | 1_c1(local)
801,702,7.02,12.0,12,Stable,4_c2(vicinity) | 3_c2(vicinity) | 3_c2(vicinity) | 3_c2(vicinity) | 4_c2(vicinity) | 3_c2(vicinity) | 2_c1(local) | 2_c1(local) | 1_c1(local) | 1_c1(local) | 1_c1(local) | 1_c1(local)
802,729,7.29,12.0,12,Stable,4_c2(vicinity) | 3_c2(vicinity) | 3_c2(vicinity) | 3_c2(vicinity) | 4_c2(vicinity) | 3_c2(vicinity) | 2_c1(local) | 2_c1(local) | 1_c1(local) | 1_c1(local) | 1_c1(local) | 1_c1(local)
803,753,7.53,12.0,12,Stable,4_c2(vicinity) | 3_c2(vicinity) | 3_c2(vicinity) | 3_c2(vicinity) | 4_c2(vicinity) | 3_c2(vicinity) | 2_c1(local) | 2_c1(local) | 1_c1(local) | 1_c1(local) | 1_c1(local) | 1_c1(local)
804,838,8.38,12.0,12,Stable,4_c2(vicinity) | 3_c2(vicinity) | 3_c2(vicinity) | 3_c2(vicinity) | 4_c2(vicinity) | 3_c2(vicinity) | 2_c1(local) | 2_c1(local) | 1_c1(local) | 1_c1(local) | 1_c1(local) | 1_c1(local)
805,569,5.69,12.0,12,Stable,4_c2(vicinity) | 3_c2(vicinity) | 3_c2(vicinity) | 3_c2(vicinity) | 4_c2(vicinity) | 3_c2(vicinity) | 2_c1(local) | 2_c1(local) | 1_c1(local) | 1_c1(local) | 1_c1(local) | 1_c1(local)
806,703,7.03,12.0,12,Stable,4_c2(vicinity) | 3_c2(vicinity) | 3_c2(vicinity) | 3_c2(vicinity) | 4_c2(vicinity) | 3_c2(vicinity) | 2_c1(local) | 2_c1(local) | 1_c1(local) | 1_c1(local) | 1_c1(local) | 1_c1(local)
807,853,8.53,12.0,12,Stable,4_c2(vicinity) | 3_c2(vicinity) | 3_c2(vicinity) | 3_c2(vicinity) | 4_c2(vicinity) | 3_c2(vicinity) | 2_c1(local) | 2_c1(local) | 1_c1(local) | 1_c1(local) | 1_c1(local) | 1_c1(local)
808,767,7.67,12.0,12,Stable,4_c2(vicinity) | 3_c2(vicinity) | 3_c2(vicinity) | 3_c2(vicinity) | 4_c2(vicinity) | 3_c2(vicinity) | 2_c1(local) | 2_c1(local) | 1_c1(local) | 1_c1(local) | 1_c1(local) | 1_c1(local)
809,806,8.06,12.0,12,Stable,4_c2(vicinity) | 3_c2(vicinity) | 3_c2(vicinity) | 3_c2(vicinity) | 4_c2(vicinity) | 3_c2(vicinity) | 2_c1(local) | 2_c1(local) | 1_c1(local) | 1_c1(local) | 1_c1(local) | 1_c1(local)
810,681,6.81,12.0,12,Stable,4_c2(vicinity) | 3_c2(vicinity) | 3_c2(vicinity) | 3_c2(vicinity) | 4_c2(vicinity) | 3_c2(vicinity) | 2_c1(local) | 2_c1(local) | 1_c1(local) | 1_c1(local) | 1_c1(local) | 1_c1(local)
811,634,6.34,12.0,12,Stable,4_c2(vicinity) | 3_c2(vicinity) | 3_c2(vicinity) | 3_c2(vicinity) | 4_c2(vicinity) | 3_c2(vicinity) | 2_c1(local) | 2_c1(local) | 1_c1(local) | 1_c1(local) | 1_c1(local) | 1_c1(local)
812,738,7.38,12.0,12,Stable,4_c2(vicinity) | 3_c2(vicinity) | 3_c2(vicinity) | 3_c2(vicinity) | 4_c2(vicinity) | 3_c2(vicinity) | 2_c1(local) | 2_c1(local) | 1_c1(local) | 1_c1(local) | 1_c1(local) | 1_c1(local)
813,679,6.79,12.0,12,Stable,4_c2(vicinity) | 3_c2(vicinity) | 3_c2(vicinity) | 3_c2(vicinity) | 4_c2(vicinity) | 3_c2(vicinity) | 2_c1(local) | 2_c1(local) | 1_c1(local) | 1_c1(local) | 1_c1(local) | 1_c1(local)
814,745,7.45,12.0,12,Stable,4_c2(vicinity) | 3_c2(vicinity) | 3_c2(vicinity) | 3_c2(vicinity) | 4_c2(vicinity) | 3_c2(vicinity) | 2_c1(local) | 2_c1(local) | 1_c1(local) | 1_c1(local) | 1_c1(local) | 1_c1(local)
815,782,7.82,12.0,12,Stable,4_c2(vicinity) | 3_c2(vicinity) | 3_c2(vicinity) | 3_c2(vicinity) | 4_c2(vicinity) | 3_c2(vicinity) | 2_c1(local) | 2_c1(local) | 1_c1(local) | 1_c1(local) | 1_c1(local) | 1_c1(local)
816,887,8.87,12.0,12,Stable,4_c2(vicinity) | 3_c2(vicinity) | 3_c2(vicinity) | 3_c2(vicinity) | 4_c2(vicinity) | 3_c2(vicinity) | 2_c1(local) | 2_c1(local) | 1_c1(local) | 1_c1(local) | 1_c1(local) | 1_c1(local)
817,840,8.4,12.0,12,Stable,4_c2(vicinity) | 3_c2(vicinity) | 3_c2(vicinity) | 3_c2(vicinity) | 4_c2(vicinity) | 3_c2(vicinity) | 2_c1(local) | 2_c1(local) | 1_c1(local) | 1_c1(local) | 1_c1(local) | 1_c1(local)
818,729,7.29,12.0,12,Stable,4_c2(vicinity) | 3_c2(vicinity) | 3_c2(vicinity) | 3_c2(vicinity) | 4_c2(vicinity) | 3_c2(vicinity) | 2_c1(local) | 2_c1(local) | 1_c1(local) | 1_c1(local) | 1_c1(local) | 1_c1(local)
819,674,6.74,12.0,12,Stable,4_c2(vicinity) | 3_c2(vicinity) | 3_c2(vicinity) | 3_c2(vicinity) | 4_c2(vicinity) | 3_c2(vicinity) | 2_c1(local) | 2_c1(local) | 1_c1(local) | 1_c1(local) | 1_c1(local) | 1_c1(local)
820,752,7.52,12.0,12,Stable,4_c2(vicinity) | 3_c2(vicinity) | 3_c2(vicinity) | 3_c2(vicinity) | 4_c2(vicinity) | 3_c2(vicinity) | 2_c1(local) | 2_c1(local) | 1_c1(local) | 1_c1(local) | 1_c1(local) | 1_c1(local)
821,751,7.51,12.0,12,Stable,4_c2(vicinity) | 3_c2(vicinity) | 3_c2(vicinity) | 3_c2(vicinity) | 4_c2(vicinity) | 3_c2(vicinity) | 2_c1(local) | 2_c1(local) | 1_c1(local) | 1_c1(local) | 1_c1(local) | 1_c1(local)
822,830,8.3,12.0,12,Stable,4_c2(vicinity) | 3_c2(vicinity) | 3_c2(vicinity) | 3_c2(vicinity) | 4_c2(vicinity) | 3_c2(vicinity) | 2_c1(local) | 2_c1(local) | 1_c1(local) | 1_c1(local) | 1_c1(local) | 1_c1(local)
823,940,9.4,12.0,12,Stable,4_c2(vicinity) | 3_c2(vicinity) | 3_c2(vicinity) | 3_c2(vicinity) | 4_c2(vicinity) | 3_c2(vicinity) | 2_c1(local) | 2_c1(local) | 1_c1(local) | 1_c1(local) | 1_c1(local) | 1_c1(local)
824,1078,10.78,12.0,12,Stable,4_c2(vicinity) | 3_c2(vicinity) | 3_c2(vicinity) | 3_c2(vicinity) | 4_c2(vicinity) | 3_c2(vicinity) | 2_c1(local) | 2_c1(local) | 1_c1(local) | 1_c1(local) | 1_c1(local) | 1_c1(local)
825,958,9.58,12.0,12,Stable,4_c2(vicinity) | 3_c2(vicinity) | 3_c2(vicinity) | 3_c2(vicinity) | 4_c2(vicinity) | 3_c2(vicinity) | 2_c1(local) | 2_c1(local) | 1_c1(local) | 1_c1(local) | 1_c1(local) | 1_c1(local)
826,913,9.13,12.0,12,Stable,4_c2(vicinity) | 3_c2(vicinity) | 3_c2(vicinity) | 3_c2(vicinity) | 4_c2(vicinity) | 3_c2(vicinity) | 2_c1(local) | 2_c1(local) | 1_c1(local) | 1_c1(local) | 1_c1(local) | 1_c1(local)
827,819,8.19,12.0,12,Stable,4_c2(vicinity) | 3_c2(vicinity) | 3_c2(vicinity) | 3_c2(vicinity) | 4_c2(vicinity) | 3_c2(vicinity) | 2_c1(local) | 2_c1(local) | 1_c1(local) | 1_c1(local) | 1_c1(local) | 1_c1(local)
828,720,7.2,12.0,12,Stable,4_c2(vicinity) | 3_c2(vicinity) | 3_c2(vicinity) | 3_c2(vicinity) | 4_c2(vicinity) | 3_c2(vicinity) | 2_c1(local) | 2_c1(local) | 1_c1(local) | 1_c1(local) | 1_c1(local) | 1_c1(local)
829,760,7.6,12.0,12,Stable,4_c2(vicinity) | 3_c2(vicinity) | 3_c2(vicinity) | 3_c2(vicinity) | 4_c2(vicinity) | 3_c2(vicinity) | 2_c1(local) | 2_c1(local) | 1_c1(local) | 1_c1(local) | 1_c1(local) | 1_c1(local)
830,768,7.68,12.0,12,Stable,4_c2(vicinity) | 3_c2(vicinity) | 3_c2(vicinity) | 3_c2(vicinity) | 4_c2(vicinity) | 3_c2(vicinity) | 2_c1(local) | 2_c1(local) | 1_c1(local) | 1_c1(local) | 1_c1(local) | 1_c1(local)
831,664,6.64,12.0,12,Stable,4_c2(vicinity) | 3_c2(vicinity) | 3_c2(vicinity) | 3_c2(vicinity) | 4_c2(vicinity) | 3_c2(vicinity) | 2_c1(local) | 2_c1(local) | 1_c1(local) | 1_c1(local) | 1_c1(local) | 1_c1(local)
832,813,8.13,12.0,12,Stable,4_c2(vicinity) | 3_c2(vicinity) | 3_c2(vicinity) | 3_c2(vicinity) | 4_c2(vicinity) | 3_c2(vicinity) | 2_c1(local) | 2_c1(local) | 1_c1(local) | 1_c1(local) | 1_c1(local) | 1_c1(local)
833,787,7.87,12.0,12,Stable,4_c2(vicinity) | 3_c2(vicinity) | 3_c2(vicinity) | 3_c2(vicinity) | 4_c2(vicinity) | 3_c2(vicinity) | 2_c1(local) | 2_c1(local) | 1_c1(local) | 1_c1(local) | 1_c1(local) | 1_c1(local)
834,870,8.7,12.0,12,Stable,4_c2(vicinity) | 3_c2(vicinity) | 3_c2(vicinity) | 3_c2(vicinity) | 4_c2(vicinity) | 3_c2(vicinity) | 2_c1(local) | 2_c1(local) | 1_c1(local) | 1_c1(local) | 1_c1(local) | 1_c1(local)
835,879,8.79,12.0,12,Stable,4_c2(vicinity) | 3_c2(vicinity) | 3_c2(vicinity) | 3_c2(vicinity) | 4_c2(vicinity) | 3_c2(vicinity) | 2_c1(local) | 2_c1(local) | 1_c1(local) | 1_c1(local) | 1_c1(local) | 1_c1(local)
836,943,9.43,12.0,12,Stable,4_c2(vicinity) | 3_c2(vicinity) | 3_c2(vicinity) | 3_c2(vicinity) | 4_c2(vicinity) | 3_c2(vicinity) | 2_c1(local) | 2_c1(local) | 1_c1(local) | 1_c1(local) | 1_c1(local) | 1_c1(local)
837,926,9.26,12.0,12,Stable,4_c2(vicinity) | 3_c2(vicinity) | 3_c2(vicinity) | 3_c2(vicinity) | 4_c2(vicinity) | 3_c2(vicinity) | 2_c1(local) | 2_c1(local) | 1_c1(local) | 1_c1(local) | 1_c1(local) | 1_c1(local)
838,805,8.05,12.0,12,Stable,4_c2(vicinity) | 3_c2(vicinity) | 3_c2(vicinity) | 3_c2(vicinity) | 4_c2(vicinity) | 3_c2(vicinity) | 2_c1(local) | 2_c1(local) | 1_c1(local) | 1_c1(local) | 1_c1(local) | 1_c1(local)
839,701,7.01,12.0,12,Stable,4_c2(vicinity) | 3_c2(vicinity) | 3_c2(vicinity) | 3_c2(vicinity) | 4_c2(vicinity) | 3_c2(vicinity) | 2_c1(local) | 2_c1(local) | 1_c1(local) | 1_c1(local) | 1_c1(local) | 1_c1(local)
840,741,7.41,12.0,12,Stable,4_c2(vicinity) | 3_c2(vicinity) | 3_c2(vicinity) | 3_c2(vicinity) | 4_c2(vicinity) | 3_c2(vicinity) | 2_c1(local) | 2_c1(local) | 1_c1(local) | 1_c1(local) | 1_c1(local) | 1_c1(local)
841,1005,10.05,12.0,12,Stable,4_c2(vicinity) | 3_c2(vicinity) | 3_c2(vicinity) | 3_c2(vicinity) | 4_c2(vicinity) | 3_c2(vicinity) | 2_c1(local) | 2_c1(local) | 1_c1(local) | 1_c1(local) | 1_c1(local) | 1_c1(local)
842,898,8.98,12.0,12,Stable,4_c2(vicinity) | 3_c2(vicinity) | 3_c2(vicinity) | 3_c2(vicinity) | 4_c2(vicinity) | 3_c2(vicinity) | 2_c1(local) | 2_c1(local) | 1_c1(local) | 1_c1(local) | 1_c1(local) | 1_c1(local)
843,965,9.65,12.0,12,Stable,4_c2(vicinity) | 3_c2(vicinity) | 3_c2(vicinity) | 3_c2(vicinity) | 4_c2(vicinity) | 3_c2(vicinity) | 2_c1(local) | 2_c1(local) | 1_c1(local) | 1_c1(local) | 1_c1(local) | 1_c1(local)
844,888,8.88,12.0,12,Stable,4_c2(vicinity) | 3_c2(vicinity) | 3_c2(vicinity) | 3_c2(vicinity) | 4_c2(vicinity) | 3_c2(vicinity) | 2_c1(local) | 2_c1(local) | 1_c1(local) | 1_c1(local) | 1_c1(local) | 1_c1(local)
845,1065,10.65,12.0,12,Stable,4_c2(vicinity) | 3_c2(vicinity) | 3_c2(vicinity) | 3_c2(vicinity) | 4_c2(vicinity) | 3_c2(vicinity) | 2_c1(local) | 2_c1(local) | 1_c1(local) | 1_c1(local) | 1_c1(local) | 1_c1(local)
846,1074,10.74,12.0,12,Stable,4_c2(vicinity) | 3_c2(vicinity) | 3_c2(vicinity) | 3_c2(vicinity) | 4_c2(vicinity) | 3_c2(vicinity) | 2_c1(local) | 2_c1(local) | 1_c1(local) | 1_c1(local) | 1_c1(local) | 1_c1(local)
847,1112,11.12,12.0,12,Stable,4_c2(vicinity) | 3_c2(vicinity) | 3_c2(vicinity) | 3_c2(vicinity) | 4_c2(vicinity) | 3_c2(vicinity) | 2_c1(local) | 2_c1(local) | 1_c1(local) | 1_c1(local) | 1_c1(local) | 1_c1(local)
848,853,8.53,12.0,12,Stable,4_c2(vicinity) | 3_c2(vicinity) | 3_c2(vicinity) | 3_c2(vicinity) | 4_c2(vicinity) | 3_c2(vicinity) | 2_c1(local) | 2_c1(local) | 1_c1(local) | 1_c1(local) | 1_c1(local) | 1_c1(local)
849,993,9.93,12.0,12,Stable,4_c2(vicinity) | 3_c2(vicinity) | 3_c2(vicinity) | 3_c2(vicinity) | 4_c2(vicinity) | 3_c2(vicinity) | 2_c1(local) | 2_c1(local) | 1_c1(local) | 1_c1(local) | 1_c1(local) | 1_c1(local)
850,861,8.61,12.0,12,Stable,4_c2(vicinity) | 3_c2(vicinity) | 3_c2(vicinity) | 3_c2(vicinity) | 4_c2(vicinity) | 3_c2(vicinity) | 2_c1(local) | 2_c1(local) | 1_c1(local) | 1_c1(local) | 1_c1(local) | 1_c1(local)
851,912,9.12,12.0,12,Stable,4_c2(vicinity) | 3_c2(vicinity) | 3_c2(vicinity) | 3_c2(vicinity) | 4_c2(vicinity) | 3_c2(vicinity) | 2_c1(local) | 2_c1(local) | 1_c1(local) | 1_c1(local) | 1_c1(local) | 1_c1(local)
852,1192,11.92,12.0,12,Stable,4_c2(vicinity) | 3_c2(vicinity) | 3_c2(vicinity) | 3_c2(vicinity) | 4_c2(vicinity) | 3_c2(vicinity) | 2_c1(local) | 2_c1(local) | 1_c1(local) | 1_c1(local) | 1_c1(local) | 1_c1(local)
853,1143,11.43,12.0,12,Stable,4_c2(vicinity) | 3_c2(vicinity) | 3_c2(vicinity) | 3_c2(vicinity) | 4_c2(vicinity) | 3_c2(vicinity) | 2_c1(local) | 2_c1(local) | 1_c1(local) | 1_c1(local) | 1_c1(local) | 1_c1(local)
854,1264,12.64,13.0,13,Scaled GLOBAL: 6_c3,4_c2(vicinity) | 3_c2(vicinity) | 3_c2(vicinity) | 3_c2(vicinity) | 4_c2(vicinity) | 3_c2(vicinity) | 2_c1(local) | 2_c1(local) | 1_c1(local) | 1_c1(local) | 1_c1(local) | 1_c1(local) | 6_c3(global)
855,1117,11.17,12.0,12,Scaled DOWN: global,4_c2(vicinity) | 3_c2(vicinity) | 3_c2(vicinity) | 3_c2(vicinity) | 4_c2(vicinity) | 3_c2(vicinity) | 2_c1(local) | 2_c1(local) | 1_c1(local) | 1_c1(local) | 1_c1(local) | 1_c1(local)
856,1001,10.01,12.0,12,Stable,4_c2(vicinity) | 3_c2(vicinity) | 3_c2(vicinity) | 3_c2(vicinity) | 4_c2(vicinity) | 3_c2(vicinity) | 2_c1(local) | 2_c1(local) | 1_c1(local) | 1_c1(local) | 1_c1(local) | 1_c1(local)
857,1046,10.46,12.0,12,Stable,4_c2(vicinity) | 3_c2(vicinity) | 3_c2(vicinity) | 3_c2(vicinity) | 4_c2(vicinity) | 3_c2(vicinity) | 2_c1(local) | 2_c1(local) | 1_c1(local) | 1_c1(local) | 1_c1(local) | 1_c1(local)
858,907,9.07,12.0,12,Stable,4_c2(vicinity) | 3_c2(vicinity) | 3_c2(vicinity) | 3_c2(vicinity) | 4_c2(vicinity) | 3_c2(vicinity) | 2_c1(local) | 2_c1(local) | 1_c1(local) | 1_c1(local) | 1_c1(local) | 1_c1(local)
859,945,9.45,12.0,12,Stable,4_c2(vicinity) | 3_c2(vicinity) | 3_c2(vicinity) | 3_c2(vicinity) | 4_c2(vicinity) | 3_c2(vicinity) | 2_c1(local) | 2_c1(local) | 1_c1(local) | 1_c1(local) | 1_c1(local) | 1_c1(local)
860,1115,11.15,12.0,12,Stable,4_c2(vicinity) | 3_c2(vicinity) | 3_c2(vicinity) | 3_c2(vicinity) | 4_c2(vicinity) | 3_c2(vicinity) | 2_c1(local) | 2_c1(local) | 1_c1(local) | 1_c1(local) | 1_c1(local) | 1_c1(local)
861,1117,11.17,12.0,12,Stable,4_c2(vicinity) | 3_c2(vicinity) | 3_c2(vicinity) | 3_c2(vicinity) | 4_c2(vicinity) | 3_c2(vicinity) | 2_c1(local) | 2_c1(local) | 1_c1(local) | 1_c1(local) | 1_c1(local) | 1_c1(local)
862,1119,11.19,12.0,12,Stable,4_c2(vicinity) | 3_c2(vicinity) | 3_c2(vicinity) | 3_c2(vicinity) | 4_c2(vicinity) | 3_c2(vicinity) | 2_c1(local) | 2_c1(local) | 1_c1(local) | 1_c1(local) | 1_c1(local) | 1_c1(local)
863,1012,10.12,12.0,12,Stable,4_c2(vicinity) | 3_c2(vicinity) | 3_c2(vicinity) | 3_c2(vicinity) | 4_c2(vicinity) | 3_c2(vicinity) | 2_c1(local) | 2_c1(local) | 1_c1(local) | 1_c1(local) | 1_c1(local) | 1_c1(local)
864,915,9.15,12.0,12,Stable,4_c2(vicinity) | 3_c2(vicinity) | 3_c2(vicinity) | 3_c2(vicinity) | 4_c2(vicinity) | 3_c2(vicinity) | 2_c1(local) | 2_c1(local) | 1_c1(local) | 1_c1(local) | 1_c1(local) | 1_c1(local)
865,945,9.45,12.0,12,Stable,4_c2(vicinity) | 3_c2(vicinity) | 3_c2(vicinity) | 3_c2(vicinity) | 4_c2(vicinity) | 3_c2(vicinity) | 2_c1(local) | 2_c1(local) | 1_c1(local) | 1_c1(local) | 1_c1(local) | 1_c1(local)
866,867,8.67,12.0,12,Stable,4_c2(vicinity) | 3_c2(vicinity) | 3_c2(vicinity) | 3_c2(vicinity) | 4_c2(vicinity) | 3_c2(vicinity) | 2_c1(local) | 2_c1(local) | 1_c1(local) | 1_c1(local) | 1_c1(local) | 1_c1(local)
867,700,7.0,12.0,12,Stable,4_c2(vicinity) | 3_c2(vicinity) | 3_c2(vicinity) | 3_c2(vicinity) | 4_c2(vicinity) | 3_c2(vicinity) | 2_c1(local) | 2_c1(local) | 1_c1(local) | 1_c1(local) | 1_c1(local) | 1_c1(local)
868,683,6.83,12.0,12,Stable,4_c2(vicinity) | 3_c2(vicinity) | 3_c2(vicinity) | 3_c2(vicinity) | 4_c2(vicinity) | 3_c2(vicinity) | 2_c1(local) | 2_c1(local) | 1_c1(local) | 1_c1(local) | 1_c1(local) | 1_c1(local)
869,713,7.13,12.0,12,Stable,4_c2(vicinity) | 3_c2(vicinity) | 3_c2(vicinity) | 3_c2(vicinity) | 4_c2(vicinity) | 3_c2(vicinity) | 2_c1(local) | 2_c1(local) | 1_c1(local) | 1_c1(local) | 1_c1(local) | 1_c1(local)
870,1022,10.22,12.0,12,Stable,4_c2(vicinity) | 3_c2(vicinity) | 3_c2(vicinity) | 3_c2(vicinity) | 4_c2(vicinity) | 3_c2(vicinity) | 2_c1(local) | 2_c1(local) | 1_c1(local) | 1_c1(local) | 1_c1(local) | 1_c1(local)
871,1090,10.9,12.0,12,Stable,4_c2(vicinity) | 3_c2(vicinity) | 3_c2(vicinity) | 3_c2(vicinity) | 4_c2(vicinity) | 3_c2(vicinity) | 2_c1(local) | 2_c1(local) | 1_c1(local) | 1_c1(local) | 1_c1(local) | 1_c1(local)
872,907,9.07,12.0,12,Stable,4_c2(vicinity) | 3_c2(vicinity) | 3_c2(vicinity) | 3_c2(vicinity) | 4_c2(vicinity) | 3_c2(vicinity) | 2_c1(local) | 2_c1(local) | 1_c1(local) | 1_c1(local) | 1_c1(local) | 1_c1(local)
873,1074,10.74,12.0,12,Stable,4_c2(vicinity) | 3_c2(vicinity) | 3_c2(vicinity) | 3_c2(vicinity) | 4_c2(vicinity) | 3_c2(vicinity) | 2_c1(local) | 2_c1(local) | 1_c1(local) | 1_c1(local) | 1_c1(local) | 1_c1(local)
874,1163,11.63,12.0,12,Stable,4_c2(vicinity) | 3_c2(vicinity) | 3_c2(vicinity) | 3_c2(vicinity) | 4_c2(vicinity) | 3_c2(vicinity) | 2_c1(local) | 2_c1(local) | 1_c1(local) | 1_c1(local) | 1_c1(local) | 1_c1(local)
875,962,9.62,12.0,12,Stable,4_c2(vicinity) | 3_c2(vicinity) | 3_c2(vicinity) | 3_c2(vicinity) | 4_c2(vicinity) | 3_c2(vicinity) | 2_c1(local) | 2_c1(local) | 1_c1(local) | 1_c1(local) | 1_c1(local) | 1_c1(local)
876,1106,11.06,12.0,12,Stable,4_c2(vicinity) | 3_c2(vicinity) | 3_c2(vicinity) | 3_c2(vicinity) | 4_c2(vicinity) | 3_c2(vicinity) | 2_c1(local) | 2_c1(local) | 1_c1(local) | 1_c1(local) | 1_c1(local) | 1_c1(local)
877,1433,14.33,15.0,15,Scaled GLOBAL: 6_c3 + Scaled GLOBAL: 6_c3 + Scaled GLOBAL: 5_c3,4_c2(vicinity) | 3_c2(vicinity) | 3_c2(vicinity) | 3_c2(vicinity) | 4_c2(vicinity) | 3_c2(vicinity) | 2_c1(local) | 2_c1(local) | 1_c1(local) | 1_c1(local) | 1_c1(local) | 1_c1(local) | 6_c3(global) | 6_c3(global) | 5_c3(global)
878,1081,10.81,12.0,12,Scaled DOWN: global + Scaled DOWN: global + Scaled DOWN: global,4_c2(vicinity) | 3_c2(vicinity) | 3_c2(vicinity) | 3_c2(vicinity) | 4_c2(vicinity) | 3_c2(vicinity) | 2_c1(local) | 2_c1(local) | 1_c1(local) | 1_c1(local) | 1_c1(local) | 1_c1(local)
879,959,9.59,12.0,12,Stable,4_c2(vicinity) | 3_c2(vicinity) | 3_c2(vicinity) | 3_c2(vicinity) | 4_c2(vicinity) | 3_c2(vicinity) | 2_c1(local) | 2_c1(local) | 1_c1(local) | 1_c1(local) | 1_c1(local) | 1_c1(local)
880,1279,12.79,13.0,13,Scaled GLOBAL: 6_c3,4_c2(vicinity) | 3_c2(vicinity) | 3_c2(vicinity) | 3_c2(vicinity) | 4_c2(vicinity) | 3_c2(vicinity) | 2_c1(local) | 2_c1(local) | 1_c1(local) | 1_c1(local) | 1_c1(local) | 1_c1(local) | 6_c3(global)
881,1147,11.47,12.0,12,Scaled DOWN: global,4_c2(vicinity) | 3_c2(vicinity) | 3_c2(vicinity) | 3_c2(vicinity) | 4_c2(vicinity) | 3_c2(vicinity) | 2_c1(local) | 2_c1(local) | 1_c1(local) | 1_c1(local) | 1_c1(local) | 1_c1(local)
882,1395,13.95,14.0,14,Scaled GLOBAL: 6_c3 + Scaled GLOBAL: 6_c3,4_c2(vicinity) | 3_c2(vicinity) | 3_c2(vicinity) | 3_c2(vicinity) | 4_c2(vicinity) | 3_c2(vicinity) | 2_c1(local) | 2_c1(local) | 1_c1(local) | 1_c1(local) | 1_c1(local) | 1_c1(local) | 6_c3(global) | 6_c3(global)
883,905,9.05,12.0,12,Scaled DOWN: global + Scaled DOWN: global,4_c2(vicinity) | 3_c2(vicinity) | 3_c2(vicinity) | 3_c2(vicinity) | 4_c2(vicinity) | 3_c2(vicinity) | 2_c1(local) | 2_c1(local) | 1_c1(local) | 1_c1(local) | 1_c1(local) | 1_c1(local)
884,923,9.23,12.0,12,Stable,4_c2(vicinity) | 3_c2(vicinity) | 3_c2(vicinity) | 3_c2(vicinity) | 4_c2(vicinity) | 3_c2(vicinity) | 2_c1(local) | 2_c1(local) | 1_c1(local) | 1_c1(local) | 1_c1(local) | 1_c1(local)
885,966,9.66,12.0,12,Stable,4_c2(vicinity) | 3_c2(vicinity) | 3_c2(vicinity) | 3_c2(vicinity) | 4_c2(vicinity) | 3_c2(vicinity) | 2_c1(local) | 2_c1(local) | 1_c1(local) | 1_c1(local) | 1_c1(local) | 1_c1(local)
886,823,8.23,12.0,12,Stable,4_c2(vicinity) | 3_c2(vicinity) | 3_c2(vicinity) | 3_c2(vicinity) | 4_c2(vicinity) | 3_c2(vicinity) | 2_c1(local) | 2_c1(local) | 1_c1(local) | 1_c1(local) | 1_c1(local) | 1_c1(local)
887,878,8.78,12.0,12,Stable,4_c2(vicinity) | 3_c2(vicinity) | 3_c2(vicinity) | 3_c2(vicinity) | 4_c2(vicinity) | 3_c2(vicinity) | 2_c1(local) | 2_c1(local) | 1_c1(local) | 1_c1(local) | 1_c1(local) | 1_c1(local)
888,977,9.77,12.0,12,Stable,4_c2(vicinity) | 3_c2(vicinity) | 3_c2(vicinity) | 3_c2(vicinity) | 4_c2(vicinity) | 3_c2(vicinity) | 2_c1(local) | 2_c1(local) | 1_c1(local) | 1_c1(local) | 1_c1(local) | 1_c1(local)
889,1086,10.86,12.0,12,Stable,4_c2(vicinity) | 3_c2(vicinity) | 3_c2(vicinity) | 3_c2(vicinity) | 4_c2(vicinity) | 3_c2(vicinity) | 2_c1(local) | 2_c1(local) | 1_c1(local) | 1_c1(local) | 1_c1(local) | 1_c1(local)
890,896,8.96,12.0,12,Stable,4_c2(vicinity) | 3_c2(vicinity) | 3_c2(vicinity) | 3_c2(vicinity) | 4_c2(vicinity) | 3_c2(vicinity) | 2_c1(local) | 2_c1(local) | 1_c1(local) | 1_c1(local) | 1_c1(local) | 1_c1(local)
891,1026,10.26,12.0,12,Stable,4_c2(vicinity) | 3_c2(vicinity) | 3_c2(vicinity) | 3_c2(vicinity) | 4_c2(vicinity) | 3_c2(vicinity) | 2_c1(local) | 2_c1(local) | 1_c1(local) | 1_c1(local) | 1_c1(local) | 1_c1(local)
892,922,9.22,12.0,12,Stable,4_c2(vicinity) | 3_c2(vicinity) | 3_c2(vicinity) | 3_c2(vicinity) | 4_c2(vicinity) | 3_c2(vicinity) | 2_c1(local) | 2_c1(local) | 1_c1(local) | 1_c1(local) | 1_c1(local) | 1_c1(local)
893,800,8.0,12.0,12,Stable,4_c2(vicinity) | 3_c2(vicinity) | 3_c2(vicinity) | 3_c2(vicinity) | 4_c2(vicinity) | 3_c2(vicinity) | 2_c1(local) | 2_c1(local) | 1_c1(local) | 1_c1(local) | 1_c1(local) | 1_c1(local)
894,912,9.12,12.0,12,Stable,4_c2(vicinity) | 3_c2(vicinity) | 3_c2(vicinity) | 3_c2(vicinity) | 4_c2(vicinity) | 3_c2(vicinity) | 2_c1(local) | 2_c1(local) | 1_c1(local) | 1_c1(local) | 1_c1(local) | 1_c1(local)
895,958,9.58,12.0,12,Stable,4_c2(vicinity) | 3_c2(vicinity) | 3_c2(vicinity) | 3_c2(vicinity) | 4_c2(vicinity) | 3_c2(vicinity) | 2_c1(local) | 2_c1(local) | 1_c1(local) | 1_c1(local) | 1_c1(local) | 1_c1(local)
896,951,9.51,12.0,12,Stable,4_c2(vicinity) | 3_c2(vicinity) | 3_c2(vicinity) | 3_c2(vicinity) | 4_c2(vicinity) | 3_c2(vicinity) | 2_c1(local) | 2_c1(local) | 1_c1(local) | 1_c1(local) | 1_c1(local) | 1_c1(local)
897,1104,11.04,12.0,12,Stable,4_c2(vicinity) | 3_c2(vicinity) | 3_c2(vicinity) | 3_c2(vicinity) | 4_c2(vicinity) | 3_c2(vicinity) | 2_c1(local) | 2_c1(local) | 1_c1(local) | 1_c1(local) | 1_c1(local) | 1_c1(local)
898,1287,12.87,13.0,13,Scaled GLOBAL: 6_c3,4_c2(vicinity) | 3_c2(vicinity) | 3_c2(vicinity) | 3_c2(vicinity) | 4_c2(vicinity) | 3_c2(vicinity) | 2_c1(local) | 2_c1(local) | 1_c1(local) | 1_c1(local) | 1_c1(local) | 1_c1(local) | 6_c3(global)
899,1037,10.37,12.0,12,Scaled DOWN: global,4_c2(vicinity) | 3_c2(vicinity) | 3_c2(vicinity) | 3_c2(vicinity) | 4_c2(vicinity) | 3_c2(vicinity) | 2_c1(local) | 2_c1(local) | 1_c1(local) | 1_c1(local) | 1_c1(local) | 1_c1(local)
900,915,9.15,12.0,12,Stable,4_c2(vicinity) | 3_c2(vicinity) | 3_c2(vicinity) | 3_c2(vicinity) | 4_c2(vicinity) | 3_c2(vicinity) | 2_c1(local) | 2_c1(local) | 1_c1(local) | 1_c1(local) | 1_c1(local) | 1_c1(local)
901,944,9.44,12.0,12,Stable,4_c2(vicinity) | 3_c2(vicinity) | 3_c2(vicinity) | 3_c2(vicinity) | 4_c2(vicinity) | 3_c2(vicinity) | 2_c1(local) | 2_c1(local) | 1_c1(local) | 1_c1(local) | 1_c1(local) | 1_c1(local)
902,875,8.75,12.0,12,Stable,4_c2(vicinity) | 3_c2(vicinity) | 3_c2(vicinity) | 3_c2(vicinity) | 4_c2(vicinity) | 3_c2(vicinity) | 2_c1(local) | 2_c1(local) | 1_c1(local) | 1_c1(local) | 1_c1(local) | 1_c1(local)
903,1113,11.13,12.0,12,Stable,4_c2(vicinity) | 3_c2(vicinity) | 3_c2(vicinity) | 3_c2(vicinity) | 4_c2(vicinity) | 3_c2(vicinity) | 2_c1(local) | 2_c1(local) | 1_c1(local) | 1_c1(local) | 1_c1(local) | 1_c1(local)
904,1049,10.49,12.0,12,Stable,4_c2(vicinity) | 3_c2(vicinity) | 3_c2(vicinity) | 3_c2(vicinity) | 4_c2(vicinity) | 3_c2(vicinity) | 2_c1(local) | 2_c1(local) | 1_c1(local) | 1_c1(local) | 1_c1(local) | 1_c1(local)
905,1072,10.72,12.0,12,Stable,4_c2(vicinity) | 3_c2(vicinity) | 3_c2(vicinity) | 3_c2(vicinity) | 4_c2(vicinity) | 3_c2(vicinity) | 2_c1(local) | 2_c1(local) | 1_c1(local) | 1_c1(local) | 1_c1(local) | 1_c1(local)
906,1261,12.61,13.0,13,Scaled GLOBAL: 6_c3,4_c2(vicinity) | 3_c2(vicinity) | 3_c2(vicinity) | 3_c2(vicinity) | 4_c2(vicinity) | 3_c2(vicinity) | 2_c1(local) | 2_c1(local) | 1_c1(local) | 1_c1(local) | 1_c1(local) | 1_c1(local) | 6_c3(global)
907,1173,11.73,12.0,12,Scaled DOWN: global,4_c2(vicinity) | 3_c2(vicinity) | 3_c2(vicinity) | 3_c2(vicinity) | 4_c2(vicinity) | 3_c2(vicinity) | 2_c1(local) | 2_c1(local) | 1_c1(local) | 1_c1(local) | 1_c1(local) | 1_c1(local)
908,891,8.91,12.0,12,Stable,4_c2(vicinity) | 3_c2(vicinity) | 3_c2(vicinity) | 3_c2(vicinity) | 4_c2(vicinity) | 3_c2(vicinity) | 2_c1(local) | 2_c1(local) | 1_c1(local) | 1_c1(local) | 1_c1(local) | 1_c1(local)
909,947,9.47,12.0,12,Stable,4_c2(vicinity) | 3_c2(vicinity) | 3_c2(vicinity) | 3_c2(vicinity) | 4_c2(vicinity) | 3_c2(vicinity) | 2_c1(local) | 2_c1(local) | 1_c1(local) | 1_c1(local) | 1_c1(local) | 1_c1(local)
910,1063,10.63,12.0,12,Stable,4_c2(vicinity) | 3_c2(vicinity) | 3_c2(vicinity) | 3_c2(vicinity) | 4_c2(vicinity) | 3_c2(vicinity) | 2_c1(local) | 2_c1(local) | 1_c1(local) | 1_c1(local) | 1_c1(local) | 1_c1(local)
911,1048,10.48,12.0,12,Stable,4_c2(vicinity) | 3_c2(vicinity) | 3_c2(vicinity) | 3_c2(vicinity) | 4_c2(vicinity) | 3_c2(vicinity) | 2_c1(local) | 2_c1(local) | 1_c1(local) | 1_c1(local) | 1_c1(local) | 1_c1(local)
912,1135,11.35,12.0,12,Stable,4_c2(vicinity) | 3_c2(vicinity) | 3_c2(vicinity) | 3_c2(vicinity) | 4_c2(vicinity) | 3_c2(vicinity) | 2_c1(local) | 2_c1(local) | 1_c1(local) | 1_c1(local) | 1_c1(local) | 1_c1(local)
913,1180,11.8,12.0,12,Stable,4_c2(vicinity) | 3_c2(vicinity) | 3_c2(vicinity) | 3_c2(vicinity) | 4_c2(vicinity) | 3_c2(vicinity) | 2_c1(local) | 2_c1(local) | 1_c1(local) | 1_c1(local) | 1_c1(local) | 1_c1(local)
914,1371,13.71,14.0,14,Scaled GLOBAL: 6_c3 + Scaled GLOBAL: 6_c3,4_c2(vicinity) | 3_c2(vicinity) | 3_c2(vicinity) | 3_c2(vicinity) | 4_c2(vicinity) | 3_c2(vicinity) | 2_c1(local) | 2_c1(local) | 1_c1(local) | 1_c1(local) | 1_c1(local) | 1_c1(local) | 6_c3(global) | 6_c3(global)
915,1026,10.26,12.0,12,Scaled DOWN: global + Scaled DOWN: global,4_c2(vicinity) | 3_c2(vicinity) | 3_c2(vicinity) | 3_c2(vicinity) | 4_c2(vicinity) | 3_c2(vicinity) | 2_c1(local) | 2_c1(local) | 1_c1(local) | 1_c1(local) | 1_c1(local) | 1_c1(local)
916,892,8.92,12.0,12,Stable,4_c2(vicinity) | 3_c2(vicinity) | 3_c2(vicinity) | 3_c2(vicinity) | 4_c2(vicinity) | 3_c2(vicinity) | 2_c1(local) | 2_c1(local) | 1_c1(local) | 1_c1(local) | 1_c1(local) | 1_c1(local)
917,839,8.39,12.0,12,Stable,4_c2(vicinity) | 3_c2(vicinity) | 3_c2(vicinity) | 3_c2(vicinity) | 4_c2(vicinity) | 3_c2(vicinity) | 2_c1(local) | 2_c1(local) | 1_c1(local) | 1_c1(local) | 1_c1(local) | 1_c1(local)
918,1159,11.59,12.0,12,Stable,4_c2(vicinity) | 3_c2(vicinity) | 3_c2(vicinity) | 3_c2(vicinity) | 4_c2(vicinity) | 3_c2(vicinity) | 2_c1(local) | 2_c1(local) | 1_c1(local) | 1_c1(local) | 1_c1(local) | 1_c1(local)
919,1008,10.08,12.0,12,Stable,4_c2(vicinity) | 3_c2(vicinity) | 3_c2(vicinity) | 3_c2(vicinity) | 4_c2(vicinity) | 3_c2(vicinity) | 2_c1(local) | 2_c1(local) | 1_c1(local) | 1_c1(local) | 1_c1(local) | 1_c1(local)
920,1207,12.07,13.0,13,Scaled GLOBAL: 6_c3,4_c2(vicinity) | 3_c2(vicinity) | 3_c2(vicinity) | 3_c2(vicinity) | 4_c2(vicinity) | 3_c2(vicinity) | 2_c1(local) | 2_c1(local) | 1_c1(local) | 1_c1(local) | 1_c1(local) | 1_c1(local) | 6_c3(global)
921,1152,11.52,12.0,12,Scaled DOWN: global,4_c2(vicinity) | 3_c2(vicinity) | 3_c2(vicinity) | 3_c2(vicinity) | 4_c2(vicinity) | 3_c2(vicinity) | 2_c1(local) | 2_c1(local) | 1_c1(local) | 1_c1(local) | 1_c1(local) | 1_c1(local)
922,1199,11.99,12.0,12,Stable,4_c2(vicinity) | 3_c2(vicinity) | 3_c2(vicinity) | 3_c2(vicinity) | 4_c2(vicinity) | 3_c2(vicinity) | 2_c1(local) | 2_c1(local) | 1_c1(local) | 1_c1(local) | 1_c1(local) | 1_c1(local)
923,970,9.7,12.0,12,Stable,4_c2(vicinity) | 3_c2(vicinity) | 3_c2(vicinity) | 3_c2(vicinity) | 4_c2(vicinity) | 3_c2(vicinity) | 2_c1(local) | 2_c1(local) | 1_c1(local) | 1_c1(local) | 1_c1(local) | 1_c1(local)
924,848,8.48,12.0,12,Stable,4_c2(vicinity) | 3_c2(vicinity) | 3_c2(vicinity) | 3_c2(vicinity) | 4_c2(vicinity) | 3_c2(vicinity) | 2_c1(local) | 2_c1(local) | 1_c1(local) | 1_c1(local) | 1_c1(local) | 1_c1(local)
925,993,9.93,12.0,12,Stable,4_c2(vicinity) | 3_c2(vicinity) | 3_c2(vicinity) | 3_c2(vicinity) | 4_c2(vicinity) | 3_c2(vicinity) | 2_c1(local) | 2_c1(local) | 1_c1(local) | 1_c1(local) | 1_c1(local) | 1_c1(local)
926,750,7.5,12.0,12,Stable,4_c2(vicinity) | 3_c2(vicinity) | 3_c2(vicinity) | 3_c2(vicinity) | 4_c2(vicinity) | 3_c2(vicinity) | 2_c1(local) | 2_c1(local) | 1_c1(local) | 1_c1(local) | 1_c1(local) | 1_c1(local)
927,1103,11.03,12.0,12,Stable,4_c2(vicinity) | 3_c2(vicinity) | 3_c2(vicinity) | 3_c2(vicinity) | 4_c2(vicinity) | 3_c2(vicinity) | 2_c1(local) | 2_c1(local) | 1_c1(local) | 1_c1(local) | 1_c1(local) | 1_c1(local)
928,838,8.38,12.0,12,Stable,4_c2(vicinity) | 3_c2(vicinity) | 3_c2(vicinity) | 3_c2(vicinity) | 4_c2(vicinity) | 3_c2(vicinity) | 2_c1(local) | 2_c1(local) | 1_c1(local) | 1_c1(local) | 1_c1(local) | 1_c1(local)
929,863,8.63,12.0,12,Stable,4_c2(vicinity) | 3_c2(vicinity) | 3_c2(vicinity) | 3_c2(vicinity) | 4_c2(vicinity) | 3_c2(vicinity) | 2_c1(local) | 2_c1(local) | 1_c1(local) | 1_c1(local) | 1_c1(local) | 1_c1(local)
930,841,8.41,12.0,12,Stable,4_c2(vicinity) | 3_c2(vicinity) | 3_c2(vicinity) | 3_c2(vicinity) | 4_c2(vicinity) | 3_c2(vicinity) | 2_c1(local) | 2_c1(local) | 1_c1(local) | 1_c1(local) | 1_c1(local) | 1_c1(local)
931,690,6.9,12.0,12,Stable,4_c2(vicinity) | 3_c2(vicinity) | 3_c2(vicinity) | 3_c2(vicinity) | 4_c2(vicinity) | 3_c2(vicinity) | 2_c1(local) | 2_c1(local) | 1_c1(local) | 1_c1(local) | 1_c1(local) | 1_c1(local)
932,921,9.21,12.0,12,Stable,4_c2(vicinity) | 3_c2(vicinity) | 3_c2(vicinity) | 3_c2(vicinity) | 4_c2(vicinity) | 3_c2(vicinity) | 2_c1(local) | 2_c1(local) | 1_c1(local) | 1_c1(local) | 1_c1(local) | 1_c1(local)
933,721,7.21,12.0,12,Stable,4_c2(vicinity) | 3_c2(vicinity) | 3_c2(vicinity) | 3_c2(vicinity) | 4_c2(vicinity) | 3_c2(vicinity) | 2_c1(local) | 2_c1(local) | 1_c1(local) | 1_c1(local) | 1_c1(local) | 1_c1(local)
934,924,9.24,12.0,12,Stable,4_c2(vicinity) | 3_c2(vicinity) | 3_c2(vicinity) | 3_c2(vicinity) | 4_c2(vicinity) | 3_c2(vicinity) | 2_c1(local) | 2_c1(local) | 1_c1(local) | 1_c1(local) | 1_c1(local) | 1_c1(local)
935,718,7.18,12.0,12,Stable,4_c2(vicinity) | 3_c2(vicinity) | 3_c2(vicinity) | 3_c2(vicinity) | 4_c2(vicinity) | 3_c2(vicinity) | 2_c1(local) | 2_c1(local) | 1_c1(local) | 1_c1(local) | 1_c1(local) | 1_c1(local)
936,1040,10.4,12.0,12,Stable,4_c2(vicinity) | 3_c2(vicinity) | 3_c2(vicinity) | 3_c2(vicinity) | 4_c2(vicinity) | 3_c2(vicinity) | 2_c1(local) | 2_c1(local) | 1_c1(local) | 1_c1(local) | 1_c1(local) | 1_c1(local)
937,1030,10.3,12.0,12,Stable,4_c2(vicinity) | 3_c2(vicinity) | 3_c2(vicinity) | 3_c2(vicinity) | 4_c2(vicinity) | 3_c2(vicinity) | 2_c1(local) | 2_c1(local) | 1_c1(local) | 1_c1(local) | 1_c1(local) | 1_c1(local)
938,1006,10.06,12.0,12,Stable,4_c2(vicinity) | 3_c2(vicinity) | 3_c2(vicinity) | 3_c2(vicinity) | 4_c2(vicinity) | 3_c2(vicinity) | 2_c1(local) | 2_c1(local) | 1_c1(local) | 1_c1(local) | 1_c1(local) | 1_c1(local)
939,1267,12.67,13.0,13,Scaled GLOBAL: 6_c3,4_c2(vicinity) | 3_c2(vicinity) | 3_c2(vicinity) | 3_c2(vicinity) | 4_c2(vicinity) | 3_c2(vicinity) | 2_c1(local) | 2_c1(local) | 1_c1(local) | 1_c1(local) | 1_c1(local) | 1_c1(local) | 6_c3(global)
940,1282,12.82,13.0,13,Stable,4_c2(vicinity) | 3_c2(vicinity) | 3_c2(vicinity) | 3_c2(vicinity) | 4_c2(vicinity) | 3_c2(vicinity) | 2_c1(local) | 2_c1(local) | 1_c1(local) | 1_c1(local) | 1_c1(local) | 1_c1(local) | 6_c3(global)
941,1179,11.79,12.0,12,Scaled DOWN: global,4_c2(vicinity) | 3_c2(vicinity) | 3_c2(vicinity) | 3_c2(vicinity) | 4_c2(vicinity) | 3_c2(vicinity) | 2_c1(local) | 2_c1(local) | 1_c1(local) | 1_c1(local) | 1_c1(local) | 1_c1(local)
942,1177,11.77,12.0,12,Stable,4_c2(vicinity) | 3_c2(vicinity) | 3_c2(vicinity) | 3_c2(vicinity) | 4_c2(vicinity) | 3_c2(vicinity) | 2_c1(local) | 2_c1(local) | 1_c1(local) | 1_c1(local) | 1_c1(local) | 1_c1(local)
943,1176,11.76,12.0,12,Stable,4_c2(vicinity) | 3_c2(vicinity) | 3_c2(vicinity) | 3_c2(vicinity) | 4_c2(vicinity) | 3_c2(vicinity) | 2_c1(local) | 2_c1(local) | 1_c1(local) | 1_c1(local) | 1_c1(local) | 1_c1(local)
944,1450,14.5,15.0,15,Scaled GLOBAL: 6_c3 + Scaled GLOBAL: 6_c3 + Scaled GLOBAL: 5_c3,4_c2(vicinity) | 3_c2(vicinity) | 3_c2(vicinity) | 3_c2(vicinity) | 4_c2(vicinity) | 3_c2(vicinity) | 2_c1(local) | 2_c1(local) | 1_c1(local) | 1_c1(local) | 1_c1(local) | 1_c1(local) | 6_c3(global) | 6_c3(global) | 5_c3(global)
945,1331,13.31,14.0,14,Scaled DOWN: global,6_c3(global) | 5_c3(global) | 4_c2(vicinity) | 3_c2(vicinity) | 3_c2(vicinity) | 3_c2(vicinity) | 4_c2(vicinity) | 3_c2(vicinity) | 2_c1(local) | 2_c1(local) | 1_c1(local) | 1_c1(local) | 1_c1(local) | 1_c1(local)
946,898,8.98,12.0,12,Scaled DOWN: global + Scaled DOWN: global,4_c2(vicinity) | 3_c2(vicinity) | 3_c2(vicinity) | 3_c2(vicinity) | 4_c2(vicinity) | 3_c2(vicinity) | 2_c1(local) | 2_c1(local) | 1_c1(local) | 1_c1(local) | 1_c1(local) | 1_c1(local)
947,862,8.62,12.0,12,Stable,4_c2(vicinity) | 3_c2(vicinity) | 3_c2(vicinity) | 3_c2(vicinity) | 4_c2(vicinity) | 3_c2(vicinity) | 2_c1(local) | 2_c1(local) | 1_c1(local) | 1_c1(local) | 1_c1(local) | 1_c1(local)
948,1103,11.03,12.0,12,Stable,4_c2(vicinity) | 3_c2(vicinity) | 3_c2(vicinity) | 3_c2(vicinity) | 4_c2(vicinity) | 3_c2(vicinity) | 2_c1(local) | 2_c1(local) | 1_c1(local) | 1_c1(local) | 1_c1(local) | 1_c1(local)
949,1043,10.43,12.0,12,Stable,4_c2(vicinity) | 3_c2(vicinity) | 3_c2(vicinity) | 3_c2(vicinity) | 4_c2(vicinity) | 3_c2(vicinity) | 2_c1(local) | 2_c1(local) | 1_c1(local) | 1_c1(local) | 1_c1(local) | 1_c1(local)
950,904,9.04,12.0,12,Stable,4_c2(vicinity) | 3_c2(vicinity) | 3_c2(vicinity) | 3_c2(vicinity) | 4_c2(vicinity) | 3_c2(vicinity) | 2_c1(local) | 2_c1(local) | 1_c1(local) | 1_c1(local) | 1_c1(local) | 1_c1(local)
951,1079,10.79,12.0,12,Stable,4_c2(vicinity) | 3_c2(vicinity) | 3_c2(vicinity) | 3_c2(vicinity) | 4_c2(vicinity) | 3_c2(vicinity) | 2_c1(local) | 2_c1(local) | 1_c1(local) | 1_c1(local) | 1_c1(local) | 1_c1(local)
952,1117,11.17,12.0,12,Stable,4_c2(vicinity) | 3_c2(vicinity) | 3_c2(vicinity) | 3_c2(vicinity) | 4_c2(vicinity) | 3_c2(vicinity) | 2_c1(local) | 2_c1(local) | 1_c1(local) | 1_c1(local) | 1_c1(local) | 1_c1(local)
953,914,9.14,12.0,12,Stable,4_c2(vicinity) | 3_c2(vicinity) | 3_c2(vicinity) | 3_c2(vicinity) | 4_c2(vicinity) | 3_c2(vicinity) | 2_c1(local) | 2_c1(local) | 1_c1(local) | 1_c1(local) | 1_c1(local) | 1_c1(local)
954,1030,10.3,12.0,12,Stable,4_c2(vicinity) | 3_c2(vicinity) | 3_c2(vicinity) | 3_c2(vicinity) | 4_c2(vicinity) | 3_c2(vicinity) | 2_c1(local) | 2_c1(local) | 1_c1(local) | 1_c1(local) | 1_c1(local) | 1_c1(local)
955,819,8.19,12.0,12,Stable,4_c2(vicinity) | 3_c2(vicinity) | 3_c2(vicinity) | 3_c2(vicinity) | 4_c2(vicinity) | 3_c2(vicinity) | 2_c1(local) | 2_c1(local) | 1_c1(local) | 1_c1(local) | 1_c1(local) | 1_c1(local)
956,767,7.67,12.0,12,Stable,4_c2(vicinity) | 3_c2(vicinity) | 3_c2(vicinity) | 3_c2(vicinity) | 4_c2(vicinity) | 3_c2(vicinity) | 2_c1(local) | 2_c1(local) | 1_c1(local) | 1_c1(local) | 1_c1(local) | 1_c1(local)
957,926,9.26,12.0,12,Stable,4_c2(vicinity) | 3_c2(vicinity) | 3_c2(vicinity) | 3_c2(vicinity) | 4_c2(vicinity) | 3_c2(vicinity) | 2_c1(local) | 2_c1(local) | 1_c1(local) | 1_c1(local) | 1_c1(local) | 1_c1(local)
958,886,8.86,12.0,12,Stable,4_c2(vicinity) | 3_c2(vicinity) | 3_c2(vicinity) | 3_c2(vicinity) | 4_c2(vicinity) | 3_c2(vicinity) | 2_c1(local) | 2_c1(local) | 1_c1(local) | 1_c1(local) | 1_c1(local) | 1_c1(local)
959,992,9.92,12.0,12,Stable,4_c2(vicinity) | 3_c2(vicinity) | 3_c2(vicinity) | 3_c2(vicinity) | 4_c2(vicinity) | 3_c2(vicinity) | 2_c1(local) | 2_c1(local) | 1_c1(local) | 1_c1(local) | 1_c1(local) | 1_c1(local)
960,1032,10.32,12.0,12,Stable,4_c2(vicinity) | 3_c2(vicinity) | 3_c2(vicinity) | 3_c2(vicinity) | 4_c2(vicinity) | 3_c2(vicinity) | 2_c1(local) | 2_c1(local) | 1_c1(local) | 1_c1(local) | 1_c1(local) | 1_c1(local)
961,856,8.56,12.0,12,Stable,4_c2(vicinity) | 3_c2(vicinity) | 3_c2(vicinity) | 3_c2(vicinity) | 4_c2(vicinity) | 3_c2(vicinity) | 2_c1(local) | 2_c1(local) | 1_c1(local) | 1_c1(local) | 1_c1(local) | 1_c1(local)
962,876,8.76,12.0,12,Stable,4_c2(vicinity) | 3_c2(vicinity) | 3_c2(vicinity) | 3_c2(vicinity) | 4_c2(vicinity) | 3_c2(vicinity) | 2_c1(local) | 2_c1(local) | 1_c1(local) | 1_c1(local) | 1_c1(local) | 1_c1(local)
963,996,9.96,12.0,12,Stable,4_c2(vicinity) | 3_c2(vicinity) | 3_c2(vicinity) | 3_c2(vicinity) | 4_c2(vicinity) | 3_c2(vicinity) | 2_c1(local) | 2_c1(local) | 1_c1(local) | 1_c1(local) | 1_c1(local) | 1_c1(local)
964,1197,11.97,12.0,12,Stable,4_c2(vicinity) | 3_c2(vicinity) | 3_c2(vicinity) | 3_c2(vicinity) | 4_c2(vicinity) | 3_c2(vicinity) | 2_c1(local) | 2_c1(local) | 1_c1(local) | 1_c1(local) | 1_c1(local) | 1_c1(local)
965,1173,11.73,12.0,12,Stable,4_c2(vicinity) | 3_c2(vicinity) | 3_c2(vicinity) | 3_c2(vicinity) | 4_c2(vicinity) | 3_c2(vicinity) | 2_c1(local) | 2_c1(local) | 1_c1(local) | 1_c1(local) | 1_c1(local) | 1_c1(local)
966,1228,12.28,13.0,13,Scaled GLOBAL: 6_c3,4_c2(vicinity) | 3_c2(vicinity) | 3_c2(vicinity) | 3_c2(vicinity) | 4_c2(vicinity) | 3_c2(vicinity) | 2_c1(local) | 2_c1(local) | 1_c1(local) | 1_c1(local) | 1_c1(local) | 1_c1(local) | 6_c3(global)
967,1126,11.26,12.0,12,Scaled DOWN: global,4_c2(vicinity) | 3_c2(vicinity) | 3_c2(vicinity) | 3_c2(vicinity) | 4_c2(vicinity) | 3_c2(vicinity) | 2_c1(local) | 2_c1(local) | 1_c1(local) | 1_c1(local) | 1_c1(local) | 1_c1(local)
968,1157,11.57,12.0,12,Stable,4_c2(vicinity) | 3_c2(vicinity) | 3_c2(vicinity) | 3_c2(vicinity) | 4_c2(vicinity) | 3_c2(vicinity) | 2_c1(local) | 2_c1(local) | 1_c1(local) | 1_c1(local) | 1_c1(local) | 1_c1(local)
969,1059,10.59,12.0,12,Stable,4_c2(vicinity) | 3_c2(vicinity) | 3_c2(vicinity) | 3_c2(vicinity) | 4_c2(vicinity) | 3_c2(vicinity) | 2_c1(local) | 2_c1(local) | 1_c1(local) | 1_c1(local) | 1_c1(local) | 1_c1(local)
970,1233,12.33,13.0,13,Scaled GLOBAL: 6_c3,4_c2(vicinity) | 3_c2(vicinity) | 3_c2(vicinity) | 3_c2(vicinity) | 4_c2(vicinity) | 3_c2(vicinity) | 2_c1(local) | 2_c1(local) | 1_c1(local) | 1_c1(local) | 1_c1(local) | 1_c1(local) | 6_c3(global)
971,1258,12.58,13.0,13,Stable,4_c2(vicinity) | 3_c2(vicinity) | 3_c2(vicinity) | 3_c2(vicinity) | 4_c2(vicinity) | 3_c2(vicinity) | 2_c1(local) | 2_c1(local) | 1_c1(local) | 1_c1(local) | 1_c1(local) | 1_c1(local) | 6_c3(global)
972,1059,10.59,12.0,12,Scaled DOWN: global,4_c2(vicinity) | 3_c2(vicinity) | 3_c2(vicinity) | 3_c2(vicinity) | 4_c2(vicinity) | 3_c2(vicinity) | 2_c1(local) | 2_c1(local) | 1_c1(local) | 1_c1(local) | 1_c1(local) | 1_c1(local)
973,1272,12.72,13.0,13,Scaled GLOBAL: 6_c3,4_c2(vicinity) | 3_c2(vicinity) | 3_c2(vicinity) | 3_c2(vicinity) | 4_c2(vicinity) | 3_c2(vicinity) | 2_c1(local) | 2_c1(local) | 1_c1(local) | 1_c1(local) | 1_c1(local) | 1_c1(local) | 6_c3(global)
974,1038,10.38,12.0,12,Scaled DOWN: global,4_c2(vicinity) | 3_c2(vicinity) | 3_c2(vicinity) | 3_c2(vicinity) | 4_c2(vicinity) | 3_c2(vicinity) | 2_c1(local) | 2_c1(local) | 1_c1(local) | 1_c1(local) | 1_c1(local) | 1_c1(local)
975,968,9.68,12.0,12,Stable,4_c2(vicinity) | 3_c2(vicinity) | 3_c2(vicinity) | 3_c2(vicinity) | 4_c2(vicinity) | 3_c2(vicinity) | 2_c1(local) | 2_c1(local) | 1_c1(local) | 1_c1(local) | 1_c1(local) | 1_c1(local)
976,1449,14.49,15.0,15,Scaled GLOBAL: 6_c3 + Scaled GLOBAL: 6_c3 + Scaled GLOBAL: 5_c3,4_c2(vicinity) | 3_c2(vicinity) | 3_c2(vicinity) | 3_c2(vicinity) | 4_c2(vicinity) | 3_c2(vicinity) | 2_c1(local) | 2_c1(local) | 1_c1(local) | 1_c1(local) | 1_c1(local) | 1_c1(local) | 6_c3(global) | 6_c3(global) | 5_c3(global)
977,1303,13.03,14.0,14,Scaled DOWN: global,6_c3(global) | 5_c3(global) | 4_c2(vicinity) | 3_c2(vicinity) | 3_c2(vicinity) | 3_c2(vicinity) | 4_c2(vicinity) | 3_c2(vicinity) | 2_c1(local) | 2_c1(local) | 1_c1(local) | 1_c1(local) | 1_c1(local) | 1_c1(local)
978,1132,11.32,12.0,12,Scaled DOWN: global + Scaled DOWN: global,4_c2(vicinity) | 3_c2(vicinity) | 3_c2(vicinity) | 3_c2(vicinity) | 4_c2(vicinity) | 3_c2(vicinity) | 2_c1(local) | 2_c1(local) | 1_c1(local) | 1_c1(local) | 1_c1(local) | 1_c1(local)
979,1266,12.66,13.0,13,Scaled GLOBAL: 6_c3,4_c2(vicinity) | 3_c2(vicinity) | 3_c2(vicinity) | 3_c2(vicinity) | 4_c2(vicinity) | 3_c2(vicinity) | 2_c1(local) | 2_c1(local) | 1_c1(local) | 1_c1(local) | 1_c1(local) | 1_c1(local) | 6_c3(global)
980,1061,10.61,12.0,12,Scaled DOWN: global,4_c2(vicinity) | 3_c2(vicinity) | 3_c2(vicinity) | 3_c2(vicinity) | 4_c2(vicinity) | 3_c2(vicinity) | 2_c1(local) | 2_c1(local) | 1_c1(local) | 1_c1(local) | 1_c1(local) | 1_c1(local)
981,1171,11.71,12.0,12,Stable,4_c2(vicinity) | 3_c2(vicinity) | 3_c2(vicinity) | 3_c2(vicinity) | 4_c2(vicinity) | 3_c2(vicinity) | 2_c1(local) | 2_c1(local) | 1_c1(local) | 1_c1(local) | 1_c1(local) | 1_c1(local)
982,1027,10.27,12.0,12,Stable,4_c2(vicinity) | 3_c2(vicinity) | 3_c2(vicinity) | 3_c2(vicinity) | 4_c2(vicinity) | 3_c2(vicinity) | 2_c1(local) | 2_c1(local) | 1_c1(local) | 1_c1(local) | 1_c1(local) | 1_c1(local)
983,1215,12.15,13.0,13,Scaled GLOBAL: 6_c3,4_c2(vicinity) | 3_c2(vicinity) | 3_c2(vicinity) | 3_c2(vicinity) | 4_c2(vicinity) | 3_c2(vicinity) | 2_c1(local) | 2_c1(local) | 1_c1(local) | 1_c1(local) | 1_c1(local) | 1_c1(local) | 6_c3(global)
984,970,9.7,12.0,12,Scaled DOWN: global,4_c2(vicinity) | 3_c2(vicinity) | 3_c2(vicinity) | 3_c2(vicinity) | 4_c2(vicinity) | 3_c2(vicinity) | 2_c1(local) | 2_c1(local) | 1_c1(local) | 1_c1(local) | 1_c1(local) | 1_c1(local)
985,1092,10.92,12.0,12,Stable,4_c2(vicinity) | 3_c2(vicinity) | 3_c2(vicinity) | 3_c2(vicinity) | 4_c2(vicinity) | 3_c2(vicinity) | 2_c1(local) | 2_c1(local) | 1_c1(local) | 1_c1(local) | 1_c1(local) | 1_c1(local)
986,1256,12.56,13.0,13,Scaled GLOBAL: 6_c3,4_c2(vicinity) | 3_c2(vicinity) | 3_c2(vicinity) | 3_c2(vicinity) | 4_c2(vicinity) | 3_c2(vicinity) | 2_c1(local) | 2_c1(local) | 1_c1(local) | 1_c1(local) | 1_c1(local) | 1_c1(local) | 6_c3(global)
987,1346,13.46,14.0,14,Scaled GLOBAL: 6_c3,4_c2(vicinity) | 3_c2(vicinity) | 3_c2(vicinity) | 3_c2(vicinity) | 4_c2(vicinity) | 3_c2(vicinity) | 2_c1(local) | 2_c1(local) | 1_c1(local) | 1_c1(local) | 1_c1(local) | 1_c1(local) | 6_c3(global) | 6_c3(global)
988,1406,14.06,15.0,15,Scaled GLOBAL: 5_c3,4_c2(vicinity) | 3_c2(vicinity) | 3_c2(vicinity) | 3_c2(vicinity) | 4_c2(vicinity) | 3_c2(vicinity) | 2_c1(local) | 2_c1(local) | 1_c1(local) | 1_c1(local) | 1_c1(local) | 1_c1(local) | 6_c3(global) | 6_c3(global) | 5_c3(global)
989,1249,12.49,13.0,13,Scaled DOWN: global + Scaled DOWN: global,5_c3(global) | 4_c2(vicinity) | 3_c2(vicinity) | 3_c2(vicinity) | 3_c2(vicinity) | 4_c2(vicinity) | 3_c2(vicinity) | 2_c1(local) | 2_c1(local) | 1_c1(local) | 1_c1(local) | 1_c1(local) | 1_c1(local)
990,1417,14.17,15.0,15,Scaled GLOBAL: 6_c3 + Scaled GLOBAL: 6_c3,5_c3(global) | 4_c2(vicinity) | 3_c2(vicinity) | 3_c2(vicinity) | 3_c2(vicinity) | 4_c2(vicinity) | 3_c2(vicinity) | 2_c1(local) | 2_c1(local) | 1_c1(local) | 1_c1(local) | 1_c1(local) | 1_c1(local) | 6_c3(global) | 6_c3(global)
991,1241,12.41,13.0,13,Scaled DOWN: global + Scaled DOWN: global,6_c3(global) | 4_c2(vicinity) | 3_c2(vicinity) | 3_c2(vicinity) | 3_c2(vicinity) | 4_c2(vicinity) | 3_c2(vicinity) | 2_c1(local) | 2_c1(local) | 1_c1(local) | 1_c1(local) | 1_c1(local) | 1_c1(local)
992,1057,10.57,12.0,12,Scaled DOWN: global,4_c2(vicinity) | 3_c2(vicinity) | 3_c2(vicinity) | 3_c2(vicinity) | 4_c2(vicinity) | 3_c2(vicinity) | 2_c1(local) | 2_c1(local) | 1_c1(local) | 1_c1(local) | 1_c1(local) | 1_c1(local)
993,977,9.77,12.0,12,Stable,4_c2(vicinity) | 3_c2(vicinity) | 3_c2(vicinity) | 3_c2(vicinity) | 4_c2(vicinity) | 3_c2(vicinity) | 2_c1(local) | 2_c1(local) | 1_c1(local) | 1_c1(local) | 1_c1(local) | 1_c1(local)
994,1354,13.54,14.0,14,Scaled GLOBAL: 6_c3 + Scaled GLOBAL: 6_c3,4_c2(vicinity) | 3_c2(vicinity) | 3_c2(vicinity) | 3_c2(vicinity) | 4_c2(vicinity) | 3_c2(vicinity) | 2_c1(local) | 2_c1(local) | 1_c1(local) | 1_c1(local) | 1_c1(local) | 1_c1(local) | 6_c3(global) | 6_c3(global)
995,1175,11.75,12.0,12,Scaled DOWN: global + Scaled DOWN: global,4_c2(vicinity) | 3_c2(vicinity) | 3_c2(vicinity) | 3_c2(vicinity) | 4_c2(vicinity) | 3_c2(vicinity) | 2_c1(local) | 2_c1(local) | 1_c1(local) | 1_c1(local) | 1_c1(local) | 1_c1(local)
996,1260,12.6,13.0,13,Scaled GLOBAL: 6_c3,4_c2(vicinity) | 3_c2(vicinity) | 3_c2(vicinity) | 3_c2(vicinity) | 4_c2(vicinity) | 3_c2(vicinity) | 2_c1(local) | 2_c1(local) | 1_c1(local) | 1_c1(local) | 1_c1(local) | 1_c1(local) | 6_c3(global)
997,1395,13.95,14.0,14,Scaled GLOBAL: 6_c3,4_c2(vicinity) | 3_c2(vicinity) | 3_c2(vicinity) | 3_c2(vicinity) | 4_c2(vicinity) | 3_c2(vicinity) | 2_c1(local) | 2_c1(local) | 1_c1(local) | 1_c1(local) | 1_c1(local) | 1_c1(local) | 6_c3(global) | 6_c3(global)
998,1298,12.98,13.0,13,Scaled DOWN: global,6_c3(global) | 4_c2(vicinity) | 3_c2(vicinity) | 3_c2(vicinity) | 3_c2(vicinity) | 4_c2(vicinity) | 3_c2(vicinity) | 2_c1(local) | 2_c1(local) | 1_c1(local) | 1_c1(local) | 1_c1(local) | 1_c1(local)
999,1195,11.95,12.0,12,Scaled DOWN: global,4_c2(vicinity) | 3_c2(vicinity) | 3_c2(vicinity) | 3_c2(vicinity) | 4_c2(vicinity) | 3_c2(vicinity) | 2_c1(local) | 2_c1(local) | 1_c1(local) | 1_c1(local) | 1_c1(local) | 1_c1(local)
1000,1294,12.94,13.0,13,Scaled GLOBAL: 6_c3,4_c2(vicinity) | 3_c2(vicinity) | 3_c2(vicinity) | 3_c2(vicinity) | 4_c2(vicinity) | 3_c2(vicinity) | 2_c1(local) | 2_c1(local) | 1_c1(local) | 1_c1(local) | 1_c1(local) | 1_c1(local) | 6_c3(global)
1001,1121,11.21,12.0,12,Scaled DOWN: global,4_c2(vicinity) | 3_c2(vicinity) | 3_c2(vicinity) | 3_c2(vicinity) | 4_c2(vicinity) | 3_c2(vicinity) | 2_c1(local) | 2_c1(local) | 1_c1(local) | 1_c1(local) | 1_c1(local) | 1_c1(local)
1002,1356,13.56,14.0,14,Scaled GLOBAL: 6_c3 + Scaled GLOBAL: 6_c3,4_c2(vicinity) | 3_c2(vicinity) | 3_c2(vicinity) | 3_c2(vicinity) | 4_c2(vicinity) | 3_c2(vicinity) | 2_c1(local) | 2_c1(local) | 1_c1(local) | 1_c1(local) | 1_c1(local) | 1_c1(local) | 6_c3(global) | 6_c3(global)
1003,1436,14.36,15.0,15,Scaled GLOBAL: 5_c3,4_c2(vicinity) | 3_c2(vicinity) | 3_c2(vicinity) | 3_c2(vicinity) | 4_c2(vicinity) | 3_c2(vicinity) | 2_c1(local) | 2_c1(local) | 1_c1(local) | 1_c1(local) | 1_c1(local) | 1_c1(local) | 6_c3(global) | 6_c3(global) | 5_c3(global)
1004,1418,14.18,15.0,15,Stable,4_c2(vicinity) | 3_c2(vicinity) | 3_c2(vicinity) | 3_c2(vicinity) | 4_c2(vicinity) | 3_c2(vicinity) | 2_c1(local) | 2_c1(local) | 1_c1(local) | 1_c1(local) | 1_c1(local) | 1_c1(local) | 6_c3(global) | 6_c3(global) | 5_c3(global)
1005,1306,13.06,14.0,14,Scaled DOWN: global,6_c3(global) | 5_c3(global) | 4_c2(vicinity) | 3_c2(vicinity) | 3_c2(vicinity) | 3_c2(vicinity) | 4_c2(vicinity) | 3_c2(vicinity) | 2_c1(local) | 2_c1(local) | 1_c1(local) | 1_c1(local) | 1_c1(local) | 1_c1(local)
1006,1210,12.1,13.0,13,Scaled DOWN: global,5_c3(global) | 4_c2(vicinity) | 3_c2(vicinity) | 3_c2(vicinity) | 3_c2(vicinity) | 4_c2(vicinity) | 3_c2(vicinity) | 2_c1(local) | 2_c1(local) | 1_c1(local) | 1_c1(local) | 1_c1(local) | 1_c1(local)
1007,1253,12.53,13.0,13,Stable,5_c3(global) | 4_c2(vicinity) | 3_c2(vicinity) | 3_c2(vicinity) | 3_c2(vicinity) | 4_c2(vicinity) | 3_c2(vicinity) | 2_c1(local) | 2_c1(local) | 1_c1(local) | 1_c1(local) | 1_c1(local) | 1_c1(local)
1008,1348,13.48,14.0,14,Scaled GLOBAL: 6_c3,5_c3(global) | 4_c2(vicinity) | 3_c2(vicinity) | 3_c2(vicinity) | 3_c2(vicinity) | 4_c2(vicinity) | 3_c2(vicinity) | 2_c1(local) | 2_c1(local) | 1_c1(local) | 1_c1(local) | 1_c1(local) | 1_c1(local) | 6_c3(global)
1009,1259,12.59,13.0,13,Scaled DOWN: global,6_c3(global) | 4_c2(vicinity) | 3_c2(vicinity) | 3_c2(vicinity) | 3_c2(vicinity) | 4_c2(vicinity) | 3_c2(vicinity) | 2_c1(local) | 2_c1(local) | 1_c1(local) | 1_c1(local) | 1_c1(local) | 1_c1(local)
1010,1261,12.61,13.0,13,Stable,6_c3(global) | 4_c2(vicinity) | 3_c2(vicinity) | 3_c2(vicinity) | 3_c2(vicinity) | 4_c2(vicinity) | 3_c2(vicinity) | 2_c1(local) | 2_c1(local) | 1_c1(local) | 1_c1(local) | 1_c1(local) | 1_c1(local)
1011,1320,13.2,14.0,14,Scaled GLOBAL: 6_c3,6_c3(global) | 4_c2(vicinity) | 3_c2(vicinity) | 3_c2(vicinity) | 3_c2(vicinity) | 4_c2(vicinity) | 3_c2(vicinity) | 2_c1(local) | 2_c1(local) | 1_c1(local) | 1_c1(local) | 1_c1(local) | 1_c1(local) | 6_c3(global)
1012,1205,12.05,13.0,13,Scaled DOWN: global,6_c3(global) | 4_c2(vicinity) | 3_c2(vicinity) | 3_c2(vicinity) | 3_c2(vicinity) | 4_c2(vicinity) | 3_c2(vicinity) | 2_c1(local) | 2_c1(local) | 1_c1(local) | 1_c1(local) | 1_c1(local) | 1_c1(local)
1013,1225,12.25,13.0,13,Stable,6_c3(global) | 4_c2(vicinity) | 3_c2(vicinity) | 3_c2(vicinity) | 3_c2(vicinity) | 4_c2(vicinity) | 3_c2(vicinity) | 2_c1(local) | 2_c1(local) | 1_c1(local) | 1_c1(local) | 1_c1(local) | 1_c1(local)
1014,1295,12.95,13.0,13,Stable,6_c3(global) | 4_c2(vicinity) | 3_c2(vicinity) | 3_c2(vicinity) | 3_c2(vicinity) | 4_c2(vicinity) | 3_c2(vicinity) | 2_c1(local) | 2_c1(local) | 1_c1(local) | 1_c1(local) | 1_c1(local) | 1_c1(local)
1015,1263,12.63,13.0,13,Stable,6_c3(global) | 4_c2(vicinity) | 3_c2(vicinity) | 3_c2(vicinity) | 3_c2(vicinity) | 4_c2(vicinity) | 3_c2(vicinity) | 2_c1(local) | 2_c1(local) | 1_c1(local) | 1_c1(local) | 1_c1(local) | 1_c1(local)
1016,1270,12.7,13.0,13,Stable,6_c3(global) | 4_c2(vicinity) | 3_c2(vicinity) | 3_c2(vicinity) | 3_c2(vicinity) | 4_c2(vicinity) | 3_c2(vicinity) | 2_c1(local) | 2_c1(local) | 1_c1(local) | 1_c1(local) | 1_c1(local) | 1_c1(local)
1017,1065,10.65,13.0,13,Stable,6_c3(global) | 4_c2(vicinity) | 3_c2(vicinity) | 3_c2(vicinity) | 3_c2(vicinity) | 4_c2(vicinity) | 3_c2(vicinity) | 2_c1(local) | 2_c1(local) | 1_c1(local) | 1_c1(local) | 1_c1(local) | 1_c1(local)
1018,1411,14.11,15.0,15,Scaled GLOBAL: 6_c3 + Scaled GLOBAL: 5_c3,6_c3(global) | 4_c2(vicinity) | 3_c2(vicinity) | 3_c2(vicinity) | 3_c2(vicinity) | 4_c2(vicinity) | 3_c2(vicinity) | 2_c1(local) | 2_c1(local) | 1_c1(local) | 1_c1(local) | 1_c1(local) | 1_c1(local) | 6_c3(global) | 5_c3(global)
1019,1077,10.77,14.0,14,Scaled DOWN: global,6_c3(global) | 5_c3(global) | 4_c2(vicinity) | 3_c2(vicinity) | 3_c2(vicinity) | 3_c2(vicinity) | 4_c2(vicinity) | 3_c2(vicinity) | 2_c1(local) | 2_c1(local) | 1_c1(local) | 1_c1(local) | 1_c1(local) | 1_c1(local)
1020,1312,13.12,14.0,14,Stable,6_c3(global) | 5_c3(global) | 4_c2(vicinity) | 3_c2(vicinity) | 3_c2(vicinity) | 3_c2(vicinity) | 4_c2(vicinity) | 3_c2(vicinity) | 2_c1(local) | 2_c1(local) | 1_c1(local) | 1_c1(local) | 1_c1(local) | 1_c1(local)
1021,1172,11.72,14.0,14,Stable,6_c3(global) | 5_c3(global) | 4_c2(vicinity) | 3_c2(vicinity) | 3_c2(vicinity) | 3_c2(vicinity) | 4_c2(vicinity) | 3_c2(vicinity) | 2_c1(local) | 2_c1(local) | 1_c1(local) | 1_c1(local) | 1_c1(local) | 1_c1(local)
1022,1176,11.76,14.0,14,Stable,6_c3(global) | 5_c3(global) | 4_c2(vicinity) | 3_c2(vicinity) | 3_c2(vicinity) | 3_c2(vicinity) | 4_c2(vicinity) | 3_c2(vicinity) | 2_c1(local) | 2_c1(local) | 1_c1(local) | 1_c1(local) | 1_c1(local) | 1_c1(local)
1023,1256,12.56,14.0,14,Stable,6_c3(global) | 5_c3(global) | 4_c2(vicinity) | 3_c2(vicinity) | 3_c2(vicinity) | 3_c2(vicinity) | 4_c2(vicinity) | 3_c2(vicinity) | 2_c1(local) | 2_c1(local) | 1_c1(local) | 1_c1(local) | 1_c1(local) | 1_c1(local)
1024,1213,12.13,14.0,14,Stable,6_c3(global) | 5_c3(global) | 4_c2(vicinity) | 3_c2(vicinity) | 3_c2(vicinity) | 3_c2(vicinity) | 4_c2(vicinity) | 3_c2(vicinity) | 2_c1(local) | 2_c1(local) | 1_c1(local) | 1_c1(local) | 1_c1(local) | 1_c1(local)
1025,1368,13.68,14.0,14,Stable,6_c3(global) | 5_c3(global) | 4_c2(vicinity) | 3_c2(vicinity) | 3_c2(vicinity) | 3_c2(vicinity) | 4_c2(vicinity) | 3_c2(vicinity) | 2_c1(local) | 2_c1(local) | 1_c1(local) | 1_c1(local) | 1_c1(local) | 1_c1(local)
1026,1242,12.42,14.0,14,Stable,6_c3(global) | 5_c3(global) | 4_c2(vicinity) | 3_c2(vicinity) | 3_c2(vicinity) | 3_c2(vicinity) | 4_c2(vicinity) | 3_c2(vicinity) | 2_c1(local) | 2_c1(local) | 1_c1(local) | 1_c1(local) | 1_c1(local) | 1_c1(local)
1027,1227,12.27,14.0,14,Stable,6_c3(global) | 5_c3(global) | 4_c2(vicinity) | 3_c2(vicinity) | 3_c2(vicinity) | 3_c2(vicinity) | 4_c2(vicinity) | 3_c2(vicinity) | 2_c1(local) | 2_c1(local) | 1_c1(local) | 1_c1(local) | 1_c1(local) | 1_c1(local)
1028,1026,10.26,14.0,14,Stable,6_c3(global) | 5_c3(global) | 4_c2(vicinity) | 3_c2(vicinity) | 3_c2(vicinity) | 3_c2(vicinity) | 4_c2(vicinity) | 3_c2(vicinity) | 2_c1(local) | 2_c1(local) | 1_c1(local) | 1_c1(local) | 1_c1(local) | 1_c1(local)
1029,1139,11.39,14.0,14,Stable,6_c3(global) | 5_c3(global) | 4_c2(vicinity) | 3_c2(vicinity) | 3_c2(vicinity) | 3_c2(vicinity) | 4_c2(vicinity) | 3_c2(vicinity) | 2_c1(local) | 2_c1(local) | 1_c1(local) | 1_c1(local) | 1_c1(local) | 1_c1(local)
1030,1266,12.66,14.0,14,Stable,6_c3(global) | 5_c3(global) | 4_c2(vicinity) | 3_c2(vicinity) | 3_c2(vicinity) | 3_c2(vicinity) | 4_c2(vicinity) | 3_c2(vicinity) | 2_c1(local) | 2_c1(local) | 1_c1(local) | 1_c1(local) | 1_c1(local) | 1_c1(local)
1031,1349,13.49,14.0,14,Stable,6_c3(global) | 5_c3(global) | 4_c2(vicinity) | 3_c2(vicinity) | 3_c2(vicinity) | 3_c2(vicinity) | 4_c2(vicinity) | 3_c2(vicinity) | 2_c1(local) | 2_c1(local) | 1_c1(local) | 1_c1(local) | 1_c1(local) | 1_c1(local)
1032,1351,13.51,14.0,14,Stable,6_c3(global) | 5_c3(global) | 4_c2(vicinity) | 3_c2(vicinity) | 3_c2(vicinity) | 3_c2(vicinity) | 4_c2(vicinity) | 3_c2(vicinity) | 2_c1(local) | 2_c1(local) | 1_c1(local) | 1_c1(local) | 1_c1(local) | 1_c1(local)
1033,1132,11.32,14.0,14,Stable,6_c3(global) | 5_c3(global) | 4_c2(vicinity) | 3_c2(vicinity) | 3_c2(vicinity) | 3_c2(vicinity) | 4_c2(vicinity) | 3_c2(vicinity) | 2_c1(local) | 2_c1(local) | 1_c1(local) | 1_c1(local) | 1_c1(local) | 1_c1(local)
1034,1153,11.53,14.0,14,Stable,6_c3(global) | 5_c3(global) | 4_c2(vicinity) | 3_c2(vicinity) | 3_c2(vicinity) | 3_c2(vicinity) | 4_c2(vicinity) | 3_c2(vicinity) | 2_c1(local) | 2_c1(local) | 1_c1(local) | 1_c1(local) | 1_c1(local) | 1_c1(local)
1035,1201,12.01,14.0,14,Stable,6_c3(global) | 5_c3(global) | 4_c2(vicinity) | 3_c2(vicinity) | 3_c2(vicinity) | 3_c2(vicinity) | 4_c2(vicinity) | 3_c2(vicinity) | 2_c1(local) | 2_c1(local) | 1_c1(local) | 1_c1(local) | 1_c1(local) | 1_c1(local)
1036,1462,14.62,15.0,15,Scaled GLOBAL: 6_c3,6_c3(global) | 5_c3(global) | 4_c2(vicinity) | 3_c2(vicinity) | 3_c2(vicinity) | 3_c2(vicinity) | 4_c2(vicinity) | 3_c2(vicinity) | 2_c1(local) | 2_c1(local) | 1_c1(local) | 1_c1(local) | 1_c1(local) | 1_c1(local) | 6_c3(global)
1037,1319,13.19,15.0,15,Stable,6_c3(global) | 5_c3(global) | 6_c3(global) | 4_c2(vicinity) | 3_c2(vicinity) | 3_c2(vicinity) | 3_c2(vicinity) | 4_c2(vicinity) | 3_c2(vicinity) | 2_c1(local) | 2_c1(local) | 1_c1(local) | 1_c1(local) | 1_c1(local) | 1_c1(local)
1038,1213,12.13,15.0,15,Stable,6_c3(global) | 5_c3(global) | 6_c3(global) | 4_c2(vicinity) | 3_c2(vicinity) | 3_c2(vicinity) | 3_c2(vicinity) | 4_c2(vicinity) | 3_c2(vicinity) | 2_c1(local) | 2_c1(local) | 1_c1(local) | 1_c1(local) | 1_c1(local) | 1_c1(local)
1039,1172,11.72,15.0,15,Stable,6_c3(global) | 5_c3(global) | 6_c3(global) | 4_c2(vicinity) | 3_c2(vicinity) | 3_c2(vicinity) | 3_c2(vicinity) | 4_c2(vicinity) | 3_c2(vicinity) | 2_c1(local) | 2_c1(local) | 1_c1(local) | 1_c1(local) | 1_c1(local) | 1_c1(local)
1040,1107,11.07,15.0,15,Stable,6_c3(global) | 5_c3(global) | 6_c3(global) | 4_c2(vicinity) | 3_c2(vicinity) | 3_c2(vicinity) | 3_c2(vicinity) | 4_c2(vicinity) | 3_c2(vicinity) | 2_c1(local) | 2_c1(local) | 1_c1(local) | 1_c1(local) | 1_c1(local) | 1_c1(local)
1041,1155,11.55,15.0,15,Stable,6_c3(global) | 5_c3(global) | 6_c3(global) | 4_c2(vicinity) | 3_c2(vicinity) | 3_c2(vicinity) | 3_c2(vicinity) | 4_c2(vicinity) | 3_c2(vicinity) | 2_c1(local) | 2_c1(local) | 1_c1(local) | 1_c1(local) | 1_c1(local) | 1_c1(local)
1042,1195,11.95,15.0,15,Stable,6_c3(global) | 5_c3(global) | 6_c3(global) | 4_c2(vicinity) | 3_c2(vicinity) | 3_c2(vicinity) | 3_c2(vicinity) | 4_c2(vicinity) | 3_c2(vicinity) | 2_c1(local) | 2_c1(local) | 1_c1(local) | 1_c1(local) | 1_c1(local) | 1_c1(local)
1043,1224,12.24,15.0,15,Stable,6_c3(global) | 5_c3(global) | 6_c3(global) | 4_c2(vicinity) | 3_c2(vicinity) | 3_c2(vicinity) | 3_c2(vicinity) | 4_c2(vicinity) | 3_c2(vicinity) | 2_c1(local) | 2_c1(local) | 1_c1(local) | 1_c1(local) | 1_c1(local) | 1_c1(local)
1044,1529,15.29,16.0,16,Scaled GLOBAL: 5_c3,6_c3(global) | 5_c3(global) | 6_c3(global) | 4_c2(vicinity) | 3_c2(vicinity) | 3_c2(vicinity) | 3_c2(vicinity) | 4_c2(vicinity) | 3_c2(vicinity) | 2_c1(local) | 2_c1(local) | 1_c1(local) | 1_c1(local) | 1_c1(local) | 1_c1(local) | 5_c3(global)
1045,1178,11.78,16.0,16,Stable,6_c3(global) | 5_c3(global) | 6_c3(global) | 5_c3(global) | 4_c2(vicinity) | 3_c2(vicinity) | 3_c2(vicinity) | 3_c2(vicinity) | 4_c2(vicinity) | 3_c2(vicinity) | 2_c1(local) | 2_c1(local) | 1_c1(local) | 1_c1(local) | 1_c1(local) | 1_c1(local)
1046,1361,13.61,16.0,16,Stable,6_c3(global) | 5_c3(global) | 6_c3(global) | 5_c3(global) | 4_c2(vicinity) | 3_c2(vicinity) | 3_c2(vicinity) | 3_c2(vicinity) | 4_c2(vicinity) | 3_c2(vicinity) | 2_c1(local) | 2_c1(local) | 1_c1(local) | 1_c1(local) | 1_c1(local) | 1_c1(local)
1047,1277,12.77,16.0,16,Stable,6_c3(global) | 5_c3(global) | 6_c3(global) | 5_c3(global) | 4_c2(vicinity) | 3_c2(vicinity) | 3_c2(vicinity) | 3_c2(vicinity) | 4_c2(vicinity) | 3_c2(vicinity) | 2_c1(local) | 2_c1(local) | 1_c1(local) | 1_c1(local) | 1_c1(local) | 1_c1(local)
1048,1164,11.64,16.0,16,Stable,6_c3(global) | 5_c3(global) | 6_c3(global) | 5_c3(global) | 4_c2(vicinity) | 3_c2(vicinity) | 3_c2(vicinity) | 3_c2(vicinity) | 4_c2(vicinity) | 3_c2(vicinity) | 2_c1(local) | 2_c1(local) | 1_c1(local) | 1_c1(local) | 1_c1(local) | 1_c1(local)
1049,1253,12.53,16.0,16,Stable,6_c3(global) | 5_c3(global) | 6_c3(global) | 5_c3(global) | 4_c2(vicinity) | 3_c2(vicinity) | 3_c2(vicinity) | 3_c2(vicinity) | 4_c2(vicinity) | 3_c2(vicinity) | 2_c1(local) | 2_c1(local) | 1_c1(local) | 1_c1(local) | 1_c1(local) | 1_c1(local)
1050,1169,11.69,16.0,16,Stable,6_c3(global) | 5_c3(global) | 6_c3(global) | 5_c3(global) | 4_c2(vicinity) | 3_c2(vicinity) | 3_c2(vicinity) | 3_c2(vicinity) | 4_c2(vicinity) | 3_c2(vicinity) | 2_c1(local) | 2_c1(local) | 1_c1(local) | 1_c1(local) | 1_c1(local) | 1_c1(local)
1051,1301,13.01,16.0,16,Stable,6_c3(global) | 5_c3(global) | 6_c3(global) | 5_c3(global) | 4_c2(vicinity) | 3_c2(vicinity) | 3_c2(vicinity) | 3_c2(vicinity) | 4_c2(vicinity) | 3_c2(vicinity) | 2_c1(local) | 2_c1(local) | 1_c1(local) | 1_c1(local) | 1_c1(local) | 1_c1(local)
1052,1163,11.63,16.0,16,Stable,6_c3(global) | 5_c3(global) | 6_c3(global) | 5_c3(global) | 4_c2(vicinity) | 3_c2(vicinity) | 3_c2(vicinity) | 3_c2(vicinity) | 4_c2(vicinity) | 3_c2(vicinity) | 2_c1(local) | 2_c1(local) | 1_c1(local) | 1_c1(local) | 1_c1(local) | 1_c1(local)
1053,1159,11.59,16.0,16,Stable,6_c3(global) | 5_c3(global) | 6_c3(global) | 5_c3(global) | 4_c2(vicinity) | 3_c2(vicinity) | 3_c2(vicinity) | 3_c2(vicinity) | 4_c2(vicinity) | 3_c2(vicinity) | 2_c1(local) | 2_c1(local) | 1_c1(local) | 1_c1(local) | 1_c1(local) | 1_c1(local)
1054,1528,15.28,16.0,16,Stable,6_c3(global) | 5_c3(global) | 6_c3(global) | 5_c3(global) | 4_c2(vicinity) | 3_c2(vicinity) | 3_c2(vicinity) | 3_c2(vicinity) | 4_c2(vicinity) | 3_c2(vicinity) | 2_c1(local) | 2_c1(local) | 1_c1(local) | 1_c1(local) | 1_c1(local) | 1_c1(local)
1055,1349,13.49,16.0,16,Stable,6_c3(global) | 5_c3(global) | 6_c3(global) | 5_c3(global) | 4_c2(vicinity) | 3_c2(vicinity) | 3_c2(vicinity) | 3_c2(vicinity) | 4_c2(vicinity) | 3_c2(vicinity) | 2_c1(local) | 2_c1(local) | 1_c1(local) | 1_c1(local) | 1_c1(local) | 1_c1(local)
1056,963,9.63,16.0,16,Stable,6_c3(global) | 5_c3(global) | 6_c3(global) | 5_c3(global) | 4_c2(vicinity) | 3_c2(vicinity) | 3_c2(vicinity) | 3_c2(vicinity) | 4_c2(vicinity) | 3_c2(vicinity) | 2_c1(local) | 2_c1(local) | 1_c1(local) | 1_c1(local) | 1_c1(local) | 1_c1(local)
1057,1198,11.98,16.0,16,Stable,6_c3(global) | 5_c3(global) | 6_c3(global) | 5_c3(global) | 4_c2(vicinity) | 3_c2(vicinity) | 3_c2(vicinity) | 3_c2(vicinity) | 4_c2(vicinity) | 3_c2(vicinity) | 2_c1(local) | 2_c1(local) | 1_c1(local) | 1_c1(local) | 1_c1(local) | 1_c1(local)
1058,1135,11.35,16.0,16,Stable,6_c3(global) | 5_c3(global) | 6_c3(global) | 5_c3(global) | 4_c2(vicinity) | 3_c2(vicinity) | 3_c2(vicinity) | 3_c2(vicinity) | 4_c2(vicinity) | 3_c2(vicinity) | 2_c1(local) | 2_c1(local) | 1_c1(local) | 1_c1(local) | 1_c1(local) | 1_c1(local)
1059,1176,11.76,16.0,16,Stable,6_c3(global) | 5_c3(global) | 6_c3(global) | 5_c3(global) | 4_c2(vicinity) | 3_c2(vicinity) | 3_c2(vicinity) | 3_c2(vicinity) | 4_c2(vicinity) | 3_c2(vicinity) | 2_c1(local) | 2_c1(local) | 1_c1(local) | 1_c1(local) | 1_c1(local) | 1_c1(local)
1060,956,9.56,16.0,16,Stable,6_c3(global) | 5_c3(global) | 6_c3(global) | 5_c3(global) | 4_c2(vicinity) | 3_c2(vicinity) | 3_c2(vicinity) | 3_c2(vicinity) | 4_c2(vicinity) | 3_c2(vicinity) | 2_c1(local) | 2_c1(local) | 1_c1(local) | 1_c1(local) | 1_c1(local) | 1_c1(local)
1061,1085,10.85,16.0,16,Stable,6_c3(global) | 5_c3(global) | 6_c3(global) | 5_c3(global) | 4_c2(vicinity) | 3_c2(vicinity) | 3_c2(vicinity) | 3_c2(vicinity) | 4_c2(vicinity) | 3_c2(vicinity) | 2_c1(local) | 2_c1(local) | 1_c1(local) | 1_c1(local) | 1_c1(local) | 1_c1(local)
1062,1084,10.84,16.0,16,Stable,6_c3(global) | 5_c3(global) | 6_c3(global) | 5_c3(global) | 4_c2(vicinity) | 3_c2(vicinity) | 3_c2(vicinity) | 3_c2(vicinity) | 4_c2(vicinity) | 3_c2(vicinity) | 2_c1(local) | 2_c1(local) | 1_c1(local) | 1_c1(local) | 1_c1(local) | 1_c1(local)
1063,1099,10.99,16.0,16,Stable,6_c3(global) | 5_c3(global) | 6_c3(global) | 5_c3(global) | 4_c2(vicinity) | 3_c2(vicinity) | 3_c2(vicinity) | 3_c2(vicinity) | 4_c2(vicinity) | 3_c2(vicinity) | 2_c1(local) | 2_c1(local) | 1_c1(local) | 1_c1(local) | 1_c1(local) | 1_c1(local)
1064,1198,11.98,16.0,16,Stable,6_c3(global) | 5_c3(global) | 6_c3(global) | 5_c3(global) | 4_c2(vicinity) | 3_c2(vicinity) | 3_c2(vicinity) | 3_c2(vicinity) | 4_c2(vicinity) | 3_c2(vicinity) | 2_c1(local) | 2_c1(local) | 1_c1(local) | 1_c1(local) | 1_c1(local) | 1_c1(local)
1065,1088,10.88,16.0,16,Stable,6_c3(global) | 5_c3(global) | 6_c3(global) | 5_c3(global) | 4_c2(vicinity) | 3_c2(vicinity) | 3_c2(vicinity) | 3_c2(vicinity) | 4_c2(vicinity) | 3_c2(vicinity) | 2_c1(local) | 2_c1(local) | 1_c1(local) | 1_c1(local) | 1_c1(local) | 1_c1(local)
1066,1092,10.92,16.0,16,Stable,6_c3(global) | 5_c3(global) | 6_c3(global) | 5_c3(global) | 4_c2(vicinity) | 3_c2(vicinity) | 3_c2(vicinity) | 3_c2(vicinity) | 4_c2(vicinity) | 3_c2(vicinity) | 2_c1(local) | 2_c1(local) | 1_c1(local) | 1_c1(local) | 1_c1(local) | 1_c1(local)
1067,1251,12.51,16.0,16,Stable,6_c3(global) | 5_c3(global) | 6_c3(global) | 5_c3(global) | 4_c2(vicinity) | 3_c2(vicinity) | 3_c2(vicinity) | 3_c2(vicinity) | 4_c2(vicinity) | 3_c2(vicinity) | 2_c1(local) | 2_c1(local) | 1_c1(local) | 1_c1(local) | 1_c1(local) | 1_c1(local)
1068,1418,14.18,16.0,16,Stable,6_c3(global) | 5_c3(global) | 6_c3(global) | 5_c3(global) | 4_c2(vicinity) | 3_c2(vicinity) | 3_c2(vicinity) | 3_c2(vicinity) | 4_c2(vicinity) | 3_c2(vicinity) | 2_c1(local) | 2_c1(local) | 1_c1(local) | 1_c1(local) | 1_c1(local) | 1_c1(local)
1069,1403,14.03,16.0,16,Stable,6_c3(global) | 5_c3(global) | 6_c3(global) | 5_c3(global) | 4_c2(vicinity) | 3_c2(vicinity) | 3_c2(vicinity) | 3_c2(vicinity) | 4_c2(vicinity) | 3_c2(vicinity) | 2_c1(local) | 2_c1(local) | 1_c1(local) | 1_c1(local) | 1_c1(local) | 1_c1(local)
1070,1450,14.5,16.0,16,Stable,6_c3(global) | 5_c3(global) | 6_c3(global) | 5_c3(global) | 4_c2(vicinity) | 3_c2(vicinity) | 3_c2(vicinity) | 3_c2(vicinity) | 4_c2(vicinity) | 3_c2(vicinity) | 2_c1(local) | 2_c1(local) | 1_c1(local) | 1_c1(local) | 1_c1(local) | 1_c1(local)
1071,1394,13.94,16.0,16,Stable,6_c3(global) | 5_c3(global) | 6_c3(global) | 5_c3(global) | 4_c2(vicinity) | 3_c2(vicinity) | 3_c2(vicinity) | 3_c2(vicinity) | 4_c2(vicinity) | 3_c2(vicinity) | 2_c1(local) | 2_c1(local) | 1_c1(local) | 1_c1(local) | 1_c1(local) | 1_c1(local)
1072,1376,13.76,16.0,16,Stable,6_c3(global) | 5_c3(global) | 6_c3(global) | 5_c3(global) | 4_c2(vicinity) | 3_c2(vicinity) | 3_c2(vicinity) | 3_c2(vicinity) | 4_c2(vicinity) | 3_c2(vicinity) | 2_c1(local) | 2_c1(local) | 1_c1(local) | 1_c1(local) | 1_c1(local) | 1_c1(local)
1073,1243,12.43,16.0,16,Stable,6_c3(global) | 5_c3(global) | 6_c3(global) | 5_c3(global) | 4_c2(vicinity) | 3_c2(vicinity) | 3_c2(vicinity) | 3_c2(vicinity) | 4_c2(vicinity) | 3_c2(vicinity) | 2_c1(local) | 2_c1(local) | 1_c1(local) | 1_c1(local) | 1_c1(local) | 1_c1(local)
1074,1022,10.22,16.0,16,Stable,6_c3(global) | 5_c3(global) | 6_c3(global) | 5_c3(global) | 4_c2(vicinity) | 3_c2(vicinity) | 3_c2(vicinity) | 3_c2(vicinity) | 4_c2(vicinity) | 3_c2(vicinity) | 2_c1(local) | 2_c1(local) | 1_c1(local) | 1_c1(local) | 1_c1(local) | 1_c1(local)
1075,1064,10.64,16.0,16,Stable,6_c3(global) | 5_c3(global) | 6_c3(global) | 5_c3(global) | 4_c2(vicinity) | 3_c2(vicinity) | 3_c2(vicinity) | 3_c2(vicinity) | 4_c2(vicinity) | 3_c2(vicinity) | 2_c1(local) | 2_c1(local) | 1_c1(local) | 1_c1(local) | 1_c1(local) | 1_c1(local)
1076,981,9.81,16.0,16,Stable,6_c3(global) | 5_c3(global) | 6_c3(global) | 5_c3(global) | 4_c2(vicinity) | 3_c2(vicinity) | 3_c2(vicinity) | 3_c2(vicinity) | 4_c2(vicinity) | 3_c2(vicinity) | 2_c1(local) | 2_c1(local) | 1_c1(local) | 1_c1(local) | 1_c1(local) | 1_c1(local)
1077,1111,11.11,16.0,16,Stable,6_c3(global) | 5_c3(global) | 6_c3(global) | 5_c3(global) | 4_c2(vicinity) | 3_c2(vicinity) | 3_c2(vicinity) | 3_c2(vicinity) | 4_c2(vicinity) | 3_c2(vicinity) | 2_c1(local) | 2_c1(local) | 1_c1(local) | 1_c1(local) | 1_c1(local) | 1_c1(local)
1078,945,9.45,16.0,16,Stable,6_c3(global) | 5_c3(global) | 6_c3(global) | 5_c3(global) | 4_c2(vicinity) | 3_c2(vicinity) | 3_c2(vicinity) | 3_c2(vicinity) | 4_c2(vicinity) | 3_c2(vicinity) | 2_c1(local) | 2_c1(local) | 1_c1(local) | 1_c1(local) | 1_c1(local) | 1_c1(local)
1079,1163,11.63,16.0,16,Stable,6_c3(global) | 5_c3(global) | 6_c3(global) | 5_c3(global) | 4_c2(vicinity) | 3_c2(vicinity) | 3_c2(vicinity) | 3_c2(vicinity) | 4_c2(vicinity) | 3_c2(vicinity) | 2_c1(local) | 2_c1(local) | 1_c1(local) | 1_c1(local) | 1_c1(local) | 1_c1(local)
1080,1365,13.65,16.0,16,Stable,6_c3(global) | 5_c3(global) | 6_c3(global) | 5_c3(global) | 4_c2(vicinity) | 3_c2(vicinity) | 3_c2(vicinity) | 3_c2(vicinity) | 4_c2(vicinity) | 3_c2(vicinity) | 2_c1(local) | 2_c1(local) | 1_c1(local) | 1_c1(local) | 1_c1(local) | 1_c1(local)
1081,1215,12.15,16.0,16,Stable,6_c3(global) | 5_c3(global) | 6_c3(global) | 5_c3(global) | 4_c2(vicinity) | 3_c2(vicinity) | 3_c2(vicinity) | 3_c2(vicinity) | 4_c2(vicinity) | 3_c2(vicinity) | 2_c1(local) | 2_c1(local) | 1_c1(local) | 1_c1(local) | 1_c1(local) | 1_c1(local)
1082,1252,12.52,16.0,16,Stable,6_c3(global) | 5_c3(global) | 6_c3(global) | 5_c3(global) | 4_c2(vicinity) | 3_c2(vicinity) | 3_c2(vicinity) | 3_c2(vicinity) | 4_c2(vicinity) | 3_c2(vicinity) | 2_c1(local) | 2_c1(local) | 1_c1(local) | 1_c1(local) | 1_c1(local) | 1_c1(local)
1083,1387,13.87,16.0,16,Stable,6_c3(global) | 5_c3(global) | 6_c3(global) | 5_c3(global) | 4_c2(vicinity) | 3_c2(vicinity) | 3_c2(vicinity) | 3_c2(vicinity) | 4_c2(vicinity) | 3_c2(vicinity) | 2_c1(local) | 2_c1(local) | 1_c1(local) | 1_c1(local) | 1_c1(local) | 1_c1(local)
1084,1295,12.95,16.0,16,Stable,6_c3(global) | 5_c3(global) | 6_c3(global) | 5_c3(global) | 4_c2(vicinity) | 3_c2(vicinity) | 3_c2(vicinity) | 3_c2(vicinity) | 4_c2(vicinity) | 3_c2(vicinity) | 2_c1(local) | 2_c1(local) | 1_c1(local) | 1_c1(local) | 1_c1(local) | 1_c1(local)
1085,1242,12.42,16.0,16,Stable,6_c3(global) | 5_c3(global) | 6_c3(global) | 5_c3(global) | 4_c2(vicinity) | 3_c2(vicinity) | 3_c2(vicinity) | 3_c2(vicinity) | 4_c2(vicinity) | 3_c2(vicinity) | 2_c1(local) | 2_c1(local) | 1_c1(local) | 1_c1(local) | 1_c1(local) | 1_c1(local)
1086,1152,11.52,16.0,16,Stable,6_c3(global) | 5_c3(global) | 6_c3(global) | 5_c3(global) | 4_c2(vicinity) | 3_c2(vicinity) | 3_c2(vicinity) | 3_c2(vicinity) | 4_c2(vicinity) | 3_c2(vicinity) | 2_c1(local) | 2_c1(local) | 1_c1(local) | 1_c1(local) | 1_c1(local) | 1_c1(local)
1087,1269,12.69,16.0,16,Stable,6_c3(global) | 5_c3(global) | 6_c3(global) | 5_c3(global) | 4_c2(vicinity) | 3_c2(vicinity) | 3_c2(vicinity) | 3_c2(vicinity) | 4_c2(vicinity) | 3_c2(vicinity) | 2_c1(local) | 2_c1(local) | 1_c1(local) | 1_c1(local) | 1_c1(local) | 1_c1(local)
1088,993,9.93,16.0,16,Stable,6_c3(global) | 5_c3(global) | 6_c3(global) | 5_c3(global) | 4_c2(vicinity) | 3_c2(vicinity) | 3_c2(vicinity) | 3_c2(vicinity) | 4_c2(vicinity) | 3_c2(vicinity) | 2_c1(local) | 2_c1(local) | 1_c1(local) | 1_c1(local) | 1_c1(local) | 1_c1(local)
1089,932,9.32,16.0,16,Stable,6_c3(global) | 5_c3(global) | 6_c3(global) | 5_c3(global) | 4_c2(vicinity) | 3_c2(vicinity) | 3_c2(vicinity) | 3_c2(vicinity) | 4_c2(vicinity) | 3_c2(vicinity) | 2_c1(local) | 2_c1(local) | 1_c1(local) | 1_c1(local) | 1_c1(local) | 1_c1(local)
1090,1287,12.87,16.0,16,Stable,6_c3(global) | 5_c3(global) | 6_c3(global) | 5_c3(global) | 4_c2(vicinity) | 3_c2(vicinity) | 3_c2(vicinity) | 3_c2(vicinity) | 4_c2(vicinity) | 3_c2(vicinity) | 2_c1(local) | 2_c1(local) | 1_c1(local) | 1_c1(local) | 1_c1(local) | 1_c1(local)
1091,1324,13.24,16.0,16,Stable,6_c3(global) | 5_c3(global) | 6_c3(global) | 5_c3(global) | 4_c2(vicinity) | 3_c2(vicinity) | 3_c2(vicinity) | 3_c2(vicinity) | 4_c2(vicinity) | 3_c2(vicinity) | 2_c1(local) | 2_c1(local) | 1_c1(local) | 1_c1(local) | 1_c1(local) | 1_c1(local)
1092,1499,14.99,16.0,16,Stable,6_c3(global) | 5_c3(global) | 6_c3(global) | 5_c3(global) | 4_c2(vicinity) | 3_c2(vicinity) | 3_c2(vicinity) | 3_c2(vicinity) | 4_c2(vicinity) | 3_c2(vicinity) | 2_c1(local) | 2_c1(local) | 1_c1(local) | 1_c1(local) | 1_c1(local) | 1_c1(local)
1093,1324,13.24,16.0,16,Stable,6_c3(global) | 5_c3(global) | 6_c3(global) | 5_c3(global) | 4_c2(vicinity) | 3_c2(vicinity) | 3_c2(vicinity) | 3_c2(vicinity) | 4_c2(vicinity) | 3_c2(vicinity) | 2_c1(local) | 2_c1(local) | 1_c1(local) | 1_c1(local) | 1_c1(local) | 1_c1(local)
1094,1293,12.93,16.0,16,Stable,6_c3(global) | 5_c3(global) | 6_c3(global) | 5_c3(global) | 4_c2(vicinity) | 3_c2(vicinity) | 3_c2(vicinity) | 3_c2(vicinity) | 4_c2(vicinity) | 3_c2(vicinity) | 2_c1(local) | 2_c1(local) | 1_c1(local) | 1_c1(local) | 1_c1(local) | 1_c1(local)
1095,1283,12.83,16.0,16,Stable,6_c3(global) | 5_c3(global) | 6_c3(global) | 5_c3(global) | 4_c2(vicinity) | 3_c2(vicinity) | 3_c2(vicinity) | 3_c2(vicinity) | 4_c2(vicinity) | 3_c2(vicinity) | 2_c1(local) | 2_c1(local) | 1_c1(local) | 1_c1(local) | 1_c1(local) | 1_c1(local)
1096,1497,14.97,16.0,16,Stable,6_c3(global) | 5_c3(global) | 6_c3(global) | 5_c3(global) | 4_c2(vicinity) | 3_c2(vicinity) | 3_c2(vicinity) | 3_c2(vicinity) | 4_c2(vicinity) | 3_c2(vicinity) | 2_c1(local) | 2_c1(local) | 1_c1(local) | 1_c1(local) | 1_c1(local) | 1_c1(local)
1097,1390,13.9,16.0,16,Stable,6_c3(global) | 5_c3(global) | 6_c3(global) | 5_c3(global) | 4_c2(vicinity) | 3_c2(vicinity) | 3_c2(vicinity) | 3_c2(vicinity) | 4_c2(vicinity) | 3_c2(vicinity) | 2_c1(local) | 2_c1(local) | 1_c1(local) | 1_c1(local) | 1_c1(local) | 1_c1(local)
1098,1210,12.1,16.0,16,Stable,6_c3(global) | 5_c3(global) | 6_c3(global) | 5_c3(global) | 4_c2(vicinity) | 3_c2(vicinity) | 3_c2(vicinity) | 3_c2(vicinity) | 4_c2(vicinity) | 3_c2(vicinity) | 2_c1(local) | 2_c1(local) | 1_c1(local) | 1_c1(local) | 1_c1(local) | 1_c1(local)
1099,1482,14.82,16.0,16,Stable,6_c3(global) | 5_c3(global) | 6_c3(global) | 5_c3(global) | 4_c2(vicinity) | 3_c2(vicinity) | 3_c2(vicinity) | 3_c2(vicinity) | 4_c2(vicinity) | 3_c2(vicinity) | 2_c1(local) | 2_c1(local) | 1_c1(local) | 1_c1(local) | 1_c1(local) | 1_c1(local)
1100,1513,15.13,16.0,16,Stable,6_c3(global) | 5_c3(global) | 6_c3(global) | 5_c3(global) | 4_c2(vicinity) | 3_c2(vicinity) | 3_c2(vicinity) | 3_c2(vicinity) | 4_c2(vicinity) | 3_c2(vicinity) | 2_c1(local) | 2_c1(local) | 1_c1(local) | 1_c1(local) | 1_c1(local) | 1_c1(local)
1101,1435,14.35,16.0,16,Stable,6_c3(global) | 5_c3(global) | 6_c3(global) | 5_c3(global) | 4_c2(vicinity) | 3_c2(vicinity) | 3_c2(vicinity) | 3_c2(vicinity) | 4_c2(vicinity) | 3_c2(vicinity) | 2_c1(local) | 2_c1(local) | 1_c1(local) | 1_c1(local) | 1_c1(local) | 1_c1(local)
1102,1298,12.98,16.0,16,Stable,6_c3(global) | 5_c3(global) | 6_c3(global) | 5_c3(global) | 4_c2(vicinity) | 3_c2(vicinity) | 3_c2(vicinity) | 3_c2(vicinity) | 4_c2(vicinity) | 3_c2(vicinity) | 2_c1(local) | 2_c1(local) | 1_c1(local) | 1_c1(local) | 1_c1(local) | 1_c1(local)
1103,1188,11.88,16.0,16,Stable,6_c3(global) | 5_c3(global) | 6_c3(global) | 5_c3(global) | 4_c2(vicinity) | 3_c2(vicinity) | 3_c2(vicinity) | 3_c2(vicinity) | 4_c2(vicinity) | 3_c2(vicinity) | 2_c1(local) | 2_c1(local) | 1_c1(local) | 1_c1(local) | 1_c1(local) | 1_c1(local)
1104,1086,10.86,16.0,16,Stable,6_c3(global) | 5_c3(global) | 6_c3(global) | 5_c3(global) | 4_c2(vicinity) | 3_c2(vicinity) | 3_c2(vicinity) | 3_c2(vicinity) | 4_c2(vicinity) | 3_c2(vicinity) | 2_c1(local) | 2_c1(local) | 1_c1(local) | 1_c1(local) | 1_c1(local) | 1_c1(local)
1105,1068,10.68,16.0,16,Stable,6_c3(global) | 5_c3(global) | 6_c3(global) | 5_c3(global) | 4_c2(vicinity) | 3_c2(vicinity) | 3_c2(vicinity) | 3_c2(vicinity) | 4_c2(vicinity) | 3_c2(vicinity) | 2_c1(local) | 2_c1(local) | 1_c1(local) | 1_c1(local) | 1_c1(local) | 1_c1(local)
1106,1101,11.01,16.0,16,Stable,6_c3(global) | 5_c3(global) | 6_c3(global) | 5_c3(global) | 4_c2(vicinity) | 3_c2(vicinity) | 3_c2(vicinity) | 3_c2(vicinity) | 4_c2(vicinity) | 3_c2(vicinity) | 2_c1(local) | 2_c1(local) | 1_c1(local) | 1_c1(local) | 1_c1(local) | 1_c1(local)
1107,1104,11.04,16.0,16,Stable,6_c3(global) | 5_c3(global) | 6_c3(global) | 5_c3(global) | 4_c2(vicinity) | 3_c2(vicinity) | 3_c2(vicinity) | 3_c2(vicinity) | 4_c2(vicinity) | 3_c2(vicinity) | 2_c1(local) | 2_c1(local) | 1_c1(local) | 1_c1(local) | 1_c1(local) | 1_c1(local)
1108,1302,13.02,16.0,16,Stable,6_c3(global) | 5_c3(global) | 6_c3(global) | 5_c3(global) | 4_c2(vicinity) | 3_c2(vicinity) | 3_c2(vicinity) | 3_c2(vicinity) | 4_c2(vicinity) | 3_c2(vicinity) | 2_c1(local) | 2_c1(local) | 1_c1(local) | 1_c1(local) | 1_c1(local) | 1_c1(local)
1109,1481,14.81,16.0,16,Stable,6_c3(global) | 5_c3(global) | 6_c3(global) | 5_c3(global) | 4_c2(vicinity) | 3_c2(vicinity) | 3_c2(vicinity) | 3_c2(vicinity) | 4_c2(vicinity) | 3_c2(vicinity) | 2_c1(local) | 2_c1(local) | 1_c1(local) | 1_c1(local) | 1_c1(local) | 1_c1(local)
1110,1259,12.59,16.0,16,Stable,6_c3(global) | 5_c3(global) | 6_c3(global) | 5_c3(global) | 4_c2(vicinity) | 3_c2(vicinity) | 3_c2(vicinity) | 3_c2(vicinity) | 4_c2(vicinity) | 3_c2(vicinity) | 2_c1(local) | 2_c1(local) | 1_c1(local) | 1_c1(local) | 1_c1(local) | 1_c1(local)
1111,1546,15.46,16.0,16,Stable,6_c3(global) | 5_c3(global) | 6_c3(global) | 5_c3(global) | 4_c2(vicinity) | 3_c2(vicinity) | 3_c2(vicinity) | 3_c2(vicinity) | 4_c2(vicinity) | 3_c2(vicinity) | 2_c1(local) | 2_c1(local) | 1_c1(local) | 1_c1(local) | 1_c1(local) | 1_c1(local)
1112,1457,14.57,16.0,16,Stable,6_c3(global) | 5_c3(global) | 6_c3(global) | 5_c3(global) | 4_c2(vicinity) | 3_c2(vicinity) | 3_c2(vicinity) | 3_c2(vicinity) | 4_c2(vicinity) | 3_c2(vicinity) | 2_c1(local) | 2_c1(local) | 1_c1(local) | 1_c1(local) | 1_c1(local) | 1_c1(local)
1113,1229,12.29,16.0,16,Stable,6_c3(global) | 5_c3(global) | 6_c3(global) | 5_c3(global) | 4_c2(vicinity) | 3_c2(vicinity) | 3_c2(vicinity) | 3_c2(vicinity) | 4_c2(vicinity) | 3_c2(vicinity) | 2_c1(local) | 2_c1(local) | 1_c1(local) | 1_c1(local) | 1_c1(local) | 1_c1(local)
1114,1358,13.58,16.0,16,Stable,6_c3(global) | 5_c3(global) | 6_c3(global) | 5_c3(global) | 4_c2(vicinity) | 3_c2(vicinity) | 3_c2(vicinity) | 3_c2(vicinity) | 4_c2(vicinity) | 3_c2(vicinity) | 2_c1(local) | 2_c1(local) | 1_c1(local) | 1_c1(local) | 1_c1(local) | 1_c1(local)
1115,1459,14.59,16.0,16,Stable,6_c3(global) | 5_c3(global) | 6_c3(global) | 5_c3(global) | 4_c2(vicinity) | 3_c2(vicinity) | 3_c2(vicinity) | 3_c2(vicinity) | 4_c2(vicinity) | 3_c2(vicinity) | 2_c1(local) | 2_c1(local) | 1_c1(local) | 1_c1(local) | 1_c1(local) | 1_c1(local)
1116,1370,13.7,16.0,16,Stable,6_c3(global) | 5_c3(global) | 6_c3(global) | 5_c3(global) | 4_c2(vicinity) | 3_c2(vicinity) | 3_c2(vicinity) | 3_c2(vicinity) | 4_c2(vicinity) | 3_c2(vicinity) | 2_c1(local) | 2_c1(local) | 1_c1(local) | 1_c1(local) | 1_c1(local) | 1_c1(local)
1117,1426,14.26,16.0,16,Stable,6_c3(global) | 5_c3(global) | 6_c3(global) | 5_c3(global) | 4_c2(vicinity) | 3_c2(vicinity) | 3_c2(vicinity) | 3_c2(vicinity) | 4_c2(vicinity) | 3_c2(vicinity) | 2_c1(local) | 2_c1(local) | 1_c1(local) | 1_c1(local) | 1_c1(local) | 1_c1(local)
1118,1439,14.39,16.0,16,Stable,6_c3(global) | 5_c3(global) | 6_c3(global) | 5_c3(global) | 4_c2(vicinity) | 3_c2(vicinity) | 3_c2(vicinity) | 3_c2(vicinity) | 4_c2(vicinity) | 3_c2(vicinity) | 2_c1(local) | 2_c1(local) | 1_c1(local) | 1_c1(local) | 1_c1(local) | 1_c1(local)
1119,1336,13.36,16.0,16,Stable,6_c3(global) | 5_c3(global) | 6_c3(global) | 5_c3(global) | 4_c2(vicinity) | 3_c2(vicinity) | 3_c2(vicinity) | 3_c2(vicinity) | 4_c2(vicinity) | 3_c2(vicinity) | 2_c1(local) | 2_c1(local) | 1_c1(local) | 1_c1(local) | 1_c1(local) | 1_c1(local)
1120,1532,15.32,16.0,16,Stable,6_c3(global) | 5_c3(global) | 6_c3(global) | 5_c3(global) | 4_c2(vicinity) | 3_c2(vicinity) | 3_c2(vicinity) | 3_c2(vicinity) | 4_c2(vicinity) | 3_c2(vicinity) | 2_c1(local) | 2_c1(local) | 1_c1(local) | 1_c1(local) | 1_c1(local) | 1_c1(local)
1121,1235,12.35,16.0,16,Stable,6_c3(global) | 5_c3(global) | 6_c3(global) | 5_c3(global) | 4_c2(vicinity) | 3_c2(vicinity) | 3_c2(vicinity) | 3_c2(vicinity) | 4_c2(vicinity) | 3_c2(vicinity) | 2_c1(local) | 2_c1(local) | 1_c1(local) | 1_c1(local) | 1_c1(local) | 1_c1(local)
1122,1323,13.23,16.0,16,Stable,6_c3(global) | 5_c3(global) | 6_c3(global) | 5_c3(global) | 4_c2(vicinity) | 3_c2(vicinity) | 3_c2(vicinity) | 3_c2(vicinity) | 4_c2(vicinity) | 3_c2(vicinity) | 2_c1(local) | 2_c1(local) | 1_c1(local) | 1_c1(local) | 1_c1(local) | 1_c1(local)
1123,1432,14.32,16.0,16,Stable,6_c3(global) | 5_c3(global) | 6_c3(global) | 5_c3(global) | 4_c2(vicinity) | 3_c2(vicinity) | 3_c2(vicinity) | 3_c2(vicinity) | 4_c2(vicinity) | 3_c2(vicinity) | 2_c1(local) | 2_c1(local) | 1_c1(local) | 1_c1(local) | 1_c1(local) | 1_c1(local)
1124,1592,15.92,16.0,16,Stable,6_c3(global) | 5_c3(global) | 6_c3(global) | 5_c3(global) | 4_c2(vicinity) | 3_c2(vicinity) | 3_c2(vicinity) | 3_c2(vicinity) | 4_c2(vicinity) | 3_c2(vicinity) | 2_c1(local) | 2_c1(local) | 1_c1(local) | 1_c1(local) | 1_c1(local) | 1_c1(local)
1125,1417,14.17,16.0,16,Stable,6_c3(global) | 5_c3(global) | 6_c3(global) | 5_c3(global) | 4_c2(vicinity) | 3_c2(vicinity) | 3_c2(vicinity) | 3_c2(vicinity) | 4_c2(vicinity) | 3_c2(vicinity) | 2_c1(local) | 2_c1(local) | 1_c1(local) | 1_c1(local) | 1_c1(local) | 1_c1(local)
1126,1416,14.16,16.0,16,Stable,6_c3(global) | 5_c3(global) | 6_c3(global) | 5_c3(global) | 4_c2(vicinity) | 3_c2(vicinity) | 3_c2(vicinity) | 3_c2(vicinity) | 4_c2(vicinity) | 3_c2(vicinity) | 2_c1(local) | 2_c1(local) | 1_c1(local) | 1_c1(local) | 1_c1(local) | 1_c1(local)
1127,1496,14.96,16.0,16,Stable,6_c3(global) | 5_c3(global) | 6_c3(global) | 5_c3(global) | 4_c2(vicinity) | 3_c2(vicinity) | 3_c2(vicinity) | 3_c2(vicinity) | 4_c2(vicinity) | 3_c2(vicinity) | 2_c1(local) | 2_c1(local) | 1_c1(local) | 1_c1(local) | 1_c1(local) | 1_c1(local)
1128,1392,13.92,16.0,16,Stable,6_c3(global) | 5_c3(global) | 6_c3(global) | 5_c3(global) | 4_c2(vicinity) | 3_c2(vicinity) | 3_c2(vicinity) | 3_c2(vicinity) | 4_c2(vicinity) | 3_c2(vicinity) | 2_c1(local) | 2_c1(local) | 1_c1(local) | 1_c1(local) | 1_c1(local) | 1_c1(local)
1129,1357,13.57,16.0,16,Stable,6_c3(global) | 5_c3(global) | 6_c3(global) | 5_c3(global) | 4_c2(vicinity) | 3_c2(vicinity) | 3_c2(vicinity) | 3_c2(vicinity) | 4_c2(vicinity) | 3_c2(vicinity) | 2_c1(local) | 2_c1(local) | 1_c1(local) | 1_c1(local) | 1_c1(local) | 1_c1(local)
1130,1291,12.91,16.0,16,Stable,6_c3(global) | 5_c3(global) | 6_c3(global) | 5_c3(global) | 4_c2(vicinity) | 3_c2(vicinity) | 3_c2(vicinity) | 3_c2(vicinity) | 4_c2(vicinity) | 3_c2(vicinity) | 2_c1(local) | 2_c1(local) | 1_c1(local) | 1_c1(local) | 1_c1(local) | 1_c1(local)
1131,1230,12.3,16.0,16,Stable,6_c3(global) | 5_c3(global) | 6_c3(global) | 5_c3(global) | 4_c2(vicinity) | 3_c2(vicinity) | 3_c2(vicinity) | 3_c2(vicinity) | 4_c2(vicinity) | 3_c2(vicinity) | 2_c1(local) | 2_c1(local) | 1_c1(local) | 1_c1(local) | 1_c1(local) | 1_c1(local)
1132,1265,12.65,16.0,16,Stable,6_c3(global) | 5_c3(global) | 6_c3(global) | 5_c3(global) | 4_c2(vicinity) | 3_c2(vicinity) | 3_c2(vicinity) | 3_c2(vicinity) | 4_c2(vicinity) | 3_c2(vicinity) | 2_c1(local) | 2_c1(local) | 1_c1(local) | 1_c1(local) | 1_c1(local) | 1_c1(local)
1133,1302,13.02,16.0,16,Stable,6_c3(global) | 5_c3(global) | 6_c3(global) | 5_c3(global) | 4_c2(vicinity) | 3_c2(vicinity) | 3_c2(vicinity) | 3_c2(vicinity) | 4_c2(vicinity) | 3_c2(vicinity) | 2_c1(local) | 2_c1(local) | 1_c1(local) | 1_c1(local) | 1_c1(local) | 1_c1(local)
1134,1599,15.99,16.0,16,Stable,6_c3(global) | 5_c3(global) | 6_c3(global) | 5_c3(global) | 4_c2(vicinity) | 3_c2(vicinity) | 3_c2(vicinity) | 3_c2(vicinity) | 4_c2(vicinity) | 3_c2(vicinity) | 2_c1(local) | 2_c1(local) | 1_c1(local) | 1_c1(local) | 1_c1(local) | 1_c1(local)
1135,1315,13.15,16.0,16,Stable,6_c3(global) | 5_c3(global) | 6_c3(global) | 5_c3(global) | 4_c2(vicinity) | 3_c2(vicinity) | 3_c2(vicinity) | 3_c2(vicinity) | 4_c2(vicinity) | 3_c2(vicinity) | 2_c1(local) | 2_c1(local) | 1_c1(local) | 1_c1(local) | 1_c1(local) | 1_c1(local)
1136,1373,13.73,16.0,16,Stable,6_c3(global) | 5_c3(global) | 6_c3(global) | 5_c3(global) | 4_c2(vicinity) | 3_c2(vicinity) | 3_c2(vicinity) | 3_c2(vicinity) | 4_c2(vicinity) | 3_c2(vicinity) | 2_c1(local) | 2_c1(local) | 1_c1(local) | 1_c1(local) | 1_c1(local) | 1_c1(local)
1137,1272,12.72,16.0,16,Stable,6_c3(global) | 5_c3(global) | 6_c3(global) | 5_c3(global) | 4_c2(vicinity) | 3_c2(vicinity) | 3_c2(vicinity) | 3_c2(vicinity) | 4_c2(vicinity) | 3_c2(vicinity) | 2_c1(local) | 2_c1(local) | 1_c1(local) | 1_c1(local) | 1_c1(local) | 1_c1(local)
1138,1140,11.4,16.0,16,Stable,6_c3(global) | 5_c3(global) | 6_c3(global) | 5_c3(global) | 4_c2(vicinity) | 3_c2(vicinity) | 3_c2(vicinity) | 3_c2(vicinity) | 4_c2(vicinity) | 3_c2(vicinity) | 2_c1(local) | 2_c1(local) | 1_c1(local) | 1_c1(local) | 1_c1(local) | 1_c1(local)
1139,1321,13.21,16.0,16,Stable,6_c3(global) | 5_c3(global) | 6_c3(global) | 5_c3(global) | 4_c2(vicinity) | 3_c2(vicinity) | 3_c2(vicinity) | 3_c2(vicinity) | 4_c2(vicinity) | 3_c2(vicinity) | 2_c1(local) | 2_c1(local) | 1_c1(local) | 1_c1(local) | 1_c1(local) | 1_c1(local)
1140,1362,13.62,16.0,16,Stable,6_c3(global) | 5_c3(global) | 6_c3(global) | 5_c3(global) | 4_c2(vicinity) | 3_c2(vicinity) | 3_c2(vicinity) | 3_c2(vicinity) | 4_c2(vicinity) | 3_c2(vicinity) | 2_c1(local) | 2_c1(local) | 1_c1(local) | 1_c1(local) | 1_c1(local) | 1_c1(local)
1141,1385,13.85,16.0,16,Stable,6_c3(global) | 5_c3(global) | 6_c3(global) | 5_c3(global) | 4_c2(vicinity) | 3_c2(vicinity) | 3_c2(vicinity) | 3_c2(vicinity) | 4_c2(vicinity) | 3_c2(vicinity) | 2_c1(local) | 2_c1(local) | 1_c1(local) | 1_c1(local) | 1_c1(local) | 1_c1(local)
1142,1287,12.87,16.0,16,Stable,6_c3(global) | 5_c3(global) | 6_c3(global) | 5_c3(global) | 4_c2(vicinity) | 3_c2(vicinity) | 3_c2(vicinity) | 3_c2(vicinity) | 4_c2(vicinity) | 3_c2(vicinity) | 2_c1(local) | 2_c1(local) | 1_c1(local) | 1_c1(local) | 1_c1(local) | 1_c1(local)
1143,1178,11.78,16.0,16,Stable,6_c3(global) | 5_c3(global) | 6_c3(global) | 5_c3(global) | 4_c2(vicinity) | 3_c2(vicinity) | 3_c2(vicinity) | 3_c2(vicinity) | 4_c2(vicinity) | 3_c2(vicinity) | 2_c1(local) | 2_c1(local) | 1_c1(local) | 1_c1(local) | 1_c1(local) | 1_c1(local)
1144,1151,11.51,16.0,16,Stable,6_c3(global) | 5_c3(global) | 6_c3(global) | 5_c3(global) | 4_c2(vicinity) | 3_c2(vicinity) | 3_c2(vicinity) | 3_c2(vicinity) | 4_c2(vicinity) | 3_c2(vicinity) | 2_c1(local) | 2_c1(local) | 1_c1(local) | 1_c1(local) | 1_c1(local) | 1_c1(local)
1145,1345,13.45,16.0,16,Stable,6_c3(global) | 5_c3(global) | 6_c3(global) | 5_c3(global) | 4_c2(vicinity) | 3_c2(vicinity) | 3_c2(vicinity) | 3_c2(vicinity) | 4_c2(vicinity) | 3_c2(vicinity) | 2_c1(local) | 2_c1(local) | 1_c1(local) | 1_c1(local) | 1_c1(local) | 1_c1(local)
1146,1146,11.46,16.0,16,Stable,6_c3(global) | 5_c3(global) | 6_c3(global) | 5_c3(global) | 4_c2(vicinity) | 3_c2(vicinity) | 3_c2(vicinity) | 3_c2(vicinity) | 4_c2(vicinity) | 3_c2(vicinity) | 2_c1(local) | 2_c1(local) | 1_c1(local) | 1_c1(local) | 1_c1(local) | 1_c1(local)
1147,1043,10.43,16.0,16,Stable,6_c3(global) | 5_c3(global) | 6_c3(global) | 5_c3(global) | 4_c2(vicinity) | 3_c2(vicinity) | 3_c2(vicinity) | 3_c2(vicinity) | 4_c2(vicinity) | 3_c2(vicinity) | 2_c1(local) | 2_c1(local) | 1_c1(local) | 1_c1(local) | 1_c1(local) | 1_c1(local)
1148,1125,11.25,16.0,16,Stable,6_c3(global) | 5_c3(global) | 6_c3(global) | 5_c3(global) | 4_c2(vicinity) | 3_c2(vicinity) | 3_c2(vicinity) | 3_c2(vicinity) | 4_c2(vicinity) | 3_c2(vicinity) | 2_c1(local) | 2_c1(local) | 1_c1(local) | 1_c1(local) | 1_c1(local) | 1_c1(local)
1149,1064,10.64,16.0,16,Stable,6_c3(global) | 5_c3(global) | 6_c3(global) | 5_c3(global) | 4_c2(vicinity) | 3_c2(vicinity) | 3_c2(vicinity) | 3_c2(vicinity) | 4_c2(vicinity) | 3_c2(vicinity) | 2_c1(local) | 2_c1(local) | 1_c1(local) | 1_c1(local) | 1_c1(local) | 1_c1(local)
1150,846,8.46,16.0,16,Stable,6_c3(global) | 5_c3(global) | 6_c3(global) | 5_c3(global) | 4_c2(vicinity) | 3_c2(vicinity) | 3_c2(vicinity) | 3_c2(vicinity) | 4_c2(vicinity) | 3_c2(vicinity) | 2_c1(local) | 2_c1(local) | 1_c1(local) | 1_c1(local) | 1_c1(local) | 1_c1(local)
1151,840,8.4,16.0,16,Stable,6_c3(global) | 5_c3(global) | 6_c3(global) | 5_c3(global) | 4_c2(vicinity) | 3_c2(vicinity) | 3_c2(vicinity) | 3_c2(vicinity) | 4_c2(vicinity) | 3_c2(vicinity) | 2_c1(local) | 2_c1(local) | 1_c1(local) | 1_c1(local) | 1_c1(local) | 1_c1(local)
1152,965,9.65,16.0,16,Stable,6_c3(global) | 5_c3(global) | 6_c3(global) | 5_c3(global) | 4_c2(vicinity) | 3_c2(vicinity) | 3_c2(vicinity) | 3_c2(vicinity) | 4_c2(vicinity) | 3_c2(vicinity) | 2_c1(local) | 2_c1(local) | 1_c1(local) | 1_c1(local) | 1_c1(local) | 1_c1(local)
1153,944,9.44,16.0,16,Stable,6_c3(global) | 5_c3(global) | 6_c3(global) | 5_c3(global) | 4_c2(vicinity) | 3_c2(vicinity) | 3_c2(vicinity) | 3_c2(vicinity) | 4_c2(vicinity) | 3_c2(vicinity) | 2_c1(local) | 2_c1(local) | 1_c1(local) | 1_c1(local) | 1_c1(local) | 1_c1(local)
1154,908,9.08,16.0,16,Stable,6_c3(global) | 5_c3(global) | 6_c3(global) | 5_c3(global) | 4_c2(vicinity) | 3_c2(vicinity) | 3_c2(vicinity) | 3_c2(vicinity) | 4_c2(vicinity) | 3_c2(vicinity) | 2_c1(local) | 2_c1(local) | 1_c1(local) | 1_c1(local) | 1_c1(local) | 1_c1(local)
1155,1028,10.28,16.0,16,Stable,6_c3(global) | 5_c3(global) | 6_c3(global) | 5_c3(global) | 4_c2(vicinity) | 3_c2(vicinity) | 3_c2(vicinity) | 3_c2(vicinity) | 4_c2(vicinity) | 3_c2(vicinity) | 2_c1(local) | 2_c1(local) | 1_c1(local) | 1_c1(local) | 1_c1(local) | 1_c1(local)
1156,1091,10.91,16.0,16,Stable,6_c3(global) | 5_c3(global) | 6_c3(global) | 5_c3(global) | 4_c2(vicinity) | 3_c2(vicinity) | 3_c2(vicinity) | 3_c2(vicinity) | 4_c2(vicinity) | 3_c2(vicinity) | 2_c1(local) | 2_c1(local) | 1_c1(local) | 1_c1(local) | 1_c1(local) | 1_c1(local)
1157,997,9.97,16.0,16,Stable,6_c3(global) | 5_c3(global) | 6_c3(global) | 5_c3(global) | 4_c2(vicinity) | 3_c2(vicinity) | 3_c2(vicinity) | 3_c2(vicinity) | 4_c2(vicinity) | 3_c2(vicinity) | 2_c1(local) | 2_c1(local) | 1_c1(local) | 1_c1(local) | 1_c1(local) | 1_c1(local)
1158,1083,10.83,16.0,16,Stable,6_c3(global) | 5_c3(global) | 6_c3(global) | 5_c3(global) | 4_c2(vicinity) | 3_c2(vicinity) | 3_c2(vicinity) | 3_c2(vicinity) | 4_c2(vicinity) | 3_c2(vicinity) | 2_c1(local) | 2_c1(local) | 1_c1(local) | 1_c1(local) | 1_c1(local) | 1_c1(local)
1159,1247,12.47,16.0,16,Stable,6_c3(global) | 5_c3(global) | 6_c3(global) | 5_c3(global) | 4_c2(vicinity) | 3_c2(vicinity) | 3_c2(vicinity) | 3_c2(vicinity) | 4_c2(vicinity) | 3_c2(vicinity) | 2_c1(local) | 2_c1(local) | 1_c1(local) | 1_c1(local) | 1_c1(local) | 1_c1(local)
1160,1498,14.98,16.0,16,Stable,6_c3(global) | 5_c3(global) | 6_c3(global) | 5_c3(global) | 4_c2(vicinity) | 3_c2(vicinity) | 3_c2(vicinity) | 3_c2(vicinity) | 4_c2(vicinity) | 3_c2(vicinity) | 2_c1(local) | 2_c1(local) | 1_c1(local) | 1_c1(local) | 1_c1(local) | 1_c1(local)
1161,1221,12.21,16.0,16,Stable,6_c3(global) | 5_c3(global) | 6_c3(global) | 5_c3(global) | 4_c2(vicinity) | 3_c2(vicinity) | 3_c2(vicinity) | 3_c2(vicinity) | 4_c2(vicinity) | 3_c2(vicinity) | 2_c1(local) | 2_c1(local) | 1_c1(local) | 1_c1(local) | 1_c1(local) | 1_c1(local)
1162,1081,10.81,16.0,16,Stable,6_c3(global) | 5_c3(global) | 6_c3(global) | 5_c3(global) | 4_c2(vicinity) | 3_c2(vicinity) | 3_c2(vicinity) | 3_c2(vicinity) | 4_c2(vicinity) | 3_c2(vicinity) | 2_c1(local) | 2_c1(local) | 1_c1(local) | 1_c1(local) | 1_c1(local) | 1_c1(local)
1163,1174,11.74,16.0,16,Stable,6_c3(global) | 5_c3(global) | 6_c3(global) | 5_c3(global) | 4_c2(vicinity) | 3_c2(vicinity) | 3_c2(vicinity) | 3_c2(vicinity) | 4_c2(vicinity) | 3_c2(vicinity) | 2_c1(local) | 2_c1(local) | 1_c1(local) | 1_c1(local) | 1_c1(local) | 1_c1(local)
1164,1235,12.35,16.0,16,Stable,6_c3(global) | 5_c3(global) | 6_c3(global) | 5_c3(global) | 4_c2(vicinity) | 3_c2(vicinity) | 3_c2(vicinity) | 3_c2(vicinity) | 4_c2(vicinity) | 3_c2(vicinity) | 2_c1(local) | 2_c1(local) | 1_c1(local) | 1_c1(local) | 1_c1(local) | 1_c1(local)
1165,1293,12.93,16.0,16,Stable,6_c3(global) | 5_c3(global) | 6_c3(global) | 5_c3(global) | 4_c2(vicinity) | 3_c2(vicinity) | 3_c2(vicinity) | 3_c2(vicinity) | 4_c2(vicinity) | 3_c2(vicinity) | 2_c1(local) | 2_c1(local) | 1_c1(local) | 1_c1(local) | 1_c1(local) | 1_c1(local)
1166,1291,12.91,16.0,16,Stable,6_c3(global) | 5_c3(global) | 6_c3(global) | 5_c3(global) | 4_c2(vicinity) | 3_c2(vicinity) | 3_c2(vicinity) | 3_c2(vicinity) | 4_c2(vicinity) | 3_c2(vicinity) | 2_c1(local) | 2_c1(local) | 1_c1(local) | 1_c1(local) | 1_c1(local) | 1_c1(local)
1167,1066,10.66,16.0,16,Stable,6_c3(global) | 5_c3(global) | 6_c3(global) | 5_c3(global) | 4_c2(vicinity) | 3_c2(vicinity) | 3_c2(vicinity) | 3_c2(vicinity) | 4_c2(vicinity) | 3_c2(vicinity) | 2_c1(local) | 2_c1(local) | 1_c1(local) | 1_c1(local) | 1_c1(local) | 1_c1(local)
1168,906,9.06,16.0,16,Stable,6_c3(global) | 5_c3(global) | 6_c3(global) | 5_c3(global) | 4_c2(vicinity) | 3_c2(vicinity) | 3_c2(vicinity) | 3_c2(vicinity) | 4_c2(vicinity) | 3_c2(vicinity) | 2_c1(local) | 2_c1(local) | 1_c1(local) | 1_c1(local) | 1_c1(local) | 1_c1(local)
1169,1179,11.79,16.0,16,Stable,6_c3(global) | 5_c3(global) | 6_c3(global) | 5_c3(global) | 4_c2(vicinity) | 3_c2(vicinity) | 3_c2(vicinity) | 3_c2(vicinity) | 4_c2(vicinity) | 3_c2(vicinity) | 2_c1(local) | 2_c1(local) | 1_c1(local) | 1_c1(local) | 1_c1(local) | 1_c1(local)
1170,1243,12.43,16.0,16,Stable,6_c3(global) | 5_c3(global) | 6_c3(global) | 5_c3(global) | 4_c2(vicinity) | 3_c2(vicinity) | 3_c2(vicinity) | 3_c2(vicinity) | 4_c2(vicinity) | 3_c2(vicinity) | 2_c1(local) | 2_c1(local) | 1_c1(local) | 1_c1(local) | 1_c1(local) | 1_c1(local)
1171,1110,11.1,16.0,16,Stable,6_c3(global) | 5_c3(global) | 6_c3(global) | 5_c3(global) | 4_c2(vicinity) | 3_c2(vicinity) | 3_c2(vicinity) | 3_c2(vicinity) | 4_c2(vicinity) | 3_c2(vicinity) | 2_c1(local) | 2_c1(local) | 1_c1(local) | 1_c1(local) | 1_c1(local) | 1_c1(local)
1172,1324,13.24,16.0,16,Stable,6_c3(global) | 5_c3(global) | 6_c3(global) | 5_c3(global) | 4_c2(vicinity) | 3_c2(vicinity) | 3_c2(vicinity) | 3_c2(vicinity) | 4_c2(vicinity) | 3_c2(vicinity) | 2_c1(local) | 2_c1(local) | 1_c1(local) | 1_c1(local) | 1_c1(local) | 1_c1(local)
1173,1398,13.98,16.0,16,Stable,6_c3(global) | 5_c3(global) | 6_c3(global) | 5_c3(global) | 4_c2(vicinity) | 3_c2(vicinity) | 3_c2(vicinity) | 3_c2(vicinity) | 4_c2(vicinity) | 3_c2(vicinity) | 2_c1(local) | 2_c1(local) | 1_c1(local) | 1_c1(local) | 1_c1(local) | 1_c1(local)
1174,1396,13.96,16.0,16,Stable,6_c3(global) | 5_c3(global) | 6_c3(global) | 5_c3(global) | 4_c2(vicinity) | 3_c2(vicinity) | 3_c2(vicinity) | 3_c2(vicinity) | 4_c2(vicinity) | 3_c2(vicinity) | 2_c1(local) | 2_c1(local) | 1_c1(local) | 1_c1(local) | 1_c1(local) | 1_c1(local)
1175,1865,18.65,18.0,18,Scaled GLOBAL: 5_c3 + Scaled GLOBAL: 5_c3 + Scale UP FAILED - System Saturated,6_c3(global) | 5_c3(global) | 6_c3(global) | 5_c3(global) | 4_c2(vicinity) | 3_c2(vicinity) | 3_c2(vicinity) | 3_c2(vicinity) | 4_c2(vicinity) | 3_c2(vicinity) | 2_c1(local) | 2_c1(local) | 1_c1(local) | 1_c1(local) | 1_c1(local) | 1_c1(local) | 5_c3(global) | 5_c3(global)
1176,1503,15.03,18.0,18,Stable,6_c3(global) | 5_c3(global) | 6_c3(global) | 5_c3(global) | 5_c3(global) | 5_c3(global) | 4_c2(vicinity) | 3_c2(vicinity) | 3_c2(vicinity) | 3_c2(vicinity) | 4_c2(vicinity) | 3_c2(vicinity) | 2_c1(local) | 2_c1(local) | 1_c1(local) | 1_c1(local) | 1_c1(local) | 1_c1(local)
1177,1206,12.06,18.0,18,Stable,6_c3(global) | 5_c3(global) | 6_c3(global) | 5_c3(global) | 5_c3(global) | 5_c3(global) | 4_c2(vicinity) | 3_c2(vicinity) | 3_c2(vicinity) | 3_c2(vicinity) | 4_c2(vicinity) | 3_c2(vicinity) | 2_c1(local) | 2_c1(local) | 1_c1(local) | 1_c1(local) | 1_c1(local) | 1_c1(local)
1178,1155,11.55,18.0,18,Stable,6_c3(global) | 5_c3(global) | 6_c3(global) | 5_c3(global) | 5_c3(global) | 5_c3(global) | 4_c2(vicinity) | 3_c2(vicinity) | 3_c2(vicinity) | 3_c2(vicinity) | 4_c2(vicinity) | 3_c2(vicinity) | 2_c1(local) | 2_c1(local) | 1_c1(local) | 1_c1(local) | 1_c1(local) | 1_c1(local)
1179,1132,11.32,18.0,18,Stable,6_c3(global) | 5_c3(global) | 6_c3(global) | 5_c3(global) | 5_c3(global) | 5_c3(global) | 4_c2(vicinity) | 3_c2(vicinity) | 3_c2(vicinity) | 3_c2(vicinity) | 4_c2(vicinity) | 3_c2(vicinity) | 2_c1(local) | 2_c1(local) | 1_c1(local) | 1_c1(local) | 1_c1(local) | 1_c1(local)
1180,1339,13.39,18.0,18,Stable,6_c3(global) | 5_c3(global) | 6_c3(global) | 5_c3(global) | 5_c3(global) | 5_c3(global) | 4_c2(vicinity) | 3_c2(vicinity) | 3_c2(vicinity) | 3_c2(vicinity) | 4_c2(vicinity) | 3_c2(vicinity) | 2_c1(local) | 2_c1(local) | 1_c1(local) | 1_c1(local) | 1_c1(local) | 1_c1(local)
1181,1438,14.38,18.0,18,Stable,6_c3(global) | 5_c3(global) | 6_c3(global) | 5_c3(global) | 5_c3(global) | 5_c3(global) | 4_c2(vicinity) | 3_c2(vicinity) | 3_c2(vicinity) | 3_c2(vicinity) | 4_c2(vicinity) | 3_c2(vicinity) | 2_c1(local) | 2_c1(local) | 1_c1(local) | 1_c1(local) | 1_c1(local) | 1_c1(local)
1182,1180,11.8,18.0,18,Stable,6_c3(global) | 5_c3(global) | 6_c3(global) | 5_c3(global) | 5_c3(global) | 5_c3(global) | 4_c2(vicinity) | 3_c2(vicinity) | 3_c2(vicinity) | 3_c2(vicinity) | 4_c2(vicinity) | 3_c2(vicinity) | 2_c1(local) | 2_c1(local) | 1_c1(local) | 1_c1(local) | 1_c1(local) | 1_c1(local)
1183,1366,13.66,18.0,18,Stable,6_c3(global) | 5_c3(global) | 6_c3(global) | 5_c3(global) | 5_c3(global) | 5_c3(global) | 4_c2(vicinity) | 3_c2(vicinity) | 3_c2(vicinity) | 3_c2(vicinity) | 4_c2(vicinity) | 3_c2(vicinity) | 2_c1(local) | 2_c1(local) | 1_c1(local) | 1_c1(local) | 1_c1(local) | 1_c1(local)
1184,1299,12.99,18.0,18,Stable,6_c3(global) | 5_c3(global) | 6_c3(global) | 5_c3(global) | 5_c3(global) | 5_c3(global) | 4_c2(vicinity) | 3_c2(vicinity) | 3_c2(vicinity) | 3_c2(vicinity) | 4_c2(vicinity) | 3_c2(vicinity) | 2_c1(local) | 2_c1(local) | 1_c1(local) | 1_c1(local) | 1_c1(local) | 1_c1(local)
1185,1214,12.14,18.0,18,Stable,6_c3(global) | 5_c3(global) | 6_c3(global) | 5_c3(global) | 5_c3(global) | 5_c3(global) | 4_c2(vicinity) | 3_c2(vicinity) | 3_c2(vicinity) | 3_c2(vicinity) | 4_c2(vicinity) | 3_c2(vicinity) | 2_c1(local) | 2_c1(local) | 1_c1(local) | 1_c1(local) | 1_c1(local) | 1_c1(local)
1186,1023,10.23,18.0,18,Stable,6_c3(global) | 5_c3(global) | 6_c3(global) | 5_c3(global) | 5_c3(global) | 5_c3(global) | 4_c2(vicinity) | 3_c2(vicinity) | 3_c2(vicinity) | 3_c2(vicinity) | 4_c2(vicinity) | 3_c2(vicinity) | 2_c1(local) | 2_c1(local) | 1_c1(local) | 1_c1(local) | 1_c1(local) | 1_c1(local)
1187,998,9.98,18.0,18,Stable,6_c3(global) | 5_c3(global) | 6_c3(global) | 5_c3(global) | 5_c3(global) | 5_c3(global) | 4_c2(vicinity) | 3_c2(vicinity) | 3_c2(vicinity) | 3_c2(vicinity) | 4_c2(vicinity) | 3_c2(vicinity) | 2_c1(local) | 2_c1(local) | 1_c1(local) | 1_c1(local) | 1_c1(local) | 1_c1(local)
1188,1056,10.56,18.0,18,Stable,6_c3(global) | 5_c3(global) | 6_c3(global) | 5_c3(global) | 5_c3(global) | 5_c3(global) | 4_c2(vicinity) | 3_c2(vicinity) | 3_c2(vicinity) | 3_c2(vicinity) | 4_c2(vicinity) | 3_c2(vicinity) | 2_c1(local) | 2_c1(local) | 1_c1(local) | 1_c1(local) | 1_c1(local) | 1_c1(local)
1189,967,9.67,18.0,18,Stable,6_c3(global) | 5_c3(global) | 6_c3(global) | 5_c3(global) | 5_c3(global) | 5_c3(global) | 4_c2(vicinity) | 3_c2(vicinity) | 3_c2(vicinity) | 3_c2(vicinity) | 4_c2(vicinity) | 3_c2(vicinity) | 2_c1(local) | 2_c1(local) | 1_c1(local) | 1_c1(local) | 1_c1(local) | 1_c1(local)
1190,881,8.81,18.0,18,Stable,6_c3(global) | 5_c3(global) | 6_c3(global) | 5_c3(global) | 5_c3(global) | 5_c3(global) | 4_c2(vicinity) | 3_c2(vicinity) | 3_c2(vicinity) | 3_c2(vicinity) | 4_c2(vicinity) | 3_c2(vicinity) | 2_c1(local) | 2_c1(local) | 1_c1(local) | 1_c1(local) | 1_c1(local) | 1_c1(local)
1191,709,7.09,18.0,18,Stable,6_c3(global) | 5_c3(global) | 6_c3(global) | 5_c3(global) | 5_c3(global) | 5_c3(global) | 4_c2(vicinity) | 3_c2(vicinity) | 3_c2(vicinity) | 3_c2(vicinity) | 4_c2(vicinity) | 3_c2(vicinity) | 2_c1(local) | 2_c1(local) | 1_c1(local) | 1_c1(local) | 1_c1(local) | 1_c1(local)
1192,896,8.96,18.0,18,Stable,6_c3(global) | 5_c3(global) | 6_c3(global) | 5_c3(global) | 5_c3(global) | 5_c3(global) | 4_c2(vicinity) | 3_c2(vicinity) | 3_c2(vicinity) | 3_c2(vicinity) | 4_c2(vicinity) | 3_c2(vicinity) | 2_c1(local) | 2_c1(local) | 1_c1(local) | 1_c1(local) | 1_c1(local) | 1_c1(local)
1193,971,9.71,18.0,18,Stable,6_c3(global) | 5_c3(global) | 6_c3(global) | 5_c3(global) | 5_c3(global) | 5_c3(global) | 4_c2(vicinity) | 3_c2(vicinity) | 3_c2(vicinity) | 3_c2(vicinity) | 4_c2(vicinity) | 3_c2(vicinity) | 2_c1(local) | 2_c1(local) | 1_c1(local) | 1_c1(local) | 1_c1(local) | 1_c1(local)
1194,908,9.08,18.0,18,Stable,6_c3(global) | 5_c3(global) | 6_c3(global) | 5_c3(global) | 5_c3(global) | 5_c3(global) | 4_c2(vicinity) | 3_c2(vicinity) | 3_c2(vicinity) | 3_c2(vicinity) | 4_c2(vicinity) | 3_c2(vicinity) | 2_c1(local) | 2_c1(local) | 1_c1(local) | 1_c1(local) | 1_c1(local) | 1_c1(local)
1195,1023,10.23,18.0,18,Stable,6_c3(global) | 5_c3(global) | 6_c3(global) | 5_c3(global) | 5_c3(global) | 5_c3(global) | 4_c2(vicinity) | 3_c2(vicinity) | 3_c2(vicinity) | 3_c2(vicinity) | 4_c2(vicinity) | 3_c2(vicinity) | 2_c1(local) | 2_c1(local) | 1_c1(local) | 1_c1(local) | 1_c1(local) | 1_c1(local)
1196,939,9.39,18.0,18,Stable,6_c3(global) | 5_c3(global) | 6_c3(global) | 5_c3(global) | 5_c3(global) | 5_c3(global) | 4_c2(vicinity) | 3_c2(vicinity) | 3_c2(vicinity) | 3_c2(vicinity) | 4_c2(vicinity) | 3_c2(vicinity) | 2_c1(local) | 2_c1(local) | 1_c1(local) | 1_c1(local) | 1_c1(local) | 1_c1(local)
1197,1332,13.32,18.0,18,Stable,6_c3(global) | 5_c3(global) | 6_c3(global) | 5_c3(global) | 5_c3(global) | 5_c3(global) | 4_c2(vicinity) | 3_c2(vicinity) | 3_c2(vicinity) | 3_c2(vicinity) | 4_c2(vicinity) | 3_c2(vicinity) | 2_c1(local) | 2_c1(local) | 1_c1(local) | 1_c1(local) | 1_c1(local) | 1_c1(local)
1198,1021,10.21,18.0,18,Stable,6_c3(global) | 5_c3(global) | 6_c3(global) | 5_c3(global) | 5_c3(global) | 5_c3(global) | 4_c2(vicinity) | 3_c2(vicinity) | 3_c2(vicinity) | 3_c2(vicinity) | 4_c2(vicinity) | 3_c2(vicinity) | 2_c1(local) | 2_c1(local) | 1_c1(local) | 1_c1(local) | 1_c1(local) | 1_c1(local)
1199,1116,11.16,18.0,18,Stable,6_c3(global) | 5_c3(global) | 6_c3(global) | 5_c3(global) | 5_c3(global) | 5_c3(global) | 4_c2(vicinity) | 3_c2(vicinity) | 3_c2(vicinity) | 3_c2(vicinity) | 4_c2(vicinity) | 3_c2(vicinity) | 2_c1(local) | 2_c1(local) | 1_c1(local) | 1_c1(local) | 1_c1(local) | 1_c1(local)
1200,1128,11.28,18.0,18,Stable,6_c3(global) | 5_c3(global) | 6_c3(global) | 5_c3(global) | 5_c3(global) | 5_c3(global) | 4_c2(vicinity) | 3_c2(vicinity) | 3_c2(vicinity) | 3_c2(vicinity) | 4_c2(vicinity) | 3_c2(vicinity) | 2_c1(local) | 2_c1(local) | 1_c1(local) | 1_c1(local) | 1_c1(local) | 1_c1(local)
1201,890,8.9,18.0,18,Stable,6_c3(global) | 5_c3(global) | 6_c3(global) | 5_c3(global) | 5_c3(global) | 5_c3(global) | 4_c2(vicinity) | 3_c2(vicinity) | 3_c2(vicinity) | 3_c2(vicinity) | 4_c2(vicinity) | 3_c2(vicinity) | 2_c1(local) | 2_c1(local) | 1_c1(local) | 1_c1(local) | 1_c1(local) | 1_c1(local)
1202,1052,10.52,18.0,18,Stable,6_c3(global) | 5_c3(global) | 6_c3(global) | 5_c3(global) | 5_c3(global) | 5_c3(global) | 4_c2(vicinity) | 3_c2(vicinity) | 3_c2(vicinity) | 3_c2(vicinity) | 4_c2(vicinity) | 3_c2(vicinity) | 2_c1(local) | 2_c1(local) | 1_c1(local) | 1_c1(local) | 1_c1(local) | 1_c1(local)
1203,773,7.73,18.0,18,Stable,6_c3(global) | 5_c3(global) | 6_c3(global) | 5_c3(global) | 5_c3(global) | 5_c3(global) | 4_c2(vicinity) | 3_c2(vicinity) | 3_c2(vicinity) | 3_c2(vicinity) | 4_c2(vicinity) | 3_c2(vicinity) | 2_c1(local) | 2_c1(local) | 1_c1(local) | 1_c1(local) | 1_c1(local) | 1_c1(local)
1204,832,8.32,18.0,18,Stable,6_c3(global) | 5_c3(global) | 6_c3(global) | 5_c3(global) | 5_c3(global) | 5_c3(global) | 4_c2(vicinity) | 3_c2(vicinity) | 3_c2(vicinity) | 3_c2(vicinity) | 4_c2(vicinity) | 3_c2(vicinity) | 2_c1(local) | 2_c1(local) | 1_c1(local) | 1_c1(local) | 1_c1(local) | 1_c1(local)
1205,908,9.08,18.0,18,Stable,6_c3(global) | 5_c3(global) | 6_c3(global) | 5_c3(global) | 5_c3(global) | 5_c3(global) | 4_c2(vicinity) | 3_c2(vicinity) | 3_c2(vicinity) | 3_c2(vicinity) | 4_c2(vicinity) | 3_c2(vicinity) | 2_c1(local) | 2_c1(local) | 1_c1(local) | 1_c1(local) | 1_c1(local) | 1_c1(local)
1206,1018,10.18,18.0,18,Stable,6_c3(global) | 5_c3(global) | 6_c3(global) | 5_c3(global) | 5_c3(global) | 5_c3(global) | 4_c2(vicinity) | 3_c2(vicinity) | 3_c2(vicinity) | 3_c2(vicinity) | 4_c2(vicinity) | 3_c2(vicinity) | 2_c1(local) | 2_c1(local) | 1_c1(local) | 1_c1(local) | 1_c1(local) | 1_c1(local)
1207,1307,13.07,18.0,18,Stable,6_c3(global) | 5_c3(global) | 6_c3(global) | 5_c3(global) | 5_c3(global) | 5_c3(global) | 4_c2(vicinity) | 3_c2(vicinity) | 3_c2(vicinity) | 3_c2(vicinity) | 4_c2(vicinity) | 3_c2(vicinity) | 2_c1(local) | 2_c1(local) | 1_c1(local) | 1_c1(local) | 1_c1(local) | 1_c1(local)
1208,1222,12.22,18.0,18,Stable,6_c3(global) | 5_c3(global) | 6_c3(global) | 5_c3(global) | 5_c3(global) | 5_c3(global) | 4_c2(vicinity) | 3_c2(vicinity) | 3_c2(vicinity) | 3_c2(vicinity) | 4_c2(vicinity) | 3_c2(vicinity) | 2_c1(local) | 2_c1(local) | 1_c1(local) | 1_c1(local) | 1_c1(local) | 1_c1(local)
1209,1232,12.32,18.0,18,Stable,6_c3(global) | 5_c3(global) | 6_c3(global) | 5_c3(global) | 5_c3(global) | 5_c3(global) | 4_c2(vicinity) | 3_c2(vicinity) | 3_c2(vicinity) | 3_c2(vicinity) | 4_c2(vicinity) | 3_c2(vicinity) | 2_c1(local) | 2_c1(local) | 1_c1(local) | 1_c1(local) | 1_c1(local) | 1_c1(local)
1210,1331,13.31,18.0,18,Stable,6_c3(global) | 5_c3(global) | 6_c3(global) | 5_c3(global) | 5_c3(global) | 5_c3(global) | 4_c2(vicinity) | 3_c2(vicinity) | 3_c2(vicinity) | 3_c2(vicinity) | 4_c2(vicinity) | 3_c2(vicinity) | 2_c1(local) | 2_c1(local) | 1_c1(local) | 1_c1(local) | 1_c1(local) | 1_c1(local)
1211,1397,13.97,18.0,18,Stable,6_c3(global) | 5_c3(global) | 6_c3(global) | 5_c3(global) | 5_c3(global) | 5_c3(global) | 4_c2(vicinity) | 3_c2(vicinity) | 3_c2(vicinity) | 3_c2(vicinity) | 4_c2(vicinity) | 3_c2(vicinity) | 2_c1(local) | 2_c1(local) | 1_c1(local) | 1_c1(local) | 1_c1(local) | 1_c1(local)
1212,1291,12.91,18.0,18,Stable,6_c3(global) | 5_c3(global) | 6_c3(global) | 5_c3(global) | 5_c3(global) | 5_c3(global) | 4_c2(vicinity) | 3_c2(vicinity) | 3_c2(vicinity) | 3_c2(vicinity) | 4_c2(vicinity) | 3_c2(vicinity) | 2_c1(local) | 2_c1(local) | 1_c1(local) | 1_c1(local) | 1_c1(local) | 1_c1(local)
1213,1170,11.7,18.0,18,Stable,6_c3(global) | 5_c3(global) | 6_c3(global) | 5_c3(global) | 5_c3(global) | 5_c3(global) | 4_c2(vicinity) | 3_c2(vicinity) | 3_c2(vicinity) | 3_c2(vicinity) | 4_c2(vicinity) | 3_c2(vicinity) | 2_c1(local) | 2_c1(local) | 1_c1(local) | 1_c1(local) | 1_c1(local) | 1_c1(local)
1214,1336,13.36,18.0,18,Stable,6_c3(global) | 5_c3(global) | 6_c3(global) | 5_c3(global) | 5_c3(global) | 5_c3(global) | 4_c2(vicinity) | 3_c2(vicinity) | 3_c2(vicinity) | 3_c2(vicinity) | 4_c2(vicinity) | 3_c2(vicinity) | 2_c1(local) | 2_c1(local) | 1_c1(local) | 1_c1(local) | 1_c1(local) | 1_c1(local)
1215,1371,13.71,18.0,18,Stable,6_c3(global) | 5_c3(global) | 6_c3(global) | 5_c3(global) | 5_c3(global) | 5_c3(global) | 4_c2(vicinity) | 3_c2(vicinity) | 3_c2(vicinity) | 3_c2(vicinity) | 4_c2(vicinity) | 3_c2(vicinity) | 2_c1(local) | 2_c1(local) | 1_c1(local) | 1_c1(local) | 1_c1(local) | 1_c1(local)
1216,1444,14.44,18.0,18,Stable,6_c3(global) | 5_c3(global) | 6_c3(global) | 5_c3(global) | 5_c3(global) | 5_c3(global) | 4_c2(vicinity) | 3_c2(vicinity) | 3_c2(vicinity) | 3_c2(vicinity) | 4_c2(vicinity) | 3_c2(vicinity) | 2_c1(local) | 2_c1(local) | 1_c1(local) | 1_c1(local) | 1_c1(local) | 1_c1(local)
1217,1146,11.46,18.0,18,Stable,6_c3(global) | 5_c3(global) | 6_c3(global) | 5_c3(global) | 5_c3(global) | 5_c3(global) | 4_c2(vicinity) | 3_c2(vicinity) | 3_c2(vicinity) | 3_c2(vicinity) | 4_c2(vicinity) | 3_c2(vicinity) | 2_c1(local) | 2_c1(local) | 1_c1(local) | 1_c1(local) | 1_c1(local) | 1_c1(local)
1218,1248,12.48,18.0,18,Stable,6_c3(global) | 5_c3(global) | 6_c3(global) | 5_c3(global) | 5_c3(global) | 5_c3(global) | 4_c2(vicinity) | 3_c2(vicinity) | 3_c2(vicinity) | 3_c2(vicinity) | 4_c2(vicinity) | 3_c2(vicinity) | 2_c1(local) | 2_c1(local) | 1_c1(local) | 1_c1(local) | 1_c1(local) | 1_c1(local)
1219,1366,13.66,18.0,18,Stable,6_c3(global) | 5_c3(global) | 6_c3(global) | 5_c3(global) | 5_c3(global) | 5_c3(global) | 4_c2(vicinity) | 3_c2(vicinity) | 3_c2(vicinity) | 3_c2(vicinity) | 4_c2(vicinity) | 3_c2(vicinity) | 2_c1(local) | 2_c1(local) | 1_c1(local) | 1_c1(local) | 1_c1(local) | 1_c1(local)
1220,1488,14.88,18.0,18,Stable,6_c3(global) | 5_c3(global) | 6_c3(global) | 5_c3(global) | 5_c3(global) | 5_c3(global) | 4_c2(vicinity) | 3_c2(vicinity) | 3_c2(vicinity) | 3_c2(vicinity) | 4_c2(vicinity) | 3_c2(vicinity) | 2_c1(local) | 2_c1(local) | 1_c1(local) | 1_c1(local) | 1_c1(local) | 1_c1(local)
1221,1432,14.32,18.0,18,Stable,6_c3(global) | 5_c3(global) | 6_c3(global) | 5_c3(global) | 5_c3(global) | 5_c3(global) | 4_c2(vicinity) | 3_c2(vicinity) | 3_c2(vicinity) | 3_c2(vicinity) | 4_c2(vicinity) | 3_c2(vicinity) | 2_c1(local) | 2_c1(local) | 1_c1(local) | 1_c1(local) | 1_c1(local) | 1_c1(local)
1222,1308,13.08,18.0,18,Stable,6_c3(global) | 5_c3(global) | 6_c3(global) | 5_c3(global) | 5_c3(global) | 5_c3(global) | 4_c2(vicinity) | 3_c2(vicinity) | 3_c2(vicinity) | 3_c2(vicinity) | 4_c2(vicinity) | 3_c2(vicinity) | 2_c1(local) | 2_c1(local) | 1_c1(local) | 1_c1(local) | 1_c1(local) | 1_c1(local)
1223,1192,11.92,18.0,18,Stable,6_c3(global) | 5_c3(global) | 6_c3(global) | 5_c3(global) | 5_c3(global) | 5_c3(global) | 4_c2(vicinity) | 3_c2(vicinity) | 3_c2(vicinity) | 3_c2(vicinity) | 4_c2(vicinity) | 3_c2(vicinity) | 2_c1(local) | 2_c1(local) | 1_c1(local) | 1_c1(local) | 1_c1(local) | 1_c1(local)
1224,1234,12.34,18.0,18,Stable,6_c3(global) | 5_c3(global) | 6_c3(global) | 5_c3(global) | 5_c3(global) | 5_c3(global) | 4_c2(vicinity) | 3_c2(vicinity) | 3_c2(vicinity) | 3_c2(vicinity) | 4_c2(vicinity) | 3_c2(vicinity) | 2_c1(local) | 2_c1(local) | 1_c1(local) | 1_c1(local) | 1_c1(local) | 1_c1(local)
1225,1323,13.23,18.0,18,Stable,6_c3(global) | 5_c3(global) | 6_c3(global) | 5_c3(global) | 5_c3(global) | 5_c3(global) | 4_c2(vicinity) | 3_c2(vicinity) | 3_c2(vicinity) | 3_c2(vicinity) | 4_c2(vicinity) | 3_c2(vicinity) | 2_c1(local) | 2_c1(local) | 1_c1(local) | 1_c1(local) | 1_c1(local) | 1_c1(local)
1226,1255,12.55,18.0,18,Stable,6_c3(global) | 5_c3(global) | 6_c3(global) | 5_c3(global) | 5_c3(global) | 5_c3(global) | 4_c2(vicinity) | 3_c2(vicinity) | 3_c2(vicinity) | 3_c2(vicinity) | 4_c2(vicinity) | 3_c2(vicinity) | 2_c1(local) | 2_c1(local) | 1_c1(local) | 1_c1(local) | 1_c1(local) | 1_c1(local)
1227,1302,13.02,18.0,18,Stable,6_c3(global) | 5_c3(global) | 6_c3(global) | 5_c3(global) | 5_c3(global) | 5_c3(global) | 4_c2(vicinity) | 3_c2(vicinity) | 3_c2(vicinity) | 3_c2(vicinity) | 4_c2(vicinity) | 3_c2(vicinity) | 2_c1(local) | 2_c1(local) | 1_c1(local) | 1_c1(local) | 1_c1(local) | 1_c1(local)
1228,1233,12.33,18.0,18,Stable,6_c3(global) | 5_c3(global) | 6_c3(global) | 5_c3(global) | 5_c3(global) | 5_c3(global) | 4_c2(vicinity) | 3_c2(vicinity) | 3_c2(vicinity) | 3_c2(vicinity) | 4_c2(vicinity) | 3_c2(vicinity) | 2_c1(local) | 2_c1(local) | 1_c1(local) | 1_c1(local) | 1_c1(local) | 1_c1(local)
1229,1317,13.17,18.0,18,Stable,6_c3(global) | 5_c3(global) | 6_c3(global) | 5_c3(global) | 5_c3(global) | 5_c3(global) | 4_c2(vicinity) | 3_c2(vicinity) | 3_c2(vicinity) | 3_c2(vicinity) | 4_c2(vicinity) | 3_c2(vicinity) | 2_c1(local) | 2_c1(local) | 1_c1(local) | 1_c1(local) | 1_c1(local) | 1_c1(local)
1230,1128,11.28,18.0,18,Stable,6_c3(global) | 5_c3(global) | 6_c3(global) | 5_c3(global) | 5_c3(global) | 5_c3(global) | 4_c2(vicinity) | 3_c2(vicinity) | 3_c2(vicinity) | 3_c2(vicinity) | 4_c2(vicinity) | 3_c2(vicinity) | 2_c1(local) | 2_c1(local) | 1_c1(local) | 1_c1(local) | 1_c1(local) | 1_c1(local)
1231,1211,12.11,18.0,18,Stable,6_c3(global) | 5_c3(global) | 6_c3(global) | 5_c3(global) | 5_c3(global) | 5_c3(global) | 4_c2(vicinity) | 3_c2(vicinity) | 3_c2(vicinity) | 3_c2(vicinity) | 4_c2(vicinity) | 3_c2(vicinity) | 2_c1(local) | 2_c1(local) | 1_c1(local) | 1_c1(local) | 1_c1(local) | 1_c1(local)
1232,965,9.65,18.0,18,Stable,6_c3(global) | 5_c3(global) | 6_c3(global) | 5_c3(global) | 5_c3(global) | 5_c3(global) | 4_c2(vicinity) | 3_c2(vicinity) | 3_c2(vicinity) | 3_c2(vicinity) | 4_c2(vicinity) | 3_c2(vicinity) | 2_c1(local) | 2_c1(local) | 1_c1(local) | 1_c1(local) | 1_c1(local) | 1_c1(local)
1233,1177,11.77,18.0,18,Stable,6_c3(global) | 5_c3(global) | 6_c3(global) | 5_c3(global) | 5_c3(global) | 5_c3(global) | 4_c2(vicinity) | 3_c2(vicinity) | 3_c2(vicinity) | 3_c2(vicinity) | 4_c2(vicinity) | 3_c2(vicinity) | 2_c1(local) | 2_c1(local) | 1_c1(local) | 1_c1(local) | 1_c1(local) | 1_c1(local)
1234,1107,11.07,18.0,18,Stable,6_c3(global) | 5_c3(global) | 6_c3(global) | 5_c3(global) | 5_c3(global) | 5_c3(global) | 4_c2(vicinity) | 3_c2(vicinity) | 3_c2(vicinity) | 3_c2(vicinity) | 4_c2(vicinity) | 3_c2(vicinity) | 2_c1(local) | 2_c1(local) | 1_c1(local) | 1_c1(local) | 1_c1(local) | 1_c1(local)
1235,1443,14.43,18.0,18,Stable,6_c3(global) | 5_c3(global) | 6_c3(global) | 5_c3(global) | 5_c3(global) | 5_c3(global) | 4_c2(vicinity) | 3_c2(vicinity) | 3_c2(vicinity) | 3_c2(vicinity) | 4_c2(vicinity) | 3_c2(vicinity) | 2_c1(local) | 2_c1(local) | 1_c1(local) | 1_c1(local) | 1_c1(local) | 1_c1(local)
1236,1130,11.3,18.0,18,Stable,6_c3(global) | 5_c3(global) | 6_c3(global) | 5_c3(global) | 5_c3(global) | 5_c3(global) | 4_c2(vicinity) | 3_c2(vicinity) | 3_c2(vicinity) | 3_c2(vicinity) | 4_c2(vicinity) | 3_c2(vicinity) | 2_c1(local) | 2_c1(local) | 1_c1(local) | 1_c1(local) | 1_c1(local) | 1_c1(local)
1237,1393,13.93,18.0,18,Stable,6_c3(global) | 5_c3(global) | 6_c3(global) | 5_c3(global) | 5_c3(global) | 5_c3(global) | 4_c2(vicinity) | 3_c2(vicinity) | 3_c2(vicinity) | 3_c2(vicinity) | 4_c2(vicinity) | 3_c2(vicinity) | 2_c1(local) | 2_c1(local) | 1_c1(local) | 1_c1(local) | 1_c1(local) | 1_c1(local)
1238,1201,12.01,18.0,18,Stable,6_c3(global) | 5_c3(global) | 6_c3(global) | 5_c3(global) | 5_c3(global) | 5_c3(global) | 4_c2(vicinity) | 3_c2(vicinity) | 3_c2(vicinity) | 3_c2(vicinity) | 4_c2(vicinity) | 3_c2(vicinity) | 2_c1(local) | 2_c1(local) | 1_c1(local) | 1_c1(local) | 1_c1(local) | 1_c1(local)
1239,1206,12.06,18.0,18,Stable,6_c3(global) | 5_c3(global) | 6_c3(global) | 5_c3(global) | 5_c3(global) | 5_c3(global) | 4_c2(vicinity) | 3_c2(vicinity) | 3_c2(vicinity) | 3_c2(vicinity) | 4_c2(vicinity) | 3_c2(vicinity) | 2_c1(local) | 2_c1(local) | 1_c1(local) | 1_c1(local) | 1_c1(local) | 1_c1(local)
1240,1306,13.06,18.0,18,Stable,6_c3(global) | 5_c3(global) | 6_c3(global) | 5_c3(global) | 5_c3(global) | 5_c3(global) | 4_c2(vicinity) | 3_c2(vicinity) | 3_c2(vicinity) | 3_c2(vicinity) | 4_c2(vicinity) | 3_c2(vicinity) | 2_c1(local) | 2_c1(local) | 1_c1(local) | 1_c1(local) | 1_c1(local) | 1_c1(local)
1241,1260,12.6,18.0,18,Stable,6_c3(global) | 5_c3(global) | 6_c3(global) | 5_c3(global) | 5_c3(global) | 5_c3(global) | 4_c2(vicinity) | 3_c2(vicinity) | 3_c2(vicinity) | 3_c2(vicinity) | 4_c2(vicinity) | 3_c2(vicinity) | 2_c1(local) | 2_c1(local) | 1_c1(local) | 1_c1(local) | 1_c1(local) | 1_c1(local)
1242,1000,10.0,18.0,18,Stable,6_c3(global) | 5_c3(global) | 6_c3(global) | 5_c3(global) | 5_c3(global) | 5_c3(global) | 4_c2(vicinity) | 3_c2(vicinity) | 3_c2(vicinity) | 3_c2(vicinity) | 4_c2(vicinity) | 3_c2(vicinity) | 2_c1(local) | 2_c1(local) | 1_c1(local) | 1_c1(local) | 1_c1(local) | 1_c1(local)
1243,990,9.9,18.0,18,Stable,6_c3(global) | 5_c3(global) | 6_c3(global) | 5_c3(global) | 5_c3(global) | 5_c3(global) | 4_c2(vicinity) | 3_c2(vicinity) | 3_c2(vicinity) | 3_c2(vicinity) | 4_c2(vicinity) | 3_c2(vicinity) | 2_c1(local) | 2_c1(local) | 1_c1(local) | 1_c1(local) | 1_c1(local) | 1_c1(local)
1244,928,9.28,18.0,18,Stable,6_c3(global) | 5_c3(global) | 6_c3(global) | 5_c3(global) | 5_c3(global) | 5_c3(global) | 4_c2(vicinity) | 3_c2(vicinity) | 3_c2(vicinity) | 3_c2(vicinity) | 4_c2(vicinity) | 3_c2(vicinity) | 2_c1(local) | 2_c1(local) | 1_c1(local) | 1_c1(local) | 1_c1(local) | 1_c1(local)
1245,806,8.06,18.0,18,Stable,6_c3(global) | 5_c3(global) | 6_c3(global) | 5_c3(global) | 5_c3(global) | 5_c3(global) | 4_c2(vicinity) | 3_c2(vicinity) | 3_c2(vicinity) | 3_c2(vicinity) | 4_c2(vicinity) | 3_c2(vicinity) | 2_c1(local) | 2_c1(local) | 1_c1(local) | 1_c1(local) | 1_c1(local) | 1_c1(local)
1246,1016,10.16,18.0,18,Stable,6_c3(global) | 5_c3(global) | 6_c3(global) | 5_c3(global) | 5_c3(global) | 5_c3(global) | 4_c2(vicinity) | 3_c2(vicinity) | 3_c2(vicinity) | 3_c2(vicinity) | 4_c2(vicinity) | 3_c2(vicinity) | 2_c1(local) | 2_c1(local) | 1_c1(local) | 1_c1(local) | 1_c1(local) | 1_c1(local)
1247,963,9.63,18.0,18,Stable,6_c3(global) | 5_c3(global) | 6_c3(global) | 5_c3(global) | 5_c3(global) | 5_c3(global) | 4_c2(vicinity) | 3_c2(vicinity) | 3_c2(vicinity) | 3_c2(vicinity) | 4_c2(vicinity) | 3_c2(vicinity) | 2_c1(local) | 2_c1(local) | 1_c1(local) | 1_c1(local) | 1_c1(local) | 1_c1(local)
1248,1121,11.21,18.0,18,Stable,6_c3(global) | 5_c3(global) | 6_c3(global) | 5_c3(global) | 5_c3(global) | 5_c3(global) | 4_c2(vicinity) | 3_c2(vicinity) | 3_c2(vicinity) | 3_c2(vicinity) | 4_c2(vicinity) | 3_c2(vicinity) | 2_c1(local) | 2_c1(local) | 1_c1(local) | 1_c1(local) | 1_c1(local) | 1_c1(local)
1249,769,7.69,18.0,18,Stable,6_c3(global) | 5_c3(global) | 6_c3(global) | 5_c3(global) | 5_c3(global) | 5_c3(global) | 4_c2(vicinity) | 3_c2(vicinity) | 3_c2(vicinity) | 3_c2(vicinity) | 4_c2(vicinity) | 3_c2(vicinity) | 2_c1(local) | 2_c1(local) | 1_c1(local) | 1_c1(local) | 1_c1(local) | 1_c1(local)
1250,898,8.98,18.0,18,Stable,6_c3(global) | 5_c3(global) | 6_c3(global) | 5_c3(global) | 5_c3(global) | 5_c3(global) | 4_c2(vicinity) | 3_c2(vicinity) | 3_c2(vicinity) | 3_c2(vicinity) | 4_c2(vicinity) | 3_c2(vicinity) | 2_c1(local) | 2_c1(local) | 1_c1(local) | 1_c1(local) | 1_c1(local) | 1_c1(local)
1251,798,7.98,18.0,18,Stable,6_c3(global) | 5_c3(global) | 6_c3(global) | 5_c3(global) | 5_c3(global) | 5_c3(global) | 4_c2(vicinity) | 3_c2(vicinity) | 3_c2(vicinity) | 3_c2(vicinity) | 4_c2(vicinity) | 3_c2(vicinity) | 2_c1(local) | 2_c1(local) | 1_c1(local) | 1_c1(local) | 1_c1(local) | 1_c1(local)
1252,1020,10.2,18.0,18,Stable,6_c3(global) | 5_c3(global) | 6_c3(global) | 5_c3(global) | 5_c3(global) | 5_c3(global) | 4_c2(vicinity) | 3_c2(vicinity) | 3_c2(vicinity) | 3_c2(vicinity) | 4_c2(vicinity) | 3_c2(vicinity) | 2_c1(local) | 2_c1(local) | 1_c1(local) | 1_c1(local) | 1_c1(local) | 1_c1(local)
1253,900,9.0,18.0,18,Stable,6_c3(global) | 5_c3(global) | 6_c3(global) | 5_c3(global) | 5_c3(global) | 5_c3(global) | 4_c2(vicinity) | 3_c2(vicinity) | 3_c2(vicinity) | 3_c2(vicinity) | 4_c2(vicinity) | 3_c2(vicinity) | 2_c1(local) | 2_c1(local) | 1_c1(local) | 1_c1(local) | 1_c1(local) | 1_c1(local)
1254,1166,11.66,18.0,18,Stable,6_c3(global) | 5_c3(global) | 6_c3(global) | 5_c3(global) | 5_c3(global) | 5_c3(global) | 4_c2(vicinity) | 3_c2(vicinity) | 3_c2(vicinity) | 3_c2(vicinity) | 4_c2(vicinity) | 3_c2(vicinity) | 2_c1(local) | 2_c1(local) | 1_c1(local) | 1_c1(local) | 1_c1(local) | 1_c1(local)
1255,1267,12.67,18.0,18,Stable,6_c3(global) | 5_c3(global) | 6_c3(global) | 5_c3(global) | 5_c3(global) | 5_c3(global) | 4_c2(vicinity) | 3_c2(vicinity) | 3_c2(vicinity) | 3_c2(vicinity) | 4_c2(vicinity) | 3_c2(vicinity) | 2_c1(local) | 2_c1(local) | 1_c1(local) | 1_c1(local) | 1_c1(local) | 1_c1(local)
1256,1080,10.8,18.0,18,Stable,6_c3(global) | 5_c3(global) | 6_c3(global) | 5_c3(global) | 5_c3(global) | 5_c3(global) | 4_c2(vicinity) | 3_c2(vicinity) | 3_c2(vicinity) | 3_c2(vicinity) | 4_c2(vicinity) | 3_c2(vicinity) | 2_c1(local) | 2_c1(local) | 1_c1(local) | 1_c1(local) | 1_c1(local) | 1_c1(local)
1257,929,9.29,18.0,18,Stable,6_c3(global) | 5_c3(global) | 6_c3(global) | 5_c3(global) | 5_c3(global) | 5_c3(global) | 4_c2(vicinity) | 3_c2(vicinity) | 3_c2(vicinity) | 3_c2(vicinity) | 4_c2(vicinity) | 3_c2(vicinity) | 2_c1(local) | 2_c1(local) | 1_c1(local) | 1_c1(local) | 1_c1(local) | 1_c1(local)
1258,1208,12.08,18.0,18,Stable,6_c3(global) | 5_c3(global) | 6_c3(global) | 5_c3(global) | 5_c3(global) | 5_c3(global) | 4_c2(vicinity) | 3_c2(vicinity) | 3_c2(vicinity) | 3_c2(vicinity) | 4_c2(vicinity) | 3_c2(vicinity) | 2_c1(local) | 2_c1(local) | 1_c1(local) | 1_c1(local) | 1_c1(local) | 1_c1(local)
1259,1162,11.62,18.0,18,Stable,6_c3(global) | 5_c3(global) | 6_c3(global) | 5_c3(global) | 5_c3(global) | 5_c3(global) | 4_c2(vicinity) | 3_c2(vicinity) | 3_c2(vicinity) | 3_c2(vicinity) | 4_c2(vicinity) | 3_c2(vicinity) | 2_c1(local) | 2_c1(local) | 1_c1(local) | 1_c1(local) | 1_c1(local) | 1_c1(local)
1260,868,8.68,18.0,18,Stable,6_c3(global) | 5_c3(global) | 6_c3(global) | 5_c3(global) | 5_c3(global) | 5_c3(global) | 4_c2(vicinity) | 3_c2(vicinity) | 3_c2(vicinity) | 3_c2(vicinity) | 4_c2(vicinity) | 3_c2(vicinity) | 2_c1(local) | 2_c1(local) | 1_c1(local) | 1_c1(local) | 1_c1(local) | 1_c1(local)
1261,791,7.91,18.0,18,Stable,6_c3(global) | 5_c3(global) | 6_c3(global) | 5_c3(global) | 5_c3(global) | 5_c3(global) | 4_c2(vicinity) | 3_c2(vicinity) | 3_c2(vicinity) | 3_c2(vicinity) | 4_c2(vicinity) | 3_c2(vicinity) | 2_c1(local) | 2_c1(local) | 1_c1(local) | 1_c1(local) | 1_c1(local) | 1_c1(local)
1262,1157,11.57,18.0,18,Stable,6_c3(global) | 5_c3(global) | 6_c3(global) | 5_c3(global) | 5_c3(global) | 5_c3(global) | 4_c2(vicinity) | 3_c2(vicinity) | 3_c2(vicinity) | 3_c2(vicinity) | 4_c2(vicinity) | 3_c2(vicinity) | 2_c1(local) | 2_c1(local) | 1_c1(local) | 1_c1(local) | 1_c1(local) | 1_c1(local)
1263,1226,12.26,18.0,18,Stable,6_c3(global) | 5_c3(global) | 6_c3(global) | 5_c3(global) | 5_c3(global) | 5_c3(global) | 4_c2(vicinity) | 3_c2(vicinity) | 3_c2(vicinity) | 3_c2(vicinity) | 4_c2(vicinity) | 3_c2(vicinity) | 2_c1(local) | 2_c1(local) | 1_c1(local) | 1_c1(local) | 1_c1(local) | 1_c1(local)
1264,1181,11.81,18.0,18,Stable,6_c3(global) | 5_c3(global) | 6_c3(global) | 5_c3(global) | 5_c3(global) | 5_c3(global) | 4_c2(vicinity) | 3_c2(vicinity) | 3_c2(vicinity) | 3_c2(vicinity) | 4_c2(vicinity) | 3_c2(vicinity) | 2_c1(local) | 2_c1(local) | 1_c1(local) | 1_c1(local) | 1_c1(local) | 1_c1(local)
1265,1245,12.45,18.0,18,Stable,6_c3(global) | 5_c3(global) | 6_c3(global) | 5_c3(global) | 5_c3(global) | 5_c3(global) | 4_c2(vicinity) | 3_c2(vicinity) | 3_c2(vicinity) | 3_c2(vicinity) | 4_c2(vicinity) | 3_c2(vicinity) | 2_c1(local) | 2_c1(local) | 1_c1(local) | 1_c1(local) | 1_c1(local) | 1_c1(local)
1266,1168,11.68,18.0,18,Stable,6_c3(global) | 5_c3(global) | 6_c3(global) | 5_c3(global) | 5_c3(global) | 5_c3(global) | 4_c2(vicinity) | 3_c2(vicinity) | 3_c2(vicinity) | 3_c2(vicinity) | 4_c2(vicinity) | 3_c2(vicinity) | 2_c1(local) | 2_c1(local) | 1_c1(local) | 1_c1(local) | 1_c1(local) | 1_c1(local)
1267,1128,11.28,18.0,18,Stable,6_c3(global) | 5_c3(global) | 6_c3(global) | 5_c3(global) | 5_c3(global) | 5_c3(global) | 4_c2(vicinity) | 3_c2(vicinity) | 3_c2(vicinity) | 3_c2(vicinity) | 4_c2(vicinity) | 3_c2(vicinity) | 2_c1(local) | 2_c1(local) | 1_c1(local) | 1_c1(local) | 1_c1(local) | 1_c1(local)
1268,813,8.13,18.0,18,Stable,6_c3(global) | 5_c3(global) | 6_c3(global) | 5_c3(global) | 5_c3(global) | 5_c3(global) | 4_c2(vicinity) | 3_c2(vicinity) | 3_c2(vicinity) | 3_c2(vicinity) | 4_c2(vicinity) | 3_c2(vicinity) | 2_c1(local) | 2_c1(local) | 1_c1(local) | 1_c1(local) | 1_c1(local) | 1_c1(local)
1269,892,8.92,18.0,18,Stable,6_c3(global) | 5_c3(global) | 6_c3(global) | 5_c3(global) | 5_c3(global) | 5_c3(global) | 4_c2(vicinity) | 3_c2(vicinity) | 3_c2(vicinity) | 3_c2(vicinity) | 4_c2(vicinity) | 3_c2(vicinity) | 2_c1(local) | 2_c1(local) | 1_c1(local) | 1_c1(local) | 1_c1(local) | 1_c1(local)
1270,856,8.56,18.0,18,Stable,6_c3(global) | 5_c3(global) | 6_c3(global) | 5_c3(global) | 5_c3(global) | 5_c3(global) | 4_c2(vicinity) | 3_c2(vicinity) | 3_c2(vicinity) | 3_c2(vicinity) | 4_c2(vicinity) | 3_c2(vicinity) | 2_c1(local) | 2_c1(local) | 1_c1(local) | 1_c1(local) | 1_c1(local) | 1_c1(local)
1271,1012,10.12,18.0,18,Stable,6_c3(global) | 5_c3(global) | 6_c3(global) | 5_c3(global) | 5_c3(global) | 5_c3(global) | 4_c2(vicinity) | 3_c2(vicinity) | 3_c2(vicinity) | 3_c2(vicinity) | 4_c2(vicinity) | 3_c2(vicinity) | 2_c1(local) | 2_c1(local) | 1_c1(local) | 1_c1(local) | 1_c1(local) | 1_c1(local)
1272,1160,11.6,18.0,18,Stable,6_c3(global) | 5_c3(global) | 6_c3(global) | 5_c3(global) | 5_c3(global) | 5_c3(global) | 4_c2(vicinity) | 3_c2(vicinity) | 3_c2(vicinity) | 3_c2(vicinity) | 4_c2(vicinity) | 3_c2(vicinity) | 2_c1(local) | 2_c1(local) | 1_c1(local) | 1_c1(local) | 1_c1(local) | 1_c1(local)
1273,992,9.92,18.0,18,Stable,6_c3(global) | 5_c3(global) | 6_c3(global) | 5_c3(global) | 5_c3(global) | 5_c3(global) | 4_c2(vicinity) | 3_c2(vicinity) | 3_c2(vicinity) | 3_c2(vicinity) | 4_c2(vicinity) | 3_c2(vicinity) | 2_c1(local) | 2_c1(local) | 1_c1(local) | 1_c1(local) | 1_c1(local) | 1_c1(local)
1274,982,9.82,18.0,18,Stable,6_c3(global) | 5_c3(global) | 6_c3(global) | 5_c3(global) | 5_c3(global) | 5_c3(global) | 4_c2(vicinity) | 3_c2(vicinity) | 3_c2(vicinity) | 3_c2(vicinity) | 4_c2(vicinity) | 3_c2(vicinity) | 2_c1(local) | 2_c1(local) | 1_c1(local) | 1_c1(local) | 1_c1(local) | 1_c1(local)
1275,879,8.79,18.0,18,Stable,6_c3(global) | 5_c3(global) | 6_c3(global) | 5_c3(global) | 5_c3(global) | 5_c3(global) | 4_c2(vicinity) | 3_c2(vicinity) | 3_c2(vicinity) | 3_c2(vicinity) | 4_c2(vicinity) | 3_c2(vicinity) | 2_c1(local) | 2_c1(local) | 1_c1(local) | 1_c1(local) | 1_c1(local) | 1_c1(local)
1276,752,7.52,18.0,18,Stable,6_c3(global) | 5_c3(global) | 6_c3(global) | 5_c3(global) | 5_c3(global) | 5_c3(global) | 4_c2(vicinity) | 3_c2(vicinity) | 3_c2(vicinity) | 3_c2(vicinity) | 4_c2(vicinity) | 3_c2(vicinity) | 2_c1(local) | 2_c1(local) | 1_c1(local) | 1_c1(local) | 1_c1(local) | 1_c1(local)
1277,1045,10.45,18.0,18,Stable,6_c3(global) | 5_c3(global) | 6_c3(global) | 5_c3(global) | 5_c3(global) | 5_c3(global) | 4_c2(vicinity) | 3_c2(vicinity) | 3_c2(vicinity) | 3_c2(vicinity) | 4_c2(vicinity) | 3_c2(vicinity) | 2_c1(local) | 2_c1(local) | 1_c1(local) | 1_c1(local) | 1_c1(local) | 1_c1(local)
1278,970,9.7,18.0,18,Stable,6_c3(global) | 5_c3(global) | 6_c3(global) | 5_c3(global) | 5_c3(global) | 5_c3(global) | 4_c2(vicinity) | 3_c2(vicinity) | 3_c2(vicinity) | 3_c2(vicinity) | 4_c2(vicinity) | 3_c2(vicinity) | 2_c1(local) | 2_c1(local) | 1_c1(local) | 1_c1(local) | 1_c1(local) | 1_c1(local)
1279,912,9.12,18.0,18,Stable,6_c3(global) | 5_c3(global) | 6_c3(global) | 5_c3(global) | 5_c3(global) | 5_c3(global) | 4_c2(vicinity) | 3_c2(vicinity) | 3_c2(vicinity) | 3_c2(vicinity) | 4_c2(vicinity) | 3_c2(vicinity) | 2_c1(local) | 2_c1(local) | 1_c1(local) | 1_c1(local) | 1_c1(local) | 1_c1(local)
1280,800,8.0,18.0,18,Stable,6_c3(global) | 5_c3(global) | 6_c3(global) | 5_c3(global) | 5_c3(global) | 5_c3(global) | 4_c2(vicinity) | 3_c2(vicinity) | 3_c2(vicinity) | 3_c2(vicinity) | 4_c2(vicinity) | 3_c2(vicinity) | 2_c1(local) | 2_c1(local) | 1_c1(local) | 1_c1(local) | 1_c1(local) | 1_c1(local)
1281,891,8.91,18.0,18,Stable,6_c3(global) | 5_c3(global) | 6_c3(global) | 5_c3(global) | 5_c3(global) | 5_c3(global) | 4_c2(vicinity) | 3_c2(vicinity) | 3_c2(vicinity) | 3_c2(vicinity) | 4_c2(vicinity) | 3_c2(vicinity) | 2_c1(local) | 2_c1(local) | 1_c1(local) | 1_c1(local) | 1_c1(local) | 1_c1(local)
1282,1036,10.36,18.0,18,Stable,6_c3(global) | 5_c3(global) | 6_c3(global) | 5_c3(global) | 5_c3(global) | 5_c3(global) | 4_c2(vicinity) | 3_c2(vicinity) | 3_c2(vicinity) | 3_c2(vicinity) | 4_c2(vicinity) | 3_c2(vicinity) | 2_c1(local) | 2_c1(local) | 1_c1(local) | 1_c1(local) | 1_c1(local) | 1_c1(local)
1283,958,9.58,18.0,18,Stable,6_c3(global) | 5_c3(global) | 6_c3(global) | 5_c3(global) | 5_c3(global) | 5_c3(global) | 4_c2(vicinity) | 3_c2(vicinity) | 3_c2(vicinity) | 3_c2(vicinity) | 4_c2(vicinity) | 3_c2(vicinity) | 2_c1(local) | 2_c1(local) | 1_c1(local) | 1_c1(local) | 1_c1(local) | 1_c1(local)
1284,885,8.85,18.0,18,Stable,6_c3(global) | 5_c3(global) | 6_c3(global) | 5_c3(global) | 5_c3(global) | 5_c3(global) | 4_c2(vicinity) | 3_c2(vicinity) | 3_c2(vicinity) | 3_c2(vicinity) | 4_c2(vicinity) | 3_c2(vicinity) | 2_c1(local) | 2_c1(local) | 1_c1(local) | 1_c1(local) | 1_c1(local) | 1_c1(local)
1285,939,9.39,18.0,18,Stable,6_c3(global) | 5_c3(global) | 6_c3(global) | 5_c3(global) | 5_c3(global) | 5_c3(global) | 4_c2(vicinity) | 3_c2(vicinity) | 3_c2(vicinity) | 3_c2(vicinity) | 4_c2(vicinity) | 3_c2(vicinity) | 2_c1(local) | 2_c1(local) | 1_c1(local) | 1_c1(local) | 1_c1(local) | 1_c1(local)
1286,1238,12.38,18.0,18,Stable,6_c3(global) | 5_c3(global) | 6_c3(global) | 5_c3(global) | 5_c3(global) | 5_c3(global) | 4_c2(vicinity) | 3_c2(vicinity) | 3_c2(vicinity) | 3_c2(vicinity) | 4_c2(vicinity) | 3_c2(vicinity) | 2_c1(local) | 2_c1(local) | 1_c1(local) | 1_c1(local) | 1_c1(local) | 1_c1(local)
1287,1125,11.25,18.0,18,Stable,6_c3(global) | 5_c3(global) | 6_c3(global) | 5_c3(global) | 5_c3(global) | 5_c3(global) | 4_c2(vicinity) | 3_c2(vicinity) | 3_c2(vicinity) | 3_c2(vicinity) | 4_c2(vicinity) | 3_c2(vicinity) | 2_c1(local) | 2_c1(local) | 1_c1(local) | 1_c1(local) | 1_c1(local) | 1_c1(local)
1288,1135,11.35,18.0,18,Stable,6_c3(global) | 5_c3(global) | 6_c3(global) | 5_c3(global) | 5_c3(global) | 5_c3(global) | 4_c2(vicinity) | 3_c2(vicinity) | 3_c2(vicinity) | 3_c2(vicinity) | 4_c2(vicinity) | 3_c2(vicinity) | 2_c1(local) | 2_c1(local) | 1_c1(local) | 1_c1(local) | 1_c1(local) | 1_c1(local)
1289,1129,11.29,18.0,18,Stable,6_c3(global) | 5_c3(global) | 6_c3(global) | 5_c3(global) | 5_c3(global) | 5_c3(global) | 4_c2(vicinity) | 3_c2(vicinity) | 3_c2(vicinity) | 3_c2(vicinity) | 4_c2(vicinity) | 3_c2(vicinity) | 2_c1(local) | 2_c1(local) | 1_c1(local) | 1_c1(local) | 1_c1(local) | 1_c1(local)
1290,1071,10.71,18.0,18,Stable,6_c3(global) | 5_c3(global) | 6_c3(global) | 5_c3(global) | 5_c3(global) | 5_c3(global) | 4_c2(vicinity) | 3_c2(vicinity) | 3_c2(vicinity) | 3_c2(vicinity) | 4_c2(vicinity) | 3_c2(vicinity) | 2_c1(local) | 2_c1(local) | 1_c1(local) | 1_c1(local) | 1_c1(local) | 1_c1(local)
1291,1172,11.72,18.0,18,Stable,6_c3(global) | 5_c3(global) | 6_c3(global) | 5_c3(global) | 5_c3(global) | 5_c3(global) | 4_c2(vicinity) | 3_c2(vicinity) | 3_c2(vicinity) | 3_c2(vicinity) | 4_c2(vicinity) | 3_c2(vicinity) | 2_c1(local) | 2_c1(local) | 1_c1(local) | 1_c1(local) | 1_c1(local) | 1_c1(local)
1292,1052,10.52,18.0,18,Stable,6_c3(global) | 5_c3(global) | 6_c3(global) | 5_c3(global) | 5_c3(global) | 5_c3(global) | 4_c2(vicinity) | 3_c2(vicinity) | 3_c2(vicinity) | 3_c2(vicinity) | 4_c2(vicinity) | 3_c2(vicinity) | 2_c1(local) | 2_c1(local) | 1_c1(local) | 1_c1(local) | 1_c1(local) | 1_c1(local)
1293,1361,13.61,18.0,18,Stable,6_c3(global) | 5_c3(global) | 6_c3(global) | 5_c3(global) | 5_c3(global) | 5_c3(global) | 4_c2(vicinity) | 3_c2(vicinity) | 3_c2(vicinity) | 3_c2(vicinity) | 4_c2(vicinity) | 3_c2(vicinity) | 2_c1(local) | 2_c1(local) | 1_c1(local) | 1_c1(local) | 1_c1(local) | 1_c1(local)
1294,1333,13.33,18.0,18,Stable,6_c3(global) | 5_c3(global) | 6_c3(global) | 5_c3(global) | 5_c3(global) | 5_c3(global) | 4_c2(vicinity) | 3_c2(vicinity) | 3_c2(vicinity) | 3_c2(vicinity) | 4_c2(vicinity) | 3_c2(vicinity) | 2_c1(local) | 2_c1(local) | 1_c1(local) | 1_c1(local) | 1_c1(local) | 1_c1(local)
1295,1322,13.22,18.0,18,Stable,6_c3(global) | 5_c3(global) | 6_c3(global) | 5_c3(global) | 5_c3(global) | 5_c3(global) | 4_c2(vicinity) | 3_c2(vicinity) | 3_c2(vicinity) | 3_c2(vicinity) | 4_c2(vicinity) | 3_c2(vicinity) | 2_c1(local) | 2_c1(local) | 1_c1(local) | 1_c1(local) | 1_c1(local) | 1_c1(local)
1296,1153,11.53,18.0,18,Stable,6_c3(global) | 5_c3(global) | 6_c3(global) | 5_c3(global) | 5_c3(global) | 5_c3(global) | 4_c2(vicinity) | 3_c2(vicinity) | 3_c2(vicinity) | 3_c2(vicinity) | 4_c2(vicinity) | 3_c2(vicinity) | 2_c1(local) | 2_c1(local) | 1_c1(local) | 1_c1(local) | 1_c1(local) | 1_c1(local)
1297,1225,12.25,18.0,18,Stable,6_c3(global) | 5_c3(global) | 6_c3(global) | 5_c3(global) | 5_c3(global) | 5_c3(global) | 4_c2(vicinity) | 3_c2(vicinity) | 3_c2(vicinity) | 3_c2(vicinity) | 4_c2(vicinity) | 3_c2(vicinity) | 2_c1(local) | 2_c1(local) | 1_c1(local) | 1_c1(local) | 1_c1(local) | 1_c1(local)
1298,1114,11.14,18.0,18,Stable,6_c3(global) | 5_c3(global) | 6_c3(global) | 5_c3(global) | 5_c3(global) | 5_c3(global) | 4_c2(vicinity) | 3_c2(vicinity) | 3_c2(vicinity) | 3_c2(vicinity) | 4_c2(vicinity) | 3_c2(vicinity) | 2_c1(local) | 2_c1(local) | 1_c1(local) | 1_c1(local) | 1_c1(local) | 1_c1(local)
1299,1089,10.89,18.0,18,Stable,6_c3(global) | 5_c3(global) | 6_c3(global) | 5_c3(global) | 5_c3(global) | 5_c3(global) | 4_c2(vicinity) | 3_c2(vicinity) | 3_c2(vicinity) | 3_c2(vicinity) | 4_c2(vicinity) | 3_c2(vicinity) | 2_c1(local) | 2_c1(local) | 1_c1(local) | 1_c1(local) | 1_c1(local) | 1_c1(local)
1300,992,9.92,18.0,18,Stable,6_c3(global) | 5_c3(global) | 6_c3(global) | 5_c3(global) | 5_c3(global) | 5_c3(global) | 4_c2(vicinity) | 3_c2(vicinity) | 3_c2(vicinity) | 3_c2(vicinity) | 4_c2(vicinity) | 3_c2(vicinity) | 2_c1(local) | 2_c1(local) | 1_c1(local) | 1_c1(local) | 1_c1(local) | 1_c1(local)
1301,877,8.77,18.0,18,Stable,6_c3(global) | 5_c3(global) | 6_c3(global) | 5_c3(global) | 5_c3(global) | 5_c3(global) | 4_c2(vicinity) | 3_c2(vicinity) | 3_c2(vicinity) | 3_c2(vicinity) | 4_c2(vicinity) | 3_c2(vicinity) | 2_c1(local) | 2_c1(local) | 1_c1(local) | 1_c1(local) | 1_c1(local) | 1_c1(local)
1302,952,9.52,18.0,18,Stable,6_c3(global) | 5_c3(global) | 6_c3(global) | 5_c3(global) | 5_c3(global) | 5_c3(global) | 4_c2(vicinity) | 3_c2(vicinity) | 3_c2(vicinity) | 3_c2(vicinity) | 4_c2(vicinity) | 3_c2(vicinity) | 2_c1(local) | 2_c1(local) | 1_c1(local) | 1_c1(local) | 1_c1(local) | 1_c1(local)
1303,797,7.97,18.0,18,Stable,6_c3(global) | 5_c3(global) | 6_c3(global) | 5_c3(global) | 5_c3(global) | 5_c3(global) | 4_c2(vicinity) | 3_c2(vicinity) | 3_c2(vicinity) | 3_c2(vicinity) | 4_c2(vicinity) | 3_c2(vicinity) | 2_c1(local) | 2_c1(local) | 1_c1(local) | 1_c1(local) | 1_c1(local) | 1_c1(local)
1304,1059,10.59,18.0,18,Stable,6_c3(global) | 5_c3(global) | 6_c3(global) | 5_c3(global) | 5_c3(global) | 5_c3(global) | 4_c2(vicinity) | 3_c2(vicinity) | 3_c2(vicinity) | 3_c2(vicinity) | 4_c2(vicinity) | 3_c2(vicinity) | 2_c1(local) | 2_c1(local) | 1_c1(local) | 1_c1(local) | 1_c1(local) | 1_c1(local)
1305,1208,12.08,18.0,18,Stable,6_c3(global) | 5_c3(global) | 6_c3(global) | 5_c3(global) | 5_c3(global) | 5_c3(global) | 4_c2(vicinity) | 3_c2(vicinity) | 3_c2(vicinity) | 3_c2(vicinity) | 4_c2(vicinity) | 3_c2(vicinity) | 2_c1(local) | 2_c1(local) | 1_c1(local) | 1_c1(local) | 1_c1(local) | 1_c1(local)
1306,1071,10.71,18.0,18,Stable,6_c3(global) | 5_c3(global) | 6_c3(global) | 5_c3(global) | 5_c3(global) | 5_c3(global) | 4_c2(vicinity) | 3_c2(vicinity) | 3_c2(vicinity) | 3_c2(vicinity) | 4_c2(vicinity) | 3_c2(vicinity) | 2_c1(local) | 2_c1(local) | 1_c1(local) | 1_c1(local) | 1_c1(local) | 1_c1(local)
1307,1254,12.54,18.0,18,Stable,6_c3(global) | 5_c3(global) | 6_c3(global) | 5_c3(global) | 5_c3(global) | 5_c3(global) | 4_c2(vicinity) | 3_c2(vicinity) | 3_c2(vicinity) | 3_c2(vicinity) | 4_c2(vicinity) | 3_c2(vicinity) | 2_c1(local) | 2_c1(local) | 1_c1(local) | 1_c1(local) | 1_c1(local) | 1_c1(local)
1308,1150,11.5,18.0,18,Stable,6_c3(global) | 5_c3(global) | 6_c3(global) | 5_c3(global) | 5_c3(global) | 5_c3(global) | 4_c2(vicinity) | 3_c2(vicinity) | 3_c2(vicinity) | 3_c2(vicinity) | 4_c2(vicinity) | 3_c2(vicinity) | 2_c1(local) | 2_c1(local) | 1_c1(local) | 1_c1(local) | 1_c1(local) | 1_c1(local)
1309,930,9.3,18.0,18,Stable,6_c3(global) | 5_c3(global) | 6_c3(global) | 5_c3(global) | 5_c3(global) | 5_c3(global) | 4_c2(vicinity) | 3_c2(vicinity) | 3_c2(vicinity) | 3_c2(vicinity) | 4_c2(vicinity) | 3_c2(vicinity) | 2_c1(local) | 2_c1(local) | 1_c1(local) | 1_c1(local) | 1_c1(local) | 1_c1(local)
1310,858,8.58,18.0,18,Stable,6_c3(global) | 5_c3(global) | 6_c3(global) | 5_c3(global) | 5_c3(global) | 5_c3(global) | 4_c2(vicinity) | 3_c2(vicinity) | 3_c2(vicinity) | 3_c2(vicinity) | 4_c2(vicinity) | 3_c2(vicinity) | 2_c1(local) | 2_c1(local) | 1_c1(local) | 1_c1(local) | 1_c1(local) | 1_c1(local)
1311,914,9.14,18.0,18,Stable,6_c3(global) | 5_c3(global) | 6_c3(global) | 5_c3(global) | 5_c3(global) | 5_c3(global) | 4_c2(vicinity) | 3_c2(vicinity) | 3_c2(vicinity) | 3_c2(vicinity) | 4_c2(vicinity) | 3_c2(vicinity) | 2_c1(local) | 2_c1(local) | 1_c1(local) | 1_c1(local) | 1_c1(local) | 1_c1(local)
1312,1142,11.42,18.0,18,Stable,6_c3(global) | 5_c3(global) | 6_c3(global) | 5_c3(global) | 5_c3(global) | 5_c3(global) | 4_c2(vicinity) | 3_c2(vicinity) | 3_c2(vicinity) | 3_c2(vicinity) | 4_c2(vicinity) | 3_c2(vicinity) | 2_c1(local) | 2_c1(local) | 1_c1(local) | 1_c1(local) | 1_c1(local) | 1_c1(local)
1313,865,8.65,18.0,18,Stable,6_c3(global) | 5_c3(global) | 6_c3(global) | 5_c3(global) | 5_c3(global) | 5_c3(global) | 4_c2(vicinity) | 3_c2(vicinity) | 3_c2(vicinity) | 3_c2(vicinity) | 4_c2(vicinity) | 3_c2(vicinity) | 2_c1(local) | 2_c1(local) | 1_c1(local) | 1_c1(local) | 1_c1(local) | 1_c1(local)
1314,1095,10.95,18.0,18,Stable,6_c3(global) | 5_c3(global) | 6_c3(global) | 5_c3(global) | 5_c3(global) | 5_c3(global) | 4_c2(vicinity) | 3_c2(vicinity) | 3_c2(vicinity) | 3_c2(vicinity) | 4_c2(vicinity) | 3_c2(vicinity) | 2_c1(local) | 2_c1(local) | 1_c1(local) | 1_c1(local) | 1_c1(local) | 1_c1(local)
1315,1031,10.31,18.0,18,Stable,6_c3(global) | 5_c3(global) | 6_c3(global) | 5_c3(global) | 5_c3(global) | 5_c3(global) | 4_c2(vicinity) | 3_c2(vicinity) | 3_c2(vicinity) | 3_c2(vicinity) | 4_c2(vicinity) | 3_c2(vicinity) | 2_c1(local) | 2_c1(local) | 1_c1(local) | 1_c1(local) | 1_c1(local) | 1_c1(local)
1316,1076,10.76,18.0,18,Stable,6_c3(global) | 5_c3(global) | 6_c3(global) | 5_c3(global) | 5_c3(global) | 5_c3(global) | 4_c2(vicinity) | 3_c2(vicinity) | 3_c2(vicinity) | 3_c2(vicinity) | 4_c2(vicinity) | 3_c2(vicinity) | 2_c1(local) | 2_c1(local) | 1_c1(local) | 1_c1(local) | 1_c1(local) | 1_c1(local)
1317,927,9.27,18.0,18,Stable,6_c3(global) | 5_c3(global) | 6_c3(global) | 5_c3(global) | 5_c3(global) | 5_c3(global) | 4_c2(vicinity) | 3_c2(vicinity) | 3_c2(vicinity) | 3_c2(vicinity) | 4_c2(vicinity) | 3_c2(vicinity) | 2_c1(local) | 2_c1(local) | 1_c1(local) | 1_c1(local) | 1_c1(local) | 1_c1(local)
1318,1020,10.2,18.0,18,Stable,6_c3(global) | 5_c3(global) | 6_c3(global) | 5_c3(global) | 5_c3(global) | 5_c3(global) | 4_c2(vicinity) | 3_c2(vicinity) | 3_c2(vicinity) | 3_c2(vicinity) | 4_c2(vicinity) | 3_c2(vicinity) | 2_c1(local) | 2_c1(local) | 1_c1(local) | 1_c1(local) | 1_c1(local) | 1_c1(local)
1319,1038,10.38,18.0,18,Stable,6_c3(global) | 5_c3(global) | 6_c3(global) | 5_c3(global) | 5_c3(global) | 5_c3(global) | 4_c2(vicinity) | 3_c2(vicinity) | 3_c2(vicinity) | 3_c2(vicinity) | 4_c2(vicinity) | 3_c2(vicinity) | 2_c1(local) | 2_c1(local) | 1_c1(local) | 1_c1(local) | 1_c1(local) | 1_c1(local)
1320,1077,10.77,18.0,18,Stable,6_c3(global) | 5_c3(global) | 6_c3(global) | 5_c3(global) | 5_c3(global) | 5_c3(global) | 4_c2(vicinity) | 3_c2(vicinity) | 3_c2(vicinity) | 3_c2(vicinity) | 4_c2(vicinity) | 3_c2(vicinity) | 2_c1(local) | 2_c1(local) | 1_c1(local) | 1_c1(local) | 1_c1(local) | 1_c1(local)
1321,1047,10.47,18.0,18,Stable,6_c3(global) | 5_c3(global) | 6_c3(global) | 5_c3(global) | 5_c3(global) | 5_c3(global) | 4_c2(vicinity) | 3_c2(vicinity) | 3_c2(vicinity) | 3_c2(vicinity) | 4_c2(vicinity) | 3_c2(vicinity) | 2_c1(local) | 2_c1(local) | 1_c1(local) | 1_c1(local) | 1_c1(local) | 1_c1(local)
1322,960,9.6,18.0,18,Stable,6_c3(global) | 5_c3(global) | 6_c3(global) | 5_c3(global) | 5_c3(global) | 5_c3(global) | 4_c2(vicinity) | 3_c2(vicinity) | 3_c2(vicinity) | 3_c2(vicinity) | 4_c2(vicinity) | 3_c2(vicinity) | 2_c1(local) | 2_c1(local) | 1_c1(local) | 1_c1(local) | 1_c1(local) | 1_c1(local)
1323,891,8.91,18.0,18,Stable,6_c3(global) | 5_c3(global) | 6_c3(global) | 5_c3(global) | 5_c3(global) | 5_c3(global) | 4_c2(vicinity) | 3_c2(vicinity) | 3_c2(vicinity) | 3_c2(vicinity) | 4_c2(vicinity) | 3_c2(vicinity) | 2_c1(local) | 2_c1(local) | 1_c1(local) | 1_c1(local) | 1_c1(local) | 1_c1(local)
1324,946,9.46,18.0,18,Stable,6_c3(global) | 5_c3(global) | 6_c3(global) | 5_c3(global) | 5_c3(global) | 5_c3(global) | 4_c2(vicinity) | 3_c2(vicinity) | 3_c2(vicinity) | 3_c2(vicinity) | 4_c2(vicinity) | 3_c2(vicinity) | 2_c1(local) | 2_c1(local) | 1_c1(local) | 1_c1(local) | 1_c1(local) | 1_c1(local)
1325,791,7.91,18.0,18,Stable,6_c3(global) | 5_c3(global) | 6_c3(global) | 5_c3(global) | 5_c3(global) | 5_c3(global) | 4_c2(vicinity) | 3_c2(vicinity) | 3_c2(vicinity) | 3_c2(vicinity) | 4_c2(vicinity) | 3_c2(vicinity) | 2_c1(local) | 2_c1(local) | 1_c1(local) | 1_c1(local) | 1_c1(local) | 1_c1(local)
1326,1007,10.07,18.0,18,Stable,6_c3(global) | 5_c3(global) | 6_c3(global) | 5_c3(global) | 5_c3(global) | 5_c3(global) | 4_c2(vicinity) | 3_c2(vicinity) | 3_c2(vicinity) | 3_c2(vicinity) | 4_c2(vicinity) | 3_c2(vicinity) | 2_c1(local) | 2_c1(local) | 1_c1(local) | 1_c1(local) | 1_c1(local) | 1_c1(local)
1327,1096,10.96,18.0,18,Stable,6_c3(global) | 5_c3(global) | 6_c3(global) | 5_c3(global) | 5_c3(global) | 5_c3(global) | 4_c2(vicinity) | 3_c2(vicinity) | 3_c2(vicinity) | 3_c2(vicinity) | 4_c2(vicinity) | 3_c2(vicinity) | 2_c1(local) | 2_c1(local) | 1_c1(local) | 1_c1(local) | 1_c1(local) | 1_c1(local)
1328,856,8.56,18.0,18,Stable,6_c3(global) | 5_c3(global) | 6_c3(global) | 5_c3(global) | 5_c3(global) | 5_c3(global) | 4_c2(vicinity) | 3_c2(vicinity) | 3_c2(vicinity) | 3_c2(vicinity) | 4_c2(vicinity) | 3_c2(vicinity) | 2_c1(local) | 2_c1(local) | 1_c1(local) | 1_c1(local) | 1_c1(local) | 1_c1(local)
1329,1058,10.58,18.0,18,Stable,6_c3(global) | 5_c3(global) | 6_c3(global) | 5_c3(global) | 5_c3(global) | 5_c3(global) | 4_c2(vicinity) | 3_c2(vicinity) | 3_c2(vicinity) | 3_c2(vicinity) | 4_c2(vicinity) | 3_c2(vicinity) | 2_c1(local) | 2_c1(local) | 1_c1(local) | 1_c1(local) | 1_c1(local) | 1_c1(local)
1330,926,9.26,18.0,18,Stable,6_c3(global) | 5_c3(global) | 6_c3(global) | 5_c3(global) | 5_c3(global) | 5_c3(global) | 4_c2(vicinity) | 3_c2(vicinity) | 3_c2(vicinity) | 3_c2(vicinity) | 4_c2(vicinity) | 3_c2(vicinity) | 2_c1(local) | 2_c1(local) | 1_c1(local) | 1_c1(local) | 1_c1(local) | 1_c1(local)
1331,890,8.9,18.0,18,Stable,6_c3(global) | 5_c3(global) | 6_c3(global) | 5_c3(global) | 5_c3(global) | 5_c3(global) | 4_c2(vicinity) | 3_c2(vicinity) | 3_c2(vicinity) | 3_c2(vicinity) | 4_c2(vicinity) | 3_c2(vicinity) | 2_c1(local) | 2_c1(local) | 1_c1(local) | 1_c1(local) | 1_c1(local) | 1_c1(local)
1332,839,8.39,18.0,18,Stable,6_c3(global) | 5_c3(global) | 6_c3(global) | 5_c3(global) | 5_c3(global) | 5_c3(global) | 4_c2(vicinity) | 3_c2(vicinity) | 3_c2(vicinity) | 3_c2(vicinity) | 4_c2(vicinity) | 3_c2(vicinity) | 2_c1(local) | 2_c1(local) | 1_c1(local) | 1_c1(local) | 1_c1(local) | 1_c1(local)
1333,767,7.67,18.0,18,Stable,6_c3(global) | 5_c3(global) | 6_c3(global) | 5_c3(global) | 5_c3(global) | 5_c3(global) | 4_c2(vicinity) | 3_c2(vicinity) | 3_c2(vicinity) | 3_c2(vicinity) | 4_c2(vicinity) | 3_c2(vicinity) | 2_c1(local) | 2_c1(local) | 1_c1(local) | 1_c1(local) | 1_c1(local) | 1_c1(local)
1334,962,9.62,18.0,18,Stable,6_c3(global) | 5_c3(global) | 6_c3(global) | 5_c3(global) | 5_c3(global) | 5_c3(global) | 4_c2(vicinity) | 3_c2(vicinity) | 3_c2(vicinity) | 3_c2(vicinity) | 4_c2(vicinity) | 3_c2(vicinity) | 2_c1(local) | 2_c1(local) | 1_c1(local) | 1_c1(local) | 1_c1(local) | 1_c1(local)
1335,885,8.85,18.0,18,Stable,6_c3(global) | 5_c3(global) | 6_c3(global) | 5_c3(global) | 5_c3(global) | 5_c3(global) | 4_c2(vicinity) | 3_c2(vicinity) | 3_c2(vicinity) | 3_c2(vicinity) | 4_c2(vicinity) | 3_c2(vicinity) | 2_c1(local) | 2_c1(local) | 1_c1(local) | 1_c1(local) | 1_c1(local) | 1_c1(local)
1336,702,7.02,18.0,18,Stable,6_c3(global) | 5_c3(global) | 6_c3(global) | 5_c3(global) | 5_c3(global) | 5_c3(global) | 4_c2(vicinity) | 3_c2(vicinity) | 3_c2(vicinity) | 3_c2(vicinity) | 4_c2(vicinity) | 3_c2(vicinity) | 2_c1(local) | 2_c1(local) | 1_c1(local) | 1_c1(local) | 1_c1(local) | 1_c1(local)
1337,1048,10.48,18.0,18,Stable,6_c3(global) | 5_c3(global) | 6_c3(global) | 5_c3(global) | 5_c3(global) | 5_c3(global) | 4_c2(vicinity) | 3_c2(vicinity) | 3_c2(vicinity) | 3_c2(vicinity) | 4_c2(vicinity) | 3_c2(vicinity) | 2_c1(local) | 2_c1(local) | 1_c1(local) | 1_c1(local) | 1_c1(local) | 1_c1(local)
1338,901,9.01,18.0,18,Stable,6_c3(global) | 5_c3(global) | 6_c3(global) | 5_c3(global) | 5_c3(global) | 5_c3(global) | 4_c2(vicinity) | 3_c2(vicinity) | 3_c2(vicinity) | 3_c2(vicinity) | 4_c2(vicinity) | 3_c2(vicinity) | 2_c1(local) | 2_c1(local) | 1_c1(local) | 1_c1(local) | 1_c1(local) | 1_c1(local)
1339,1061,10.61,18.0,18,Stable,6_c3(global) | 5_c3(global) | 6_c3(global) | 5_c3(global) | 5_c3(global) | 5_c3(global) | 4_c2(vicinity) | 3_c2(vicinity) | 3_c2(vicinity) | 3_c2(vicinity) | 4_c2(vicinity) | 3_c2(vicinity) | 2_c1(local) | 2_c1(local) | 1_c1(local) | 1_c1(local) | 1_c1(local) | 1_c1(local)
1340,1113,11.13,18.0,18,Stable,6_c3(global) | 5_c3(global) | 6_c3(global) | 5_c3(global) | 5_c3(global) | 5_c3(global) | 4_c2(vicinity) | 3_c2(vicinity) | 3_c2(vicinity) | 3_c2(vicinity) | 4_c2(vicinity) | 3_c2(vicinity) | 2_c1(local) | 2_c1(local) | 1_c1(local) | 1_c1(local) | 1_c1(local) | 1_c1(local)
1341,872,8.72,18.0,18,Stable,6_c3(global) | 5_c3(global) | 6_c3(global) | 5_c3(global) | 5_c3(global) | 5_c3(global) | 4_c2(vicinity) | 3_c2(vicinity) | 3_c2(vicinity) | 3_c2(vicinity) | 4_c2(vicinity) | 3_c2(vicinity) | 2_c1(local) | 2_c1(local) | 1_c1(local) | 1_c1(local) | 1_c1(local) | 1_c1(local)
1342,690,6.9,18.0,18,Stable,6_c3(global) | 5_c3(global) | 6_c3(global) | 5_c3(global) | 5_c3(global) | 5_c3(global) | 4_c2(vicinity) | 3_c2(vicinity) | 3_c2(vicinity) | 3_c2(vicinity) | 4_c2(vicinity) | 3_c2(vicinity) | 2_c1(local) | 2_c1(local) | 1_c1(local) | 1_c1(local) | 1_c1(local) | 1_c1(local)
1343,771,7.71,18.0,18,Stable,6_c3(global) | 5_c3(global) | 6_c3(global) | 5_c3(global) | 5_c3(global) | 5_c3(global) | 4_c2(vicinity) | 3_c2(vicinity) | 3_c2(vicinity) | 3_c2(vicinity) | 4_c2(vicinity) | 3_c2(vicinity) | 2_c1(local) | 2_c1(local) | 1_c1(local) | 1_c1(local) | 1_c1(local) | 1_c1(local)
1344,808,8.08,18.0,18,Stable,6_c3(global) | 5_c3(global) | 6_c3(global) | 5_c3(global) | 5_c3(global) | 5_c3(global) | 4_c2(vicinity) | 3_c2(vicinity) | 3_c2(vicinity) | 3_c2(vicinity) | 4_c2(vicinity) | 3_c2(vicinity) | 2_c1(local) | 2_c1(local) | 1_c1(local) | 1_c1(local) | 1_c1(local) | 1_c1(local)
1345,763,7.63,18.0,18,Stable,6_c3(global) | 5_c3(global) | 6_c3(global) | 5_c3(global) | 5_c3(global) | 5_c3(global) | 4_c2(vicinity) | 3_c2(vicinity) | 3_c2(vicinity) | 3_c2(vicinity) | 4_c2(vicinity) | 3_c2(vicinity) | 2_c1(local) | 2_c1(local) | 1_c1(local) | 1_c1(local) | 1_c1(local) | 1_c1(local)
1346,879,8.79,18.0,18,Stable,6_c3(global) | 5_c3(global) | 6_c3(global) | 5_c3(global) | 5_c3(global) | 5_c3(global) | 4_c2(vicinity) | 3_c2(vicinity) | 3_c2(vicinity) | 3_c2(vicinity) | 4_c2(vicinity) | 3_c2(vicinity) | 2_c1(local) | 2_c1(local) | 1_c1(local) | 1_c1(local) | 1_c1(local) | 1_c1(local)
1347,937,9.37,18.0,18,Stable,6_c3(global) | 5_c3(global) | 6_c3(global) | 5_c3(global) | 5_c3(global) | 5_c3(global) | 4_c2(vicinity) | 3_c2(vicinity) | 3_c2(vicinity) | 3_c2(vicinity) | 4_c2(vicinity) | 3_c2(vicinity) | 2_c1(local) | 2_c1(local) | 1_c1(local) | 1_c1(local) | 1_c1(local) | 1_c1(local)
1348,822,8.22,18.0,18,Stable,6_c3(global) | 5_c3(global) | 6_c3(global) | 5_c3(global) | 5_c3(global) | 5_c3(global) | 4_c2(vicinity) | 3_c2(vicinity) | 3_c2(vicinity) | 3_c2(vicinity) | 4_c2(vicinity) | 3_c2(vicinity) | 2_c1(local) | 2_c1(local) | 1_c1(local) | 1_c1(local) | 1_c1(local) | 1_c1(local)
1349,640,6.4,18.0,18,Stable,6_c3(global) | 5_c3(global) | 6_c3(global) | 5_c3(global) | 5_c3(global) | 5_c3(global) | 4_c2(vicinity) | 3_c2(vicinity) | 3_c2(vicinity) | 3_c2(vicinity) | 4_c2(vicinity) | 3_c2(vicinity) | 2_c1(local) | 2_c1(local) | 1_c1(local) | 1_c1(local) | 1_c1(local) | 1_c1(local)
1350,836,8.36,18.0,18,Stable,6_c3(global) | 5_c3(global) | 6_c3(global) | 5_c3(global) | 5_c3(global) | 5_c3(global) | 4_c2(vicinity) | 3_c2(vicinity) | 3_c2(vicinity) | 3_c2(vicinity) | 4_c2(vicinity) | 3_c2(vicinity) | 2_c1(local) | 2_c1(local) | 1_c1(local) | 1_c1(local) | 1_c1(local) | 1_c1(local)
1351,660,6.6,18.0,18,Stable,6_c3(global) | 5_c3(global) | 6_c3(global) | 5_c3(global) | 5_c3(global) | 5_c3(global) | 4_c2(vicinity) | 3_c2(vicinity) | 3_c2(vicinity) | 3_c2(vicinity) | 4_c2(vicinity) | 3_c2(vicinity) | 2_c1(local) | 2_c1(local) | 1_c1(local) | 1_c1(local) | 1_c1(local) | 1_c1(local)
1352,893,8.93,18.0,18,Stable,6_c3(global) | 5_c3(global) | 6_c3(global) | 5_c3(global) | 5_c3(global) | 5_c3(global) | 4_c2(vicinity) | 3_c2(vicinity) | 3_c2(vicinity) | 3_c2(vicinity) | 4_c2(vicinity) | 3_c2(vicinity) | 2_c1(local) | 2_c1(local) | 1_c1(local) | 1_c1(local) | 1_c1(local) | 1_c1(local)
1353,861,8.61,18.0,18,Stable,6_c3(global) | 5_c3(global) | 6_c3(global) | 5_c3(global) | 5_c3(global) | 5_c3(global) | 4_c2(vicinity) | 3_c2(vicinity) | 3_c2(vicinity) | 3_c2(vicinity) | 4_c2(vicinity) | 3_c2(vicinity) | 2_c1(local) | 2_c1(local) | 1_c1(local) | 1_c1(local) | 1_c1(local) | 1_c1(local)
1354,878,8.78,18.0,18,Stable,6_c3(global) | 5_c3(global) | 6_c3(global) | 5_c3(global) | 5_c3(global) | 5_c3(global) | 4_c2(vicinity) | 3_c2(vicinity) | 3_c2(vicinity) | 3_c2(vicinity) | 4_c2(vicinity) | 3_c2(vicinity) | 2_c1(local) | 2_c1(local) | 1_c1(local) | 1_c1(local) | 1_c1(local) | 1_c1(local)
1355,840,8.4,18.0,18,Stable,6_c3(global) | 5_c3(global) | 6_c3(global) | 5_c3(global) | 5_c3(global) | 5_c3(global) | 4_c2(vicinity) | 3_c2(vicinity) | 3_c2(vicinity) | 3_c2(vicinity) | 4_c2(vicinity) | 3_c2(vicinity) | 2_c1(local) | 2_c1(local) | 1_c1(local) | 1_c1(local) | 1_c1(local) | 1_c1(local)
1356,764,7.64,18.0,18,Stable,6_c3(global) | 5_c3(global) | 6_c3(global) | 5_c3(global) | 5_c3(global) | 5_c3(global) | 4_c2(vicinity) | 3_c2(vicinity) | 3_c2(vicinity) | 3_c2(vicinity) | 4_c2(vicinity) | 3_c2(vicinity) | 2_c1(local) | 2_c1(local) | 1_c1(local) | 1_c1(local) | 1_c1(local) | 1_c1(local)
1357,841,8.41,18.0,18,Stable,6_c3(global) | 5_c3(global) | 6_c3(global) | 5_c3(global) | 5_c3(global) | 5_c3(global) | 4_c2(vicinity) | 3_c2(vicinity) | 3_c2(vicinity) | 3_c2(vicinity) | 4_c2(vicinity) | 3_c2(vicinity) | 2_c1(local) | 2_c1(local) | 1_c1(local) | 1_c1(local) | 1_c1(local) | 1_c1(local)
1358,818,8.18,18.0,18,Stable,6_c3(global) | 5_c3(global) | 6_c3(global) | 5_c3(global) | 5_c3(global) | 5_c3(global) | 4_c2(vicinity) | 3_c2(vicinity) | 3_c2(vicinity) | 3_c2(vicinity) | 4_c2(vicinity) | 3_c2(vicinity) | 2_c1(local) | 2_c1(local) | 1_c1(local) | 1_c1(local) | 1_c1(local) | 1_c1(local)
1359,718,7.18,18.0,18,Stable,6_c3(global) | 5_c3(global) | 6_c3(global) | 5_c3(global) | 5_c3(global) | 5_c3(global) | 4_c2(vicinity) | 3_c2(vicinity) | 3_c2(vicinity) | 3_c2(vicinity) | 4_c2(vicinity) | 3_c2(vicinity) | 2_c1(local) | 2_c1(local) | 1_c1(local) | 1_c1(local) | 1_c1(local) | 1_c1(local)
1360,829,8.29,18.0,18,Stable,6_c3(global) | 5_c3(global) | 6_c3(global) | 5_c3(global) | 5_c3(global) | 5_c3(global) | 4_c2(vicinity) | 3_c2(vicinity) | 3_c2(vicinity) | 3_c2(vicinity) | 4_c2(vicinity) | 3_c2(vicinity) | 2_c1(local) | 2_c1(local) | 1_c1(local) | 1_c1(local) | 1_c1(local) | 1_c1(local)
1361,678,6.78,18.0,18,Stable,6_c3(global) | 5_c3(global) | 6_c3(global) | 5_c3(global) | 5_c3(global) | 5_c3(global) | 4_c2(vicinity) | 3_c2(vicinity) | 3_c2(vicinity) | 3_c2(vicinity) | 4_c2(vicinity) | 3_c2(vicinity) | 2_c1(local) | 2_c1(local) | 1_c1(local) | 1_c1(local) | 1_c1(local) | 1_c1(local)
1362,841,8.41,18.0,18,Stable,6_c3(global) | 5_c3(global) | 6_c3(global) | 5_c3(global) | 5_c3(global) | 5_c3(global) | 4_c2(vicinity) | 3_c2(vicinity) | 3_c2(vicinity) | 3_c2(vicinity) | 4_c2(vicinity) | 3_c2(vicinity) | 2_c1(local) | 2_c1(local) | 1_c1(local) | 1_c1(local) | 1_c1(local) | 1_c1(local)
1363,792,7.92,18.0,18,Stable,6_c3(global) | 5_c3(global) | 6_c3(global) | 5_c3(global) | 5_c3(global) | 5_c3(global) | 4_c2(vicinity) | 3_c2(vicinity) | 3_c2(vicinity) | 3_c2(vicinity) | 4_c2(vicinity) | 3_c2(vicinity) | 2_c1(local) | 2_c1(local) | 1_c1(local) | 1_c1(local) | 1_c1(local) | 1_c1(local)
1364,945,9.45,18.0,18,Stable,6_c3(global) | 5_c3(global) | 6_c3(global) | 5_c3(global) | 5_c3(global) | 5_c3(global) | 4_c2(vicinity) | 3_c2(vicinity) | 3_c2(vicinity) | 3_c2(vicinity) | 4_c2(vicinity) | 3_c2(vicinity) | 2_c1(local) | 2_c1(local) | 1_c1(local) | 1_c1(local) | 1_c1(local) | 1_c1(local)
1365,943,9.43,18.0,18,Stable,6_c3(global) | 5_c3(global) | 6_c3(global) | 5_c3(global) | 5_c3(global) | 5_c3(global) | 4_c2(vicinity) | 3_c2(vicinity) | 3_c2(vicinity) | 3_c2(vicinity) | 4_c2(vicinity) | 3_c2(vicinity) | 2_c1(local) | 2_c1(local) | 1_c1(local) | 1_c1(local) | 1_c1(local) | 1_c1(local)
1366,1120,11.2,18.0,18,Stable,6_c3(global) | 5_c3(global) | 6_c3(global) | 5_c3(global) | 5_c3(global) | 5_c3(global) | 4_c2(vicinity) | 3_c2(vicinity) | 3_c2(vicinity) | 3_c2(vicinity) | 4_c2(vicinity) | 3_c2(vicinity) | 2_c1(local) | 2_c1(local) | 1_c1(local) | 1_c1(local) | 1_c1(local) | 1_c1(local)
1367,1181,11.81,18.0,18,Stable,6_c3(global) | 5_c3(global) | 6_c3(global) | 5_c3(global) | 5_c3(global) | 5_c3(global) | 4_c2(vicinity) | 3_c2(vicinity) | 3_c2(vicinity) | 3_c2(vicinity) | 4_c2(vicinity) | 3_c2(vicinity) | 2_c1(local) | 2_c1(local) | 1_c1(local) | 1_c1(local) | 1_c1(local) | 1_c1(local)
1368,1089,10.89,18.0,18,Stable,6_c3(global) | 5_c3(global) | 6_c3(global) | 5_c3(global) | 5_c3(global) | 5_c3(global) | 4_c2(vicinity) | 3_c2(vicinity) | 3_c2(vicinity) | 3_c2(vicinity) | 4_c2(vicinity) | 3_c2(vicinity) | 2_c1(local) | 2_c1(local) | 1_c1(local) | 1_c1(local) | 1_c1(local) | 1_c1(local)
1369,958,9.58,18.0,18,Stable,6_c3(global) | 5_c3(global) | 6_c3(global) | 5_c3(global) | 5_c3(global) | 5_c3(global) | 4_c2(vicinity) | 3_c2(vicinity) | 3_c2(vicinity) | 3_c2(vicinity) | 4_c2(vicinity) | 3_c2(vicinity) | 2_c1(local) | 2_c1(local) | 1_c1(local) | 1_c1(local) | 1_c1(local) | 1_c1(local)
1370,1017,10.17,18.0,18,Stable,6_c3(global) | 5_c3(global) | 6_c3(global) | 5_c3(global) | 5_c3(global) | 5_c3(global) | 4_c2(vicinity) | 3_c2(vicinity) | 3_c2(vicinity) | 3_c2(vicinity) | 4_c2(vicinity) | 3_c2(vicinity) | 2_c1(local) | 2_c1(local) | 1_c1(local) | 1_c1(local) | 1_c1(local) | 1_c1(local)
1371,1116,11.16,18.0,18,Stable,6_c3(global) | 5_c3(global) | 6_c3(global) | 5_c3(global) | 5_c3(global) | 5_c3(global) | 4_c2(vicinity) | 3_c2(vicinity) | 3_c2(vicinity) | 3_c2(vicinity) | 4_c2(vicinity) | 3_c2(vicinity) | 2_c1(local) | 2_c1(local) | 1_c1(local) | 1_c1(local) | 1_c1(local) | 1_c1(local)
1372,1267,12.67,18.0,18,Stable,6_c3(global) | 5_c3(global) | 6_c3(global) | 5_c3(global) | 5_c3(global) | 5_c3(global) | 4_c2(vicinity) | 3_c2(vicinity) | 3_c2(vicinity) | 3_c2(vicinity) | 4_c2(vicinity) | 3_c2(vicinity) | 2_c1(local) | 2_c1(local) | 1_c1(local) | 1_c1(local) | 1_c1(local) | 1_c1(local)
1373,1411,14.11,18.0,18,Stable,6_c3(global) | 5_c3(global) | 6_c3(global) | 5_c3(global) | 5_c3(global) | 5_c3(global) | 4_c2(vicinity) | 3_c2(vicinity) | 3_c2(vicinity) | 3_c2(vicinity) | 4_c2(vicinity) | 3_c2(vicinity) | 2_c1(local) | 2_c1(local) | 1_c1(local) | 1_c1(local) | 1_c1(local) | 1_c1(local)
1374,1122,11.22,18.0,18,Stable,6_c3(global) | 5_c3(global) | 6_c3(global) | 5_c3(global) | 5_c3(global) | 5_c3(global) | 4_c2(vicinity) | 3_c2(vicinity) | 3_c2(vicinity) | 3_c2(vicinity) | 4_c2(vicinity) | 3_c2(vicinity) | 2_c1(local) | 2_c1(local) | 1_c1(local) | 1_c1(local) | 1_c1(local) | 1_c1(local)
1375,1034,10.34,18.0,18,Stable,6_c3(global) | 5_c3(global) | 6_c3(global) | 5_c3(global) | 5_c3(global) | 5_c3(global) | 4_c2(vicinity) | 3_c2(vicinity) | 3_c2(vicinity) | 3_c2(vicinity) | 4_c2(vicinity) | 3_c2(vicinity) | 2_c1(local) | 2_c1(local) | 1_c1(local) | 1_c1(local) | 1_c1(local) | 1_c1(local)
1376,1163,11.63,18.0,18,Stable,6_c3(global) | 5_c3(global) | 6_c3(global) | 5_c3(global) | 5_c3(global) | 5_c3(global) | 4_c2(vicinity) | 3_c2(vicinity) | 3_c2(vicinity) | 3_c2(vicinity) | 4_c2(vicinity) | 3_c2(vicinity) | 2_c1(local) | 2_c1(local) | 1_c1(local) | 1_c1(local) | 1_c1(local) | 1_c1(local)
1377,1087,10.87,18.0,18,Stable,6_c3(global) | 5_c3(global) | 6_c3(global) | 5_c3(global) | 5_c3(global) | 5_c3(global) | 4_c2(vicinity) | 3_c2(vicinity) | 3_c2(vicinity) | 3_c2(vicinity) | 4_c2(vicinity) | 3_c2(vicinity) | 2_c1(local) | 2_c1(local) | 1_c1(local) | 1_c1(local) | 1_c1(local) | 1_c1(local)
1378,843,8.43,18.0,18,Stable,6_c3(global) | 5_c3(global) | 6_c3(global) | 5_c3(global) | 5_c3(global) | 5_c3(global) | 4_c2(vicinity) | 3_c2(vicinity) | 3_c2(vicinity) | 3_c2(vicinity) | 4_c2(vicinity) | 3_c2(vicinity) | 2_c1(local) | 2_c1(local) | 1_c1(local) | 1_c1(local) | 1_c1(local) | 1_c1(local)
1379,1059,10.59,18.0,18,Stable,6_c3(global) | 5_c3(global) | 6_c3(global) | 5_c3(global) | 5_c3(global) | 5_c3(global) | 4_c2(vicinity) | 3_c2(vicinity) | 3_c2(vicinity) | 3_c2(vicinity) | 4_c2(vicinity) | 3_c2(vicinity) | 2_c1(local) | 2_c1(local) | 1_c1(local) | 1_c1(local) | 1_c1(local) | 1_c1(local)
1380,1103,11.03,18.0,18,Stable,6_c3(global) | 5_c3(global) | 6_c3(global) | 5_c3(global) | 5_c3(global) | 5_c3(global) | 4_c2(vicinity) | 3_c2(vicinity) | 3_c2(vicinity) | 3_c2(vicinity) | 4_c2(vicinity) | 3_c2(vicinity) | 2_c1(local) | 2_c1(local) | 1_c1(local) | 1_c1(local) | 1_c1(local) | 1_c1(local)
1381,966,9.66,18.0,18,Stable,6_c3(global) | 5_c3(global) | 6_c3(global) | 5_c3(global) | 5_c3(global) | 5_c3(global) | 4_c2(vicinity) | 3_c2(vicinity) | 3_c2(vicinity) | 3_c2(vicinity) | 4_c2(vicinity) | 3_c2(vicinity) | 2_c1(local) | 2_c1(local) | 1_c1(local) | 1_c1(local) | 1_c1(local) | 1_c1(local)
1382,872,8.72,18.0,18,Stable,6_c3(global) | 5_c3(global) | 6_c3(global) | 5_c3(global) | 5_c3(global) | 5_c3(global) | 4_c2(vicinity) | 3_c2(vicinity) | 3_c2(vicinity) | 3_c2(vicinity) | 4_c2(vicinity) | 3_c2(vicinity) | 2_c1(local) | 2_c1(local) | 1_c1(local) | 1_c1(local) | 1_c1(local) | 1_c1(local)
1383,920,9.2,18.0,18,Stable,6_c3(global) | 5_c3(global) | 6_c3(global) | 5_c3(global) | 5_c3(global) | 5_c3(global) | 4_c2(vicinity) | 3_c2(vicinity) | 3_c2(vicinity) | 3_c2(vicinity) | 4_c2(vicinity) | 3_c2(vicinity) | 2_c1(local) | 2_c1(local) | 1_c1(local) | 1_c1(local) | 1_c1(local) | 1_c1(local)
1384,847,8.47,18.0,18,Stable,6_c3(global) | 5_c3(global) | 6_c3(global) | 5_c3(global) | 5_c3(global) | 5_c3(global) | 4_c2(vicinity) | 3_c2(vicinity) | 3_c2(vicinity) | 3_c2(vicinity) | 4_c2(vicinity) | 3_c2(vicinity) | 2_c1(local) | 2_c1(local) | 1_c1(local) | 1_c1(local) | 1_c1(local) | 1_c1(local)
1385,879,8.79,18.0,18,Stable,6_c3(global) | 5_c3(global) | 6_c3(global) | 5_c3(global) | 5_c3(global) | 5_c3(global) | 4_c2(vicinity) | 3_c2(vicinity) | 3_c2(vicinity) | 3_c2(vicinity) | 4_c2(vicinity) | 3_c2(vicinity) | 2_c1(local) | 2_c1(local) | 1_c1(local) | 1_c1(local) | 1_c1(local) | 1_c1(local)
1386,873,8.73,18.0,18,Stable,6_c3(global) | 5_c3(global) | 6_c3(global) | 5_c3(global) | 5_c3(global) | 5_c3(global) | 4_c2(vicinity) | 3_c2(vicinity) | 3_c2(vicinity) | 3_c2(vicinity) | 4_c2(vicinity) | 3_c2(vicinity) | 2_c1(local) | 2_c1(local) | 1_c1(local) | 1_c1(local) | 1_c1(local) | 1_c1(local)
1387,856,8.56,18.0,18,Stable,6_c3(global) | 5_c3(global) | 6_c3(global) | 5_c3(global) | 5_c3(global) | 5_c3(global) | 4_c2(vicinity) | 3_c2(vicinity) | 3_c2(vicinity) | 3_c2(vicinity) | 4_c2(vicinity) | 3_c2(vicinity) | 2_c1(local) | 2_c1(local) | 1_c1(local) | 1_c1(local) | 1_c1(local) | 1_c1(local)
1388,996,9.96,18.0,18,Stable,6_c3(global) | 5_c3(global) | 6_c3(global) | 5_c3(global) | 5_c3(global) | 5_c3(global) | 4_c2(vicinity) | 3_c2(vicinity) | 3_c2(vicinity) | 3_c2(vicinity) | 4_c2(vicinity) | 3_c2(vicinity) | 2_c1(local) | 2_c1(local) | 1_c1(local) | 1_c1(local) | 1_c1(local) | 1_c1(local)
1389,910,9.1,18.0,18,Stable,6_c3(global) | 5_c3(global) | 6_c3(global) | 5_c3(global) | 5_c3(global) | 5_c3(global) | 4_c2(vicinity) | 3_c2(vicinity) | 3_c2(vicinity) | 3_c2(vicinity) | 4_c2(vicinity) | 3_c2(vicinity) | 2_c1(local) | 2_c1(local) | 1_c1(local) | 1_c1(local) | 1_c1(local) | 1_c1(local)
1390,829,8.29,18.0,18,Stable,6_c3(global) | 5_c3(global) | 6_c3(global) | 5_c3(global) | 5_c3(global) | 5_c3(global) | 4_c2(vicinity) | 3_c2(vicinity) | 3_c2(vicinity) | 3_c2(vicinity) | 4_c2(vicinity) | 3_c2(vicinity) | 2_c1(local) | 2_c1(local) | 1_c1(local) | 1_c1(local) | 1_c1(local) | 1_c1(local)
1391,877,8.77,18.0,18,Stable,6_c3(global) | 5_c3(global) | 6_c3(global) | 5_c3(global) | 5_c3(global) | 5_c3(global) | 4_c2(vicinity) | 3_c2(vicinity) | 3_c2(vicinity) | 3_c2(vicinity) | 4_c2(vicinity) | 3_c2(vicinity) | 2_c1(local) | 2_c1(local) | 1_c1(local) | 1_c1(local) | 1_c1(local) | 1_c1(local)
1392,607,6.07,18.0,18,Stable,6_c3(global) | 5_c3(global) | 6_c3(global) | 5_c3(global) | 5_c3(global) | 5_c3(global) | 4_c2(vicinity) | 3_c2(vicinity) | 3_c2(vicinity) | 3_c2(vicinity) | 4_c2(vicinity) | 3_c2(vicinity) | 2_c1(local) | 2_c1(local) | 1_c1(local) | 1_c1(local) | 1_c1(local) | 1_c1(local)
1393,566,5.66,18.0,18,Stable,6_c3(global) | 5_c3(global) | 6_c3(global) | 5_c3(global) | 5_c3(global) | 5_c3(global) | 4_c2(vicinity) | 3_c2(vicinity) | 3_c2(vicinity) | 3_c2(vicinity) | 4_c2(vicinity) | 3_c2(vicinity) | 2_c1(local) | 2_c1(local) | 1_c1(local) | 1_c1(local) | 1_c1(local) | 1_c1(local)
1394,658,6.58,18.0,18,Stable,6_c3(global) | 5_c3(global) | 6_c3(global) | 5_c3(global) | 5_c3(global) | 5_c3(global) | 4_c2(vicinity) | 3_c2(vicinity) | 3_c2(vicinity) | 3_c2(vicinity) | 4_c2(vicinity) | 3_c2(vicinity) | 2_c1(local) | 2_c1(local) | 1_c1(local) | 1_c1(local) | 1_c1(local) | 1_c1(local)
1395,714,7.14,18.0,18,Stable,6_c3(global) | 5_c3(global) | 6_c3(global) | 5_c3(global) | 5_c3(global) | 5_c3(global) | 4_c2(vicinity) | 3_c2(vicinity) | 3_c2(vicinity) | 3_c2(vicinity) | 4_c2(vicinity) | 3_c2(vicinity) | 2_c1(local) | 2_c1(local) | 1_c1(local) | 1_c1(local) | 1_c1(local) | 1_c1(local)
1396,874,8.74,18.0,18,Stable,6_c3(global) | 5_c3(global) | 6_c3(global) | 5_c3(global) | 5_c3(global) | 5_c3(global) | 4_c2(vicinity) | 3_c2(vicinity) | 3_c2(vicinity) | 3_c2(vicinity) | 4_c2(vicinity) | 3_c2(vicinity) | 2_c1(local) | 2_c1(local) | 1_c1(local) | 1_c1(local) | 1_c1(local) | 1_c1(local)
1397,808,8.08,18.0,18,Stable,6_c3(global) | 5_c3(global) | 6_c3(global) | 5_c3(global) | 5_c3(global) | 5_c3(global) | 4_c2(vicinity) | 3_c2(vicinity) | 3_c2(vicinity) | 3_c2(vicinity) | 4_c2(vicinity) | 3_c2(vicinity) | 2_c1(local) | 2_c1(local) | 1_c1(local) | 1_c1(local) | 1_c1(local) | 1_c1(local)
1398,697,6.97,18.0,18,Stable,6_c3(global) | 5_c3(global) | 6_c3(global) | 5_c3(global) | 5_c3(global) | 5_c3(global) | 4_c2(vicinity) | 3_c2(vicinity) | 3_c2(vicinity) | 3_c2(vicinity) | 4_c2(vicinity) | 3_c2(vicinity) | 2_c1(local) | 2_c1(local) | 1_c1(local) | 1_c1(local) | 1_c1(local) | 1_c1(local)
1399,796,7.96,18.0,18,Stable,6_c3(global) | 5_c3(global) | 6_c3(global) | 5_c3(global) | 5_c3(global) | 5_c3(global) | 4_c2(vicinity) | 3_c2(vicinity) | 3_c2(vicinity) | 3_c2(vicinity) | 4_c2(vicinity) | 3_c2(vicinity) | 2_c1(local) | 2_c1(local) | 1_c1(local) | 1_c1(local) | 1_c1(local) | 1_c1(local)
1400,783,7.83,18.0,18,Stable,6_c3(global) | 5_c3(global) | 6_c3(global) | 5_c3(global) | 5_c3(global) | 5_c3(global) | 4_c2(vicinity) | 3_c2(vicinity) | 3_c2(vicinity) | 3_c2(vicinity) | 4_c2(vicinity) | 3_c2(vicinity) | 2_c1(local) | 2_c1(local) | 1_c1(local) | 1_c1(local) | 1_c1(local) | 1_c1(local)
1401,779,7.79,18.0,18,Stable,6_c3(global) | 5_c3(global) | 6_c3(global) | 5_c3(global) | 5_c3(global) | 5_c3(global) | 4_c2(vicinity) | 3_c2(vicinity) | 3_c2(vicinity) | 3_c2(vicinity) | 4_c2(vicinity) | 3_c2(vicinity) | 2_c1(local) | 2_c1(local) | 1_c1(local) | 1_c1(local) | 1_c1(local) | 1_c1(local)
1402,903,9.03,18.0,18,Stable,6_c3(global) | 5_c3(global) | 6_c3(global) | 5_c3(global) | 5_c3(global) | 5_c3(global) | 4_c2(vicinity) | 3_c2(vicinity) | 3_c2(vicinity) | 3_c2(vicinity) | 4_c2(vicinity) | 3_c2(vicinity) | 2_c1(local) | 2_c1(local) | 1_c1(local) | 1_c1(local) | 1_c1(local) | 1_c1(local)
1403,703,7.03,18.0,18,Stable,6_c3(global) | 5_c3(global) | 6_c3(global) | 5_c3(global) | 5_c3(global) | 5_c3(global) | 4_c2(vicinity) | 3_c2(vicinity) | 3_c2(vicinity) | 3_c2(vicinity) | 4_c2(vicinity) | 3_c2(vicinity) | 2_c1(local) | 2_c1(local) | 1_c1(local) | 1_c1(local) | 1_c1(local) | 1_c1(local)
1404,615,6.15,18.0,18,Stable,6_c3(global) | 5_c3(global) | 6_c3(global) | 5_c3(global) | 5_c3(global) | 5_c3(global) | 4_c2(vicinity) | 3_c2(vicinity) | 3_c2(vicinity) | 3_c2(vicinity) | 4_c2(vicinity) | 3_c2(vicinity) | 2_c1(local) | 2_c1(local) | 1_c1(local) | 1_c1(local) | 1_c1(local) | 1_c1(local)
1405,791,7.91,18.0,18,Stable,6_c3(global) | 5_c3(global) | 6_c3(global) | 5_c3(global) | 5_c3(global) | 5_c3(global) | 4_c2(vicinity) | 3_c2(vicinity) | 3_c2(vicinity) | 3_c2(vicinity) | 4_c2(vicinity) | 3_c2(vicinity) | 2_c1(local) | 2_c1(local) | 1_c1(local) | 1_c1(local) | 1_c1(local) | 1_c1(local)
1406,731,7.31,18.0,18,Stable,6_c3(global) | 5_c3(global) | 6_c3(global) | 5_c3(global) | 5_c3(global) | 5_c3(global) | 4_c2(vicinity) | 3_c2(vicinity) | 3_c2(vicinity) | 3_c2(vicinity) | 4_c2(vicinity) | 3_c2(vicinity) | 2_c1(local) | 2_c1(local) | 1_c1(local) | 1_c1(local) | 1_c1(local) | 1_c1(local)
1407,703,7.03,18.0,18,Stable,6_c3(global) | 5_c3(global) | 6_c3(global) | 5_c3(global) | 5_c3(global) | 5_c3(global) | 4_c2(vicinity) | 3_c2(vicinity) | 3_c2(vicinity) | 3_c2(vicinity) | 4_c2(vicinity) | 3_c2(vicinity) | 2_c1(local) | 2_c1(local) | 1_c1(local) | 1_c1(local) | 1_c1(local) | 1_c1(local)
1408,709,7.09,18.0,18,Stable,6_c3(global) | 5_c3(global) | 6_c3(global) | 5_c3(global) | 5_c3(global) | 5_c3(global) | 4_c2(vicinity) | 3_c2(vicinity) | 3_c2(vicinity) | 3_c2(vicinity) | 4_c2(vicinity) | 3_c2(vicinity) | 2_c1(local) | 2_c1(local) | 1_c1(local) | 1_c1(local) | 1_c1(local) | 1_c1(local)
1409,479,4.79,18.0,18,Stable,6_c3(global) | 5_c3(global) | 6_c3(global) | 5_c3(global) | 5_c3(global) | 5_c3(global) | 4_c2(vicinity) | 3_c2(vicinity) | 3_c2(vicinity) | 3_c2(vicinity) | 4_c2(vicinity) | 3_c2(vicinity) | 2_c1(local) | 2_c1(local) | 1_c1(local) | 1_c1(local) | 1_c1(local) | 1_c1(local)
1410,560,5.6,18.0,18,Stable,6_c3(global) | 5_c3(global) | 6_c3(global) | 5_c3(global) | 5_c3(global) | 5_c3(global) | 4_c2(vicinity) | 3_c2(vicinity) | 3_c2(vicinity) | 3_c2(vicinity) | 4_c2(vicinity) | 3_c2(vicinity) | 2_c1(local) | 2_c1(local) | 1_c1(local) | 1_c1(local) | 1_c1(local) | 1_c1(local)
1411,347,3.47,18.0,18,Stable,6_c3(global) | 5_c3(global) | 6_c3(global) | 5_c3(global) | 5_c3(global) | 5_c3(global) | 4_c2(vicinity) | 3_c2(vicinity) | 3_c2(vicinity) | 3_c2(vicinity) | 4_c2(vicinity) | 3_c2(vicinity) | 2_c1(local) | 2_c1(local) | 1_c1(local) | 1_c1(local) | 1_c1(local) | 1_c1(local)
1412,363,3.63,18.0,18,Stable,6_c3(global) | 5_c3(global) | 6_c3(global) | 5_c3(global) | 5_c3(global) | 5_c3(global) | 4_c2(vicinity) | 3_c2(vicinity) | 3_c2(vicinity) | 3_c2(vicinity) | 4_c2(vicinity) | 3_c2(vicinity) | 2_c1(local) | 2_c1(local) | 1_c1(local) | 1_c1(local) | 1_c1(local) | 1_c1(local)
1413,575,5.75,18.0,18,Stable,6_c3(global) | 5_c3(global) | 6_c3(global) | 5_c3(global) | 5_c3(global) | 5_c3(global) | 4_c2(vicinity) | 3_c2(vicinity) | 3_c2(vicinity) | 3_c2(vicinity) | 4_c2(vicinity) | 3_c2(vicinity) | 2_c1(local) | 2_c1(local) | 1_c1(local) | 1_c1(local) | 1_c1(local) | 1_c1(local)
1414,773,7.73,18.0,18,Stable,6_c3(global) | 5_c3(global) | 6_c3(global) | 5_c3(global) | 5_c3(global) | 5_c3(global) | 4_c2(vicinity) | 3_c2(vicinity) | 3_c2(vicinity) | 3_c2(vicinity) | 4_c2(vicinity) | 3_c2(vicinity) | 2_c1(local) | 2_c1(local) | 1_c1(local) | 1_c1(local) | 1_c1(local) | 1_c1(local)
1415,778,7.78,18.0,18,Stable,6_c3(global) | 5_c3(global) | 6_c3(global) | 5_c3(global) | 5_c3(global) | 5_c3(global) | 4_c2(vicinity) | 3_c2(vicinity) | 3_c2(vicinity) | 3_c2(vicinity) | 4_c2(vicinity) | 3_c2(vicinity) | 2_c1(local) | 2_c1(local) | 1_c1(local) | 1_c1(local) | 1_c1(local) | 1_c1(local)
1416,555,5.55,18.0,18,Stable,6_c3(global) | 5_c3(global) | 6_c3(global) | 5_c3(global) | 5_c3(global) | 5_c3(global) | 4_c2(vicinity) | 3_c2(vicinity) | 3_c2(vicinity) | 3_c2(vicinity) | 4_c2(vicinity) | 3_c2(vicinity) | 2_c1(local) | 2_c1(local) | 1_c1(local) | 1_c1(local) | 1_c1(local) | 1_c1(local)
1417,473,4.73,18.0,18,Stable,6_c3(global) | 5_c3(global) | 6_c3(global) | 5_c3(global) | 5_c3(global) | 5_c3(global) | 4_c2(vicinity) | 3_c2(vicinity) | 3_c2(vicinity) | 3_c2(vicinity) | 4_c2(vicinity) | 3_c2(vicinity) | 2_c1(local) | 2_c1(local) | 1_c1(local) | 1_c1(local) | 1_c1(local) | 1_c1(local)
1418,660,6.6,18.0,18,Stable,6_c3(global) | 5_c3(global) | 6_c3(global) | 5_c3(global) | 5_c3(global) | 5_c3(global) | 4_c2(vicinity) | 3_c2(vicinity) | 3_c2(vicinity) | 3_c2(vicinity) | 4_c2(vicinity) | 3_c2(vicinity) | 2_c1(local) | 2_c1(local) | 1_c1(local) | 1_c1(local) | 1_c1(local) | 1_c1(local)
1419,526,5.26,18.0,18,Stable,6_c3(global) | 5_c3(global) | 6_c3(global) | 5_c3(global) | 5_c3(global) | 5_c3(global) | 4_c2(vicinity) | 3_c2(vicinity) | 3_c2(vicinity) | 3_c2(vicinity) | 4_c2(vicinity) | 3_c2(vicinity) | 2_c1(local) | 2_c1(local) | 1_c1(local) | 1_c1(local) | 1_c1(local) | 1_c1(local)
1420,685,6.85,18.0,18,Stable,6_c3(global) | 5_c3(global) | 6_c3(global) | 5_c3(global) | 5_c3(global) | 5_c3(global) | 4_c2(vicinity) | 3_c2(vicinity) | 3_c2(vicinity) | 3_c2(vicinity) | 4_c2(vicinity) | 3_c2(vicinity) | 2_c1(local) | 2_c1(local) | 1_c1(local) | 1_c1(local) | 1_c1(local) | 1_c1(local)
1421,465,4.65,18.0,18,Stable,6_c3(global) | 5_c3(global) | 6_c3(global) | 5_c3(global) | 5_c3(global) | 5_c3(global) | 4_c2(vicinity) | 3_c2(vicinity) | 3_c2(vicinity) | 3_c2(vicinity) | 4_c2(vicinity) | 3_c2(vicinity) | 2_c1(local) | 2_c1(local) | 1_c1(local) | 1_c1(local) | 1_c1(local) | 1_c1(local)
1422,481,4.81,18.0,18,Stable,6_c3(global) | 5_c3(global) | 6_c3(global) | 5_c3(global) | 5_c3(global) | 5_c3(global) | 4_c2(vicinity) | 3_c2(vicinity) | 3_c2(vicinity) | 3_c2(vicinity) | 4_c2(vicinity) | 3_c2(vicinity) | 2_c1(local) | 2_c1(local) | 1_c1(local) | 1_c1(local) | 1_c1(local) | 1_c1(local)
1423,497,4.97,18.0,18,Stable,6_c3(global) | 5_c3(global) | 6_c3(global) | 5_c3(global) | 5_c3(global) | 5_c3(global) | 4_c2(vicinity) | 3_c2(vicinity) | 3_c2(vicinity) | 3_c2(vicinity) | 4_c2(vicinity) | 3_c2(vicinity) | 2_c1(local) | 2_c1(local) | 1_c1(local) | 1_c1(local) | 1_c1(local) | 1_c1(local)
1424,562,5.62,18.0,18,Stable,6_c3(global) | 5_c3(global) | 6_c3(global) | 5_c3(global) | 5_c3(global) | 5_c3(global) | 4_c2(vicinity) | 3_c2(vicinity) | 3_c2(vicinity) | 3_c2(vicinity) | 4_c2(vicinity) | 3_c2(vicinity) | 2_c1(local) | 2_c1(local) | 1_c1(local) | 1_c1(local) | 1_c1(local) | 1_c1(local)
1425,520,5.2,18.0,18,Stable,6_c3(global) | 5_c3(global) | 6_c3(global) | 5_c3(global) | 5_c3(global) | 5_c3(global) | 4_c2(vicinity) | 3_c2(vicinity) | 3_c2(vicinity) | 3_c2(vicinity) | 4_c2(vicinity) | 3_c2(vicinity) | 2_c1(local) | 2_c1(local) | 1_c1(local) | 1_c1(local) | 1_c1(local) | 1_c1(local)
1426,528,5.28,18.0,18,Stable,6_c3(global) | 5_c3(global) | 6_c3(global) | 5_c3(global) | 5_c3(global) | 5_c3(global) | 4_c2(vicinity) | 3_c2(vicinity) | 3_c2(vicinity) | 3_c2(vicinity) | 4_c2(vicinity) | 3_c2(vicinity) | 2_c1(local) | 2_c1(local) | 1_c1(local) | 1_c1(local) | 1_c1(local) | 1_c1(local)
1427,581,5.81,18.0,18,Stable,6_c3(global) | 5_c3(global) | 6_c3(global) | 5_c3(global) | 5_c3(global) | 5_c3(global) | 4_c2(vicinity) | 3_c2(vicinity) | 3_c2(vicinity) | 3_c2(vicinity) | 4_c2(vicinity) | 3_c2(vicinity) | 2_c1(local) | 2_c1(local) | 1_c1(local) | 1_c1(local) | 1_c1(local) | 1_c1(local)
1428,686,6.86,18.0,18,Stable,6_c3(global) | 5_c3(global) | 6_c3(global) | 5_c3(global) | 5_c3(global) | 5_c3(global) | 4_c2(vicinity) | 3_c2(vicinity) | 3_c2(vicinity) | 3_c2(vicinity) | 4_c2(vicinity) | 3_c2(vicinity) | 2_c1(local) | 2_c1(local) | 1_c1(local) | 1_c1(local) | 1_c1(local) | 1_c1(local)
1429,457,4.57,18.0,18,Stable,6_c3(global) | 5_c3(global) | 6_c3(global) | 5_c3(global) | 5_c3(global) | 5_c3(global) | 4_c2(vicinity) | 3_c2(vicinity) | 3_c2(vicinity) | 3_c2(vicinity) | 4_c2(vicinity) | 3_c2(vicinity) | 2_c1(local) | 2_c1(local) | 1_c1(local) | 1_c1(local) | 1_c1(local) | 1_c1(local)
1430,538,5.38,18.0,18,Stable,6_c3(global) | 5_c3(global) | 6_c3(global) | 5_c3(global) | 5_c3(global) | 5_c3(global) | 4_c2(vicinity) | 3_c2(vicinity) | 3_c2(vicinity) | 3_c2(vicinity) | 4_c2(vicinity) | 3_c2(vicinity) | 2_c1(local) | 2_c1(local) | 1_c1(local) | 1_c1(local) | 1_c1(local) | 1_c1(local)
1431,539,5.39,18.0,18,Stable,6_c3(global) | 5_c3(global) | 6_c3(global) | 5_c3(global) | 5_c3(global) | 5_c3(global) | 4_c2(vicinity) | 3_c2(vicinity) | 3_c2(vicinity) | 3_c2(vicinity) | 4_c2(vicinity) | 3_c2(vicinity) | 2_c1(local) | 2_c1(local) | 1_c1(local) | 1_c1(local) | 1_c1(local) | 1_c1(local)
1432,576,5.76,18.0,18,Stable,6_c3(global) | 5_c3(global) | 6_c3(global) | 5_c3(global) | 5_c3(global) | 5_c3(global) | 4_c2(vicinity) | 3_c2(vicinity) | 3_c2(vicinity) | 3_c2(vicinity) | 4_c2(vicinity) | 3_c2(vicinity) | 2_c1(local) | 2_c1(local) | 1_c1(local) | 1_c1(local) | 1_c1(local) | 1_c1(local)
1433,615,6.15,18.0,18,Stable,6_c3(global) | 5_c3(global) | 6_c3(global) | 5_c3(global) | 5_c3(global) | 5_c3(global) | 4_c2(vicinity) | 3_c2(vicinity) | 3_c2(vicinity) | 3_c2(vicinity) | 4_c2(vicinity) | 3_c2(vicinity) | 2_c1(local) | 2_c1(local) | 1_c1(local) | 1_c1(local) | 1_c1(local) | 1_c1(local)
1434,429,4.29,18.0,18,Stable,6_c3(global) | 5_c3(global) | 6_c3(global) | 5_c3(global) | 5_c3(global) | 5_c3(global) | 4_c2(vicinity) | 3_c2(vicinity) | 3_c2(vicinity) | 3_c2(vicinity) | 4_c2(vicinity) | 3_c2(vicinity) | 2_c1(local) | 2_c1(local) | 1_c1(local) | 1_c1(local) | 1_c1(local) | 1_c1(local)
1435,432,4.32,18.0,18,Stable,6_c3(global) | 5_c3(global) | 6_c3(global) | 5_c3(global) | 5_c3(global) | 5_c3(global) | 4_c2(vicinity) | 3_c2(vicinity) | 3_c2(vicinity) | 3_c2(vicinity) | 4_c2(vicinity) | 3_c2(vicinity) | 2_c1(local) | 2_c1(local) | 1_c1(local) | 1_c1(local) | 1_c1(local) | 1_c1(local)
1436,354,3.54,18.0,18,Stable,6_c3(global) | 5_c3(global) | 6_c3(global) | 5_c3(global) | 5_c3(global) | 5_c3(global) | 4_c2(vicinity) | 3_c2(vicinity) | 3_c2(vicinity) | 3_c2(vicinity) | 4_c2(vicinity) | 3_c2(vicinity) | 2_c1(local) | 2_c1(local) | 1_c1(local) | 1_c1(local) | 1_c1(local) | 1_c1(local)
1437,420,4.2,18.0,18,Stable,6_c3(global) | 5_c3(global) | 6_c3(global) | 5_c3(global) | 5_c3(global) | 5_c3(global) | 4_c2(vicinity) | 3_c2(vicinity) | 3_c2(vicinity) | 3_c2(vicinity) | 4_c2(vicinity) | 3_c2(vicinity) | 2_c1(local) | 2_c1(local) | 1_c1(local) | 1_c1(local) | 1_c1(local) | 1_c1(local)
1438,400,4.0,18.0,18,Stable,6_c3(global) | 5_c3(global) | 6_c3(global) | 5_c3(global) | 5_c3(global) | 5_c3(global) | 4_c2(vicinity) | 3_c2(vicinity) | 3_c2(vicinity) | 3_c2(vicinity) | 4_c2(vicinity) | 3_c2(vicinity) | 2_c1(local) | 2_c1(local) | 1_c1(local) | 1_c1(local) | 1_c1(local) | 1_c1(local)
1439,503,5.03,18.0,18,Stable,6_c3(global) | 5_c3(global) | 6_c3(global) | 5_c3(global) | 5_c3(global) | 5_c3(global) | 4_c2(vicinity) | 3_c2(vicinity) | 3_c2(vicinity) | 3_c2(vicinity) | 4_c2(vicinity) | 3_c2(vicinity) | 2_c1(local) | 2_c1(local) | 1_c1(local) | 1_c1(local) | 1_c1(local) | 1_c1(local)
1440,430,4.3,18.0,18,Stable,6_c3(global) | 5_c3(global) | 6_c3(global) | 5_c3(global) | 5_c3(global) | 5_c3(global) | 4_c2(vicinity) | 3_c2(vicinity) | 3_c2(vicinity) | 3_c2(vicinity) | 4_c2(vicinity) | 3_c2(vicinity) | 2_c1(local) | 2_c1(local) | 1_c1(local) | 1_c1(local) | 1_c1(local) | 1_c1(local)
